id,year,sheep_afflicted,sheep_treated,sheep_death_disease,sheep_death_other,sheep_vac_total,sheep_vac_anthrax,sheep_vac_blackleg,sheep_vac_pleuro_pneumonia,sheep_vac_hemorrhagic_septicemia,sheep_vac_rinderpest,sheep_vac_other,total_deaths,male_deaths,female_deaths,
0,2003,2671938,322280,0,0,1133056,0,0,0,0,0,0,2058296,0,0
1,2003,77786,21597,0,0,217466,0,0,0,0,0,0,55034,0,0
2,2003,11508,6189,0,0,13077,0,0,0,0,0,0,7080,0,0
3,2003,15826,3597,0,0,31738,0,0,0,0,0,0,11552,0,0
4,2003,35599,8030,0,0,117529,0,0,0,0,0,0,24830,0,0
5,2003,10860,1432,0,0,48943,0,0,0,0,0,0,9833,0,0
6,2003,3992,2349,0,0,6179,0,0,0,0,0,0,1739,0,0
7,2003,108766,2673,0,0,3082,0,0,0,0,0,0,85218,0,0
8,2003,34802,243,0,0,930,0,0,0,0,0,0,28688,0,0
9,2003,73964,2430,0,0,2152,0,0,0,0,0,0,56531,0,0
10,2003,834559,127891,0,0,505745,0,0,0,0,0,0,653195,0,0
11,2003,68308,7517,0,0,33550,0,0,0,0,0,0,50480,0,0
12,2003,88764,9569,0,0,15664,0,0,0,0,0,0,76665,0,0
13,2003,133413,13008,0,0,1643,0,0,0,0,0,0,101101,0,0
14,2003,175386,26297,0,0,208691,0,0,0,0,0,0,142522,0,0
15,2003,92477,14534,0,0,102494,0,0,0,0,0,0,76048,0,0
16,2003,137323,22517,0,0,117198,0,0,0,0,0,0,101312,0,0
17,2003,74309,15363,0,0,10519,0,0,0,0,0,0,55375,0,0
18,2003,4910,1558,0,0,5874,0,0,0,0,0,0,3363,0,0
19,2003,58022,17528,0,0,8978,0,0,0,0,0,0,45066,0,0
20,2003,1648,0,0,0,1134,0,0,0,0,0,0,1264,0,0
21,2003,1129746,136419,0,0,327868,0,0,0,0,0,0,879757,0,0
22,2003,27919,10199,0,0,1228,0,0,0,0,0,0,15103,0,0
23,2003,49064,10298,0,0,8548,0,0,0,0,0,0,39701,0,0
24,2003,58519,7489,0,0,2710,0,0,0,0,0,0,41352,0,0
25,2003,101354,8208,0,0,0,0,0,0,0,0,0,71140,0,0
26,2003,147579,13526,0,0,67050,0,0,0,0,0,0,120452,0,0
15,2003,153432,24153,0,0,74751,0,0,0,0,0,0,121969,0,0
27,2003,52601,5818,0,0,20270,0,0,0,0,0,0,45199,0,0
28,2003,296973,29410,0,0,105753,0,0,0,0,0,0,244748,0,0
29,2003,11347,1734,0,0,10323,0,0,0,0,0,0,6451,0,0
30,2003,12856,3223,0,0,21585,0,0,0,0,0,0,6439,0,0
31,2003,134065,14610,0,0,4225,0,0,0,0,0,0,103432,0,0
32,2003,27556,4362,0,0,6810,0,0,0,0,0,0,19651,0,0
33,2003,19741,1589,0,0,2320,0,0,0,0,0,0,15054,0,0
34,2003,36740,1801,0,0,2294,0,0,0,0,0,0,29065,0,0
35,2003,52204,3978,0,0,32788,0,0,0,0,0,0,30202,0,0
36,2003,17187,347,0,0,313,0,0,0,0,0,0,13932,0,0
37,2003,26674,840,0,0,6891,0,0,0,0,0,0,11812,0,0
38,2003,8342,2791,0,0,25584,0,0,0,0,0,0,4458,0,0
39,2003,30868,5791,0,0,371,0,0,0,0,0,0,20855,0,0
40,2003,9849,2106,0,0,308,0,0,0,0,0,0,6591,0,0
41,2003,15283,2384,0,0,0,0,0,0,0,0,0,10331,0,0
42,2003,5736,1302,0,0,63,0,0,0,0,0,0,3932,0,0
43,2003,428155,21676,0,0,29052,0,0,0,0,0,0,327947,0,0
44,2003,25467,246,0,0,906,0,0,0,0,0,0,22500,0,0
45,2003,15705,714,0,0,747,0,0,0,0,0,0,12408,0,0
46,2003,5589,927,0,0,1351,0,0,0,0,0,0,4786,0,0
47,2003,33826,1016,0,0,3289,0,0,0,0,0,0,15340,0,0
48,2003,11396,328,0,0,0,0,0,0,0,0,0,5884,0,0
49,2003,9980,887,0,0,3144,0,0,0,0,0,0,8779,0,0
50,2003,58453,4284,0,0,2789,0,0,0,0,0,0,44350,0,0
51,2003,6501,334,0,0,4629,0,0,0,0,0,0,5323,0,0
52,2003,69577,870,0,0,3139,0,0,0,0,0,0,60516,0,0
53,2003,91758,0,0,0,0,0,0,0,0,0,0,71797,0,0
54,2003,29315,4719,0,0,2499,0,0,0,0,0,0,21128,0,0
55,2003,1320,221,0,0,0,0,0,0,0,0,0,988,0,0
56,2003,7660,1059,0,0,374,0,0,0,0,0,0,6160,0,0
57,2003,527,185,0,0,48,0,0,0,0,0,0,351,0,0
58,2003,11543,2426,0,0,1467,0,0,0,0,0,0,7340,0,0
59,2003,2302,0,0,0,601,0,0,0,0,0,0,1786,0,0
60,2003,11301,1247,0,0,0,0,0,0,0,0,0,8341,0,0
61,2003,694,146,0,0,398,0,0,0,0,0,0,489,0,0
63,2003,2184,189,0,0,206,0,0,0,0,0,0,1558,0,0
63,2003,28804,1878,0,0,2321,0,0,0,0,0,0,24537,0,0
64,2003,4254,0,0,0,1143,0,0,0,0,0,0,3588,0,0
65,2003,364,0,0,0,23,0,0,0,0,0,0,173,0,0
66,2003,364,0,0,0,23,0,0,0,0,0,0,173,0,0
67,2003,3643,374,0,0,588,0,0,0,0,0,0,2357,0,0
9,2003,2032,374,0,0,452,0,0,0,0,0,0,1174,0,0
68,2003,1611,0,0,0,136,0,0,0,0,0,0,1183,0,0
69,2003,5847,1880,0,0,16074,0,0,0,0,0,0,3557,0,0
0,2004,2862193,388854,2210005,724949,1188213,0,0,0,0,0,0,0,0,0
1,2004,88690,20708,66582,52573,226719,0,0,0,0,0,0,0,0,0
2,2004,9745,-1,5364,-1,16572,0,0,0,0,0,0,0,0,0
3,2004,14018,-1,10348,5595,52955,0,0,0,0,0,0,0,0,0
4,2004,39975,6437,34144,30356,88836,0,0,0,0,0,0,0,0,0
5,2004,20646,6472,14189,10449,64097,0,0,0,0,0,0,0,0,0
6,2004,-1,-1,-1,-1,-1,0,0,0,0,0,0,0,0,0
7,2004,60490,1804,44503,14642,-1,0,0,0,0,0,0,0,0,0
8,2004,31613,-1,24063,11008,-1,0,0,0,0,0,0,0,0,0
9,2004,28877,1427,20439,3634,0,0,0,0,0,0,0,0,0,0
10,2004,993863,149371,775379,350531,563844,0,0,0,0,0,0,0,0,0
11,2004,84308,-1,70310,-1,45958,0,0,0,0,0,0,0,0,0
12,2004,104939,11359,81135,24750,24984,0,0,0,0,0,0,0,0,0
13,2004,100236,5418,86198,35104,-1,0,0,0,0,0,0,0,0,0
14,2004,238525,53406,190492,171736,178399,0,0,0,0,0,0,0,0,0
15,2004,129044,7497,99055,42913,97329,0,0,0,0,0,0,0,0,0
16,2004,191746,30741,137081,20093,166677,0,0,0,0,0,0,0,0,0
17,2004,91941,21467,70111,18568,21244,0,0,0,0,0,0,0,0,0
18,2004,4257,-1,3378,2616,2851,0,0,0,0,0,0,0,0,0
19,2004,45290,13081,34985,8129,3782,0,0,0,0,0,0,0,0,0
20,2004,3577,-1,2632,777,-1,0,0,0,0,0,0,0,0,0
21,2004,1107109,175996,868757,187293,273994,0,0,0,0,0,0,0,0,0
22,2004,43600,17513,24671,11564,-1,0,0,0,0,0,0,0,0,0
72,2004,55996,11739,50553,11962,-1,0,0,0,0,0,0,0,0,0
24,2004,71971,12969,56289,9715,-1,0,0,0,0,0,0,0,0,0
25,2004,113945,-1,93901,14470,-1,0,0,0,0,0,0,0,0,0
26,2004,165057,-1,131080,20219,58613,0,0,0,0,0,0,0,0,0
15,2004,115886,22506,100050,14984,49826,0,0,0,0,0,0,0,0,0
27,2004,28736,-1,19629,5521,-1,0,0,0,0,0,0,0,0,0
28,2004,203186,49229,141350,35919,77639,0,0,0,0,0,0,0,0,0
29,2004,20832,-1,10094,-1,6793,0,0,0,0,0,0,0,0,0
30,2004,21472,-1,18587,11392,8919,0,0,0,0,0,0,0,0,0
31,2004,120689,13158,98893,15352,27578,0,0,0,0,0,0,0,0,0
32,2004,72851,5833,59275,16441,-1,0,0,0,0,0,0,0,0,0
33,2004,26680,0,25098,-1,-1,0,0,0,0,0,0,0,0,0
34,2004,46209,-1,39286,3777,-1,0,0,0,0,0,0,0,0,0
35,2004,61210,9206,34783,11926,64576,0,0,0,0,0,0,0,0,0
36,2004,7211,192,6086,2679,4726,0,0,0,0,0,0,0,0,0
37,2004,36205,-1,20212,5886,-1,0,0,0,0,0,0,0,0,0
38,2004,17794,-1,8486,3361,-1,0,0,0,0,0,0,0,0,0
39,2004,16933,5647,10654,3305,-1,0,0,0,0,0,0,0,0,0
40,2004,6701,2322,4874,-1,0,0,0,0,0,0,0,0,0,0
41,2004,6405,3054,2900,1296,-1,0,0,0,0,0,0,0,0,0
42,2004,3827,271,2880,715,0,0,0,0,0,0,0,0,0,0
43,2004,527046,25643,403589,100256,53154,0,0,0,0,0,0,0,0,0
44,2004,20287,0,13740,6028,-1,0,0,0,0,0,0,0,0,0
45,2004,14155,-1,11790,3137,-1,0,0,0,0,0,0,0,0,0
46,2004,10037,-1,5802,1327,-1,0,0,0,0,0,0,0,0,0
47,2004,26484,-1,17589,-1,-1,0,0,0,0,0,0,0,0,0
48,2004,21988,1151,11106,1785,-1,0,0,0,0,0,0,0,0,0
49,2004,11015,-1,8485,-1,-1,0,0,0,0,0,0,0,0,0
50,2004,126648,-1,85991,22417,-1,0,0,0,0,0,0,0,0,0
51,2004,8250,1087,5815,2852,4773,0,0,0,0,0,0,0,0,0
52,2004,78262,-1,75763,12656,-1,0,0,0,0,0,0,0,0,0
53,2004,104935,4816,84463,12862,-1,0,0,0,0,0,0,0,0,0
73,2004,24118,3222,19889,5412,5774,0,0,0,0,0,0,0,0,0
55,2004,2286,-1,1848,361,-1,0,0,0,0,0,0,0,0,0
56,2004,4071,-1,2854,411,-1,0,0,0,0,0,0,0,0,0
57,2004,588,341,397,-1,-1,0,0,0,0,0,0,0,0,0
58,2004,20732,2016,14768,-1,3597,0,0,0,0,0,0,0,0,0
59,2004,2574,-1,2334,0,-1,0,0,0,0,0,0,0,0,0
60,2004,16271,918,13335,8201,-1,0,0,0,0,0,0,0,0,0
61,2004,1093,99,724,171,579,0,0,0,0,0,0,0,0,0
63,2004,3534,248,3104,853,674,0,0,0,0,0,0,0,0,0
74,2004,24292,-1,19489,8927,-1,0,0,0,0,0,0,0,0,0
64,2004,5425,0,4302,824,1323,0,0,0,0,0,0,0,0,0
65,2004,209,-1,-1,-1,-1,0,0,0,0,0,0,0,0,0
66,2004,209,-1,-1,-1,-1,0,0,0,0,0,0,0,0,0
67,2004,609,-1,452,339,-1,0,0,0,0,0,0,0,0,0
9,2004,422,-1,337,182,0,0,0,0,0,0,0,0,0,0
68,2004,187,0,115,158,-1,0,0,0,0,0,0,0,0,0
69,2004,6035,-1,5239,4016,4799,0,0,0,0,0,0,0,0,0
0,2018,8122059,3410066,5361391,1580362,8560869,1343694,912911,1789922,2292028,0,2222315,6941753,2257025,4684728
1,2018,445753,191575,361747,79977,1874278,305182,158896,182427,959223,0,268550,441724,136671,305053
7,2018,1347749,86653,1133709,555753,340239,0,-1,239249,-1,0,-1,1689462,507753,1181709
10,2018,2726178,1477231,1669389,311266,3956816,850319,487390,561221,679541,0,1378344,1980654,662029,1318625
21,2018,2397326,1188436,1413083,308213,1291815,84097,147736,364394,353197,0,342391,1721296,562762,1158533
35,2018,125054,-1,76098,227886,152869,-1,0,82519,0,0,-1,303985,98081,205904
39,2018,70186,53553,27371,8438,88821,-1,-1,-1,-1,0,67043,35809,14695,21114
43,2018,996538,378981,670622,84633,849491,88511,114879,340347,200197,0,105556,755255,270358,484897
81,2018,5604,1733,3631,-1,926,0,-1,-1,-1,0,-1,5378,2515,2863
65,2018,-1,-1,-1,-1,0,0,0,0,0,0,0,-1,-1,-1
69,2018,7458,1827,5617,2244,5614,0,-1,-1,4241,0,-1,7861,1894,5967
0,2019,6862501,2685010,3995636,1529140,4997272,772561,447553,1704283,1300283,0,1369388,5524776,1979433,3545343
1,2019,179526,69886,107719,92980,806270,110697,77556,164245,366750,0,249122,200699,61718,138981
2,2019,16749,-1,9481,-1,89404,-1,-1,-1,39796,0,-1,28221,-1,19377
3,2019,61785,-1,33736,20263,337125,-1,-1,-1,169766,0,-1,53999,16974,37025
4,2019,49525,-1,37768,28416,205808,46141,37681,-1,107486,0,-1,66184,18424,47760
5,2019,17361,6211,9007,12102,48509,-1,-1,-1,16118,0,-1,21110,6313,14797
6,2019,8469,-1,-1,-1,-1,-1,-1,-1,-1,0,-1,6753,-1,4893
87,2019,25636,13790,11766,12667,49470,-1,0,-1,24835,0,31245,24433,9304,15130
7,2019,1129207,7785,848512,497782,67071,-1,-1,-1,-1,0,-1,1346294,498562,847731
8,2019,539840,-1,414054,333432,-1,0,0,-1,0,0,-1,747486,267415,480071
88,2019,105088,-1,87034,26082,-1,-1,-1,-1,0,0,0,113116,33922,79194
9,2019,334520,-1,226335,63732,-1,-1,0,-1,0,0,-1,290067,116846,173221
89,2019,58645,-1,52256,28680,-1,0,0,0,-1,0,-1,80937,28852,52084
90,2019,91114,0,68833,45856,0,0,0,0,0,0,0,114688,51528,63161
10,2019,1942899,1198659,1035321,290036,1982370,463268,229733,481396,486236,0,584110,1325357,442502,882854
11,2019,151214,42486,102869,29175,87558,-1,24826,-1,-1,0,39066,132044,40437,91607
12,2019,180748,101812,67850,33956,83958,-1,-1,-1,0,0,47768,101807,33278,68528
13,2019,213679,123919,113193,32633,310666,139236,-1,-1,162028,0,-1,145826,56111,89715
14,2019,194393,123357,113851,25934,411613,-1,-1,121874,141887,0,-1,139784,58304,81480
15,2019,319989,216507,156818,53771,483511,-1,-1,159142,-1,0,238266,210589,77578,133011
16,2019,261762,190631,130553,19360,241084,30050,-1,64310,64708,0,68682,149912,38858,111055
17,2019,247429,189638,116766,25713,162038,65211,-1,-1,-1,0,28055,142479,41111,101368
18,2019,43603,11800,33632,15295,34541,17731,-1,-1,0,0,-1,48927,18905,30022
19,2019,120745,95389,54230,-1,98447,26123,-1,-1,-1,0,11196,59465,22850,36616
20,2019,-1,-1,-1,-1,-1,-1,-1,0,-1,0,-1,-1,-1,-1
91,2019,185133,90494,126020,43318,52722,24212,-1,-1,-1,0,-1,169337,45645,123693
111,2019,7254,-1,6702,-1,-1,-1,0,-1,0,0,-1,10860,4347,6512
21,2019,1750082,940163,982815,341097,1103614,70866,71164,433462,286774,0,394521,1323913,503327,820586
22,2019,147291,114025,37895,19088,34972,-1,-1,-1,-1,0,-1,56982,22617,34366
72,2019,63847,41530,25811,7786,11718,-1,-1,-1,-1,0,-1,33598,16696,16902
93,2019,106263,52757,61526,11068,30454,-1,-1,-1,-1,0,14610,72594,27436,45158
25,2019,156860,28815,108383,27838,20413,-1,0,-1,-1,0,-1,136221,52977,83244
26,2019,203917,103282,119343,36200,36060,-1,-1,-1,-1,0,-1,155543,48326,107217
15,2019,237628,115664,180597,12218,183388,-1,-1,-1,56074,0,107825,192815,64303,128512
94,2019,42162,25259,32340,11084,59042,-1,0,-1,-1,0,-1,43424,17020,26404
28,2019,97705,40643,55201,28660,86893,0,0,-1,-1,0,-1,83860,42373,41488
29,2019,13025,-1,-1,-1,33795,-1,-1,-1,-1,0,-1,13970,3711,10259
30,2019,40420,21635,24074,16731,45358,-1,-1,-1,-1,0,14852,40805,-1,29891
31,2019,50659,-1,32010,14477,45770,0,0,-1,-1,0,-1,46486,14650,31836
32,2019,37440,24520,12007,-1,128275,-1,-1,-1,-1,0,-1,25615,8758,-1
33,2019,47483,29535,33367,10080,15697,-1,-1,-1,-1,0,-1,43447,17087,26360
34,2019,-1,-1,-1,-1,-1,-1,-1,-1,0,0,-1,-1,-1,-1
95,2019,10670,3641,-1,-1,-1,0,0,-1,0,0,0,8370,-1,7037
71,2019,133703,69342,91851,8724,44558,-1,7727,15966,-1,0,16180,100574,33819,66755
96,2019,122861,71603,82390,-1,116941,-1,-1,-1,-1,0,-1,-1,-1,94039
97,2019,144116,124525,19332,-1,-1,-1,0,-1,0,0,-1,32980,22390,-1
76,2019,50966,38496,21309,-1,-1,0,-1,-1,-1,0,-1,23428,7753,15675
98,2019,16120,6387,7573,2065,-1,-1,-1,0,-1,0,-1,9638,2900,6738
35,2019,1239611,271271,619104,180594,346522,-1,-1,331644,-1,0,25224,799698,284445,515253
99,2019,5791,0,5261,-1,-1,0,-1,-1,0,0,-1,7773,2969,4804
100,2019,44968,-1,10452,7061,0,0,0,0,0,0,0,17513,6796,10718
101,2019,31862,169,8313,1167,0,0,0,0,0,0,0,9480,7696,1784
102,2019,18606,858,2021,899,0,0,0,0,0,0,0,2920,1226,1694
103,2019,8581,0,153,148,163,163,0,0,0,0,0,300,202,98
104,2019,47106,1414,11843,67961,1799,0,0,0,0,0,1799,79804,29704,50100
105,2019,37194,79052,22469,16926,926,0,0,84,0,0,842,39395,17048,22347
106,2019,415069,164601,229578,44624,248378,0,0,247704,0,0,-1,274202,101583,172620
38,2019,577933,0,300235,-1,-1,0,0,-1,0,0,-1,332750,105870,226881
107,2019,254,23914,0,406,0,0,0,0,0,0,0,406,152,254
108,2019,52248,271271,28779,6375,21584,-1,0,-1,-1,0,-1,35154,11200,23954
39,2019,18367,14007,9811,2070,13883,-1,-1,8208,-1,0,-1,11881,4298,7583
40,2019,6025,5018,-1,-1,4637,0,0,4637,0,0,0,2818,1423,-1
41,2019,7630,5962,-1,-1,3922,-1,0,-1,-1,0,-1,6183,-1,4272
42,2019,-1,-1,-1,-1,-1,0,0,-1,0,0,0,-1,0,-1
80,2019,3845,2879,2154,395,2817,-1,-1,683,1030,0,-1,2549,964,1586
43,2019,593950,182241,386711,113404,673857,126340,66934,257239,154261,0,78894,500115,178667,321449
44,2019,16691,8644,11337,-1,100904,-1,21934,-1,-1,0,-1,25375,8318,17057
45,2019,31389,11640,-1,-1,-1,-1,-1,-1,0,0,-1,35345,12992,22353
46,2019,6239,-1,-1,-1,5299,-1,0,3620,-1,0,-1,6543,-1,-1
47,2019,37093,-1,-1,-1,42125,-1,-1,-1,-1,0,-1,24329,7698,16631
48,2019,11395,2012,7137,-1,28018,-1,-1,-1,-1,0,-1,11209,4304,6906
49,2019,18623,9281,12048,2739,1634,-1,0,-1,0,0,-1,14787,6356,8432
50,2019,105898,14257,60290,-1,93125,-1,-1,-1,0,0,-1,65975,28492,37484
51,2019,11796,5444,7335,3060,5827,-1,-1,-1,-1,0,0,10396,4755,5641
52,2019,116476,32525,82061,-1,60590,-1,-1,-1,-1,0,0,121775,40987,80788
53,2019,93976,39402,65051,9719,94054,-1,-1,32385,-1,0,-1,74769,17603,57166
73,2019,46078,13445,34915,6390,47986,18096,-1,-1,-1,0,0,41305,18172,23133
55,2019,2098,1033,1042,-1,3182,-1,-1,-1,1768,0,-1,1176,490,686
86,2019,36634,13683,15339,1526,-1,-1,-1,-1,-1,0,0,16864,6841,10024
64,2019,10156,4438,6831,2535,18326,10238,-1,-1,-1,0,6723,9366,2914,6452
60,2019,9933,-1,5048,-1,-1,-1,-1,-1,-1,0,-1,5541,2077,3465
61,2019,4335,-1,1416,-1,7088,-1,-1,1285,-1,0,-1,1990,-1,-1
63,2019,2725,-1,1288,-1,-1,-1,-1,0,-1,0,-1,1913,-1,1027
109,2019,32415,9899,23609,7848,-1,9867,-1,-1,-1,0,-1,31457,12766,18691
81,2019,2175,-1,1295,219,0,0,0,0,0,0,0,1514,-1,910
82,2019,0,0,0,0,0,0,0,0,0,0,0,0,0,0
83,2019,-1,0,-1,-1,0,0,0,0,0,0,0,-1,-1,-1
84,2019,-1,-1,-1,-1,0,0,0,0,0,0,0,-1,-1,-1
85,2019,-1,0,-1,0,0,0,0,0,0,0,0,-1,-1,-1
65,2019,-1,-1,-1,-1,0,0,0,0,0,0,0,-1,-1,-1
65,2019,-1,-1,-1,-1,0,0,0,0,0,0,0,-1,-1,-1
69,2019,6231,859,3894,10186,3685,0,-1,-1,-1,0,-1,14079,5044,9035
69,2019,6231,859,3894,10186,3685,0,-1,-1,-1,0,-1,14079,5044,9035
0,2020,7958561,3309267,4884502,1629808,5593893,965787,560350,1579908,1473849,0,0,6514310,2435705,4078605
1,2020,179526,69886,107719,92980,806270,110697,77556,164245,366750,0,0,200699,61718,138981
2,2020,16749,-1,9481,-1,89404,-1,-1,-1,39796,0,0,28221,-1,19377
3,2020,61785,-1,33736,20263,337125,-1,-1,-1,169766,0,0,53999,16974,37025
4,2020,49525,-1,37768,28416,205808,46141,37681,-1,107486,0,0,66184,18424,47760
5,2020,17361,6211,9007,12102,48509,-1,-1,-1,16118,0,0,21110,6313,14797
6,2020,8469,-1,-1,-1,-1,-1,-1,-1,-1,0,0,6753,-1,4893
110,2020,25636,13790,11766,12667,49470,-1,0,-1,24835,0,0,24433,9304,15130
7,2020,1441299,67156,1138212,480930,-1,0,0,-1,-1,0,0,1619142,621806,997336
8,2020,616845,27961,507034,174711,-1,0,0,-1,0,0,0,681745,238947,442799
88,2020,161650,-1,142766,49457,-1,0,0,-1,0,0,0,192223,69601,122622
9,2020,404824,24270,283847,105686,-1,0,0,0,-1,0,0,389533,179551,209982
89,2020,120166,-1,101488,88634,0,0,0,0,0,0,0,190121,62636,127486
90,2020,137813,0,103077,62443,0,0,0,0,0,0,0,165520,71072,94448
10,2020,2489594,1560353,1541624,260971,2439834,475624,248946,674665,577422,0,0,1802595,628989,1173606
11,2020,147034,30408,116520,22186,65003,19870,0,-1,-1,0,0,138706,46728,91977
12,2020,241255,159182,133339,30102,174566,47206,-1,-1,-1,0,0,163441,54609,108832
13,2020,255441,117873,165660,14920,359268,117015,-1,152741,176722,0,0,180580,66443,114137
14,2020,349370,231915,239633,30627,456558,-1,-1,-1,171248,0,0,270260,106467,163793
15,2020,429058,328516,235604,56331,516125,51379,61917,254294,-1,0,0,291935,117546,174390
16,2020,236280,158899,136931,29695,249612,-1,-1,-1,-1,0,0,166626,37030,129596
17,2020,411228,315241,226068,35473,266981,69333,-1,-1,94583,0,0,261541,89024,172517
18,2020,68099,25254,59428,8964,45047,21151,-1,-1,-1,0,0,68391,21866,46525
19,2020,160756,110507,63848,5964,149633,20774,25131,-1,-1,0,0,69812,26268,43544
20,2020,15789,-1,11184,-1,-1,0,-1,-1,-1,0,0,13058,6858,6199
91,2020,165056,71497,145361,22960,-1,21185,-1,-1,-1,0,0,168320,53135,115185
111,2020,10228,-1,8050,-1,-1,-1,-1,0,0,0,0,9925,3015,6909
21,2020,1941153,1073247,1024483,324632,1262164,119223,134530,357766,344955,0,0,1349115,519125,829990
22,2020,148328,92609,73389,-1,-1,0,0,-1,-1,0,0,99952,41275,58678
112,2020,75148,42007,25056,10563,18678,-1,0,0,-1,0,0,35619,13175,22444
93,2020,86990,52152,37673,8938,51434,-1,-1,-1,36149,0,0,46611,22925,23686
25,2020,211183,60015,143782,29951,16549,-1,0,-1,-1,0,0,173733,67301,106432
26,2020,196034,78225,119391,54382,-1,0,0,-1,0,0,0,173773,59254,114519
15,2020,282059,200517,181088,-1,173991,-1,-1,-1,13013,0,0,209191,83321,125870
27,2020,34404,-1,19308,11623,116117,-1,0,-1,-1,0,0,30931,8882,22049
28,2020,151693,77561,79635,20276,116819,-1,0,14668,-1,0,0,99911,35046,64865
29,2020,-1,-1,9922,-1,50477,-1,-1,-1,12949,0,0,15241,5412,9829
30,2020,72333,34103,37597,13897,40313,-1,-1,-1,-1,0,0,51495,27257,24238
31,2020,15240,6655,9107,4151,-1,-1,0,-1,-1,0,0,13257,5729,7528
32,2020,88689,38988,49887,-1,166045,-1,-1,163207,-1,0,0,61376,23236,38140
33,2020,61658,34018,29731,3651,25278,-1,-1,-1,-1,0,0,33382,12038,21344
34,2020,61975,15420,48369,-1,-1,0,-1,-1,-1,0,0,55652,24266,31387
95,2020,27669,13514,18392,3080,-1,-1,0,0,0,0,0,21473,7913,13560
71,2020,115037,77010,68118,24154,95044,0,-1,-1,-1,0,0,92272,28488,63784
77,2020,55020,32925,28577,-1,55184,-1,-1,-1,7157,0,0,74219,-1,48257
97,2020,-1,-1,13524,-1,-1,0,0,-1,-1,0,0,20092,13225,-1
76,2020,33947,19505,13066,1697,-1,-1,0,-1,0,0,0,14764,4866,9897
98,2020,27782,16738,13759,5522,16274,-1,-1,0,-1,0,0,19280,6627,12654
113,2020,-1,-1,-1,-1,-1,0,0,-1,-1,0,0,6891,-1,3963
35,2020,1126943,230011,530747,350601,180016,3221,-1,114014,-1,0,0,881348,358047,523301
99,2020,13861,-1,8164,6936,19763,-1,0,12598,0,0,0,15099,5443,9657
100,2020,45989,-1,7089,9755,-1,0,0,-1,0,0,0,16844,6070,10774
101,2020,27665,16463,-1,-1,-1,0,0,-1,0,0,0,4956,3183,-1
102,2020,17487,-1,12594,7734,0,0,0,0,0,0,0,20329,7459,12870
103,2020,76647,7042,38898,8757,-1,0,0,0,0,0,0,47656,14872,32783
104,2020,114313,-1,57116,39390,-1,0,0,-1,0,0,0,96506,35829,60677
105,2020,107376,-1,-1,-1,-1,-1,-1,0,0,0,0,11265,5281,5984
106,2020,300800,36729,195163,96273,-1,0,0,0,0,0,0,291436,125217,166219
38,2020,283196,99479,140014,101687,-1,-1,0,-1,0,0,0,241701,94838,146863
107,2020,106233,5722,46747,70764,-1,-1,-1,-1,-1,0,0,117511,52852,64659
108,2020,33375,18241,13732,4314,-1,-1,-1,-1,-1,0,0,18046,7005,11041
39,2020,29968,17944,21300,3520,14742,-1,-1,3210,1586,0,0,24820,10340,14480
41,2020,8581,7422,4913,-1,2930,-1,-1,-1,0,0,0,5022,2023,2999
40,2020,-1,7712,-1,-1,-1,0,-1,0,0,0,0,-1,-1,-1
42,2020,4912,-1,-1,-1,-1,0,0,-1,0,0,0,5071,1900,-1
80,2020,3626,2261,2090,789,3974,-1,-1,-1,1586,0,0,2879,1110,1769
43,2020,676056,282334,458000,107514,845775,-1,84272,247682,170196,0,0,565514,207573,357941
44,2020,70157,32231,50636,17157,75189,-1,-1,0,22517,0,0,67793,21640,46152
45,2020,53709,21499,47466,3946,14420,1786,-1,-1,0,0,0,51412,17694,33718
46,2020,5072,1127,-1,3238,4211,0,-1,-1,0,0,0,5938,1138,4800
48,2020,-1,-1,-1,-1,84727,-1,-1,-1,-1,0,0,-1,8602,-1
49,2020,41328,15141,20241,-1,20265,-1,0,-1,-1,0,0,25397,9406,15991
50,2020,116826,-1,72640,7879,-1,-1,-1,-1,-1,0,0,80519,35809,44711
51,2020,10993,-1,8816,4417,-1,0,0,0,0,0,0,13232,5116,8116
52,2020,83916,26495,62127,17412,58288,-1,23474,-1,-1,0,0,79538,32658,46881
53,2020,80288,31293,58759,13488,87281,-1,-1,61510,0,0,0,72247,23292,48955
73,2020,42724,31599,32021,9101,78164,7742,10665,-1,34243,0,0,41122,15010,26112
55,2020,2881,1371,1677,470,5574,-1,-1,-1,2583,0,0,2147,486,1662
86,2020,43828,28176,22831,1871,54082,-1,-1,-1,-1,0,0,24701,7375,17326
64,2020,17771,7155,12148,3148,27670,11054,-1,-1,14371,0,0,15296,6313,8983
60,2020,6991,2170,4976,-1,6592,-1,0,0,-1,0,0,5117,2078,-1
61,2020,6752,4724,3929,-1,5671,-1,-1,-1,-1,0,0,4171,1580,2591
63,2020,1252,320,1126,-1,2383,2267,-1,0,0,0,0,1338,752,-1
109,2020,46371,20853,33977,18194,-1,-1,0,0,-1,0,0,52171,18625,33546
47,2020,57376,-1,50930,-1,24315,-1,-1,-1,-1,0,0,53428,22879,30549
81,2020,4332,870,1898,1047,-1,0,0,-1,0,0,0,2945,720,2225
82,2020,-1,0,-1,0,0,0,0,0,0,0,0,-1,0,-1
83,2020,2205,-1,-1,-1,-1,0,0,0,0,0,0,-1,-1,-1
84,2020,1940,-1,-1,-1,-1,0,0,-1,0,0,0,-1,-1,-1
85,2020,-1,-1,-1,-1,0,0,0,0,0,0,0,-1,-1,-1
65,2020,-1,0,-1,-1,-1,0,0,0,0,0,0,-1,-1,-1
69,2020,11844,1607,9226,4944,-1,0,0,0,-1,0,0,14171,4162,10009
0,2005,3582991,733841,2814575,454754,1488706,246279,162964,443811,224730,0,506343,3269329,1068819,2200510
1,2005,105562,42230,121019,35262,283299,73458,70064,47552,135070,0,52610,156280,48314,107967
2,2005,20354,-1,13536,3895,22458,-1,-1,-1,-1,0,8216,17431,5583,11848
3,2005,28503,5724,21414,5014,91163,16065,9658,-1,59160,0,-1,26428,10489,15939
4,2005,30064,-1,49730,15430,105239,38176,53703,-1,61680,0,27236,65161,17553,47608
5,2005,21069,10871,29508,9570,59974,-1,-1,14889,-1,0,-1,39078,12776,26302
6,2005,-1,-1,-1,-1,-1,-1,0,0,-1,0,0,-1,-1,-1
7,2005,23982,3142,18673,2817,5602,-1,0,4459,0,0,-1,21490,6589,14901
8,2005,13086,-1,14265,1592,2475,0,0,-1,0,0,-1,15857,4533,11323
9,2005,10896,-1,4408,1225,-1,-1,0,-1,0,0,0,5634,2056,3577
10,2005,1239224,269687,903682,143402,684499,111662,44454,177450,25159,0,338935,1047084,327394,719690
11,2005,144704,38680,100967,13319,41036,-1,-1,18132,0,0,-1,114285,31885,82400
12,2005,133144,27321,89451,16176,50877,-1,-1,-1,-1,0,21497,105626,28746,76880
13,2005,100936,19248,61479,9971,32426,-1,-1,-1,-1,0,-1,71450,21803,49646
14,2005,221809,48275,170014,35303,189478,-1,-1,61918,-1,0,83246,205317,72235,133082
15,2005,175506,11072,150075,28772,131823,-1,-1,34157,-1,0,-1,178847,70630,108217
16,2005,225824,46589,175349,21981,175898,29892,-1,-1,0,0,131178,197330,47087,150243
17,2005,142112,38112,94674,8881,43607,-1,-1,-1,-1,0,17788,103554,33947,69607
18,2005,8040,-1,7229,5312,-1,0,0,-1,0,0,-1,12541,5402,7139
19,2005,82572,37075,52339,3077,14031,-1,0,-1,0,0,-1,55416,14619,40797
20,2005,4577,-1,2105,-1,2833,-1,-1,-1,0,0,-1,2717,1038,1679
21,2005,1512368,351166,1242539,180315,397775,53692,-1,168491,46224,0,81968,1422854,475238,947616
22,2005,72242,47564,49427,11075,-1,-1,0,-1,-1,0,-1,60503,22572,37930
72,2005,67784,18663,65091,10814,-1,0,0,-1,-1,0,-1,75905,25011,50894
24,2005,84767,7085,68134,9515,-1,0,0,0,-1,0,-1,77649,26319,51330
25,2005,183499,-1,149134,29463,-1,0,0,0,-1,0,-1,178598,54412,124185
26,2005,172049,18939,147879,13704,-1,0,0,0,-1,0,0,161583,53994,107590
15,2005,216185,45101,176475,8072,87721,-1,-1,-1,-1,0,32899,184546,64515,120032
27,2005,68937,-1,58812,10934,-1,-1,-1,-1,-1,0,-1,69746,23093,46653
28,2005,277532,127221,203630,27562,138160,18035,-1,-1,-1,0,-1,231193,71763,159430
29,2005,23589,-1,18924,7392,25484,5342,-1,0,-1,0,-1,26316,9587,16729
30,2005,34269,-1,30766,7287,-1,0,-1,-1,-1,0,-1,38053,10614,27439
31,2005,195285,35372,181313,32487,-1,-1,-1,0,0,0,-1,213800,76873,136927
32,2005,58934,9060,41052,-1,19483,-1,0,12942,0,0,-1,49143,16555,32588
33,2005,24822,-1,21697,2536,1417,0,0,-1,-1,0,-1,24233,9526,14708
34,2005,32475,-1,30204,1382,-1,0,0,-1,0,0,0,31586,10404,21182
35,2005,64391,8411,34813,8705,-1,0,-1,-1,520,0,-1,43519,16973,26546
36,2005,7891,799,6678,2042,804,0,16,276,520,0,0,8720,2732,5988
37,2005,27739,-1,18779,-1,0,0,0,0,0,0,0,23494,10194,13300
38,2005,28760,7289,9356,1949,-1,0,-1,-1,0,0,-1,11305,4047,7258
39,2005,24071,6194,16061,3680,-1,0,0,-1,-1,0,0,19741,6591,13151
40,2005,10250,2955,6597,2346,-1,0,0,0,-1,0,0,8943,2917,6026
41,2005,10168,2943,7340,443,-1,0,0,-1,0,0,0,7783,2720,5063
42,2005,3653,296,2124,891,0,0,0,0,0,0,0,3015,953,2062
43,2005,597376,50395,465483,76312,93417,6373,-1,34999,-1,0,-1,541795,182161,359634
44,2005,23413,1847,18025,4709,6176,-1,0,-1,0,0,0,22735,9290,13445
45,2005,30956,1991,26100,6502,5686,-1,0,-1,-1,0,-1,32602,9737,22864
46,2005,15568,1092,8004,1648,2649,974,0,-1,0,0,0,9652,2541,7111
47,2005,52556,12260,39424,-1,-1,0,-1,-1,-1,0,-1,42902,15270,27632
48,2005,29069,3828,17573,1846,-1,0,-1,-1,0,0,-1,19419,9673,9746
49,2005,19414,7933,10930,-1,1524,-1,0,-1,0,0,0,11995,4734,7260
50,2005,78709,-1,57865,7302,-1,0,0,-1,0,0,0,65167,22333,42835
51,2005,11543,1243,10242,4591,-1,-1,0,-1,-1,0,-1,14833,6367,8466
52,2005,94445,-1,96374,14709,3395,0,-1,0,-1,0,-1,111083,37143,73940
53,2005,104641,3450,76854,5998,-1,0,0,0,-1,0,-1,82852,20555,62298
73,2005,37466,4568,28109,6242,-1,0,-1,-1,-1,0,0,34352,11119,23232
55,2005,2176,375,2414,203,-1,0,0,0,0,0,-1,2617,744,1873
56,2005,6989,957,2913,-1,0,0,0,0,0,0,0,3234,1120,2113
57,2005,356,-1,221,-1,0,0,0,0,0,0,0,276,110,166
58,2005,23757,4160,13477,1806,6724,0,0,6902,-1,0,-1,15283,4239,11044
59,2005,2076,-1,1176,-1,-1,0,0,-1,0,0,-1,1407,363,1043
60,2005,22631,-1,18215,3728,-1,0,0,-1,0,0,0,21943,8302,13641
61,2005,2365,258,1954,249,-1,0,0,-1,0,0,0,2203,779,1424
63,2005,4026,162,4256,2493,-1,-1,-1,-1,0,0,0,6750,3175,3575
74,2005,29594,1270,26835,8154,-1,0,-1,-1,-1,0,0,34989,12546,22442
64,2005,5626,-1,4521,983,1466,-1,-1,-1,0,0,0,5503,2021,3483
65,2005,413,-1,355,193,-1,-1,0,0,0,0,-1,548,-1,427
66,2005,413,-1,355,193,-1,-1,0,0,0,0,-1,548,-1,427
67,2005,1450,118,1082,122,-1,0,0,-1,0,0,-1,1204,395,808
9,2005,1290,111,782,114,-1,0,0,-1,0,0,0,896,292,603
68,2005,-1,-1,299,-1,0,0,0,0,0,0,-1,308,-1,205
69,2005,14156,2359,10869,3944,14757,-1,-1,-1,-1,0,-1,14813,5042,9772
0,2006,4721838,984858,3998737,554072,2385750,363771,165957,542486,444950,50007,818579,4552809,1500972,3051837
1,2006,113848,27541,146460,36880,338112,91782,12300,68106,87693,-1,59798,183340,62596,120744
2,2006,-1,-1,9541,5020,25435,0,-1,-1,-1,-1,-1,14560,4670,9890
3,2006,44082,5675,40101,10235,69462,-1,-1,23908,27676,-1,-1,50336,12749,37587
4,2006,33551,9024,50749,8871,119282,48522,-1,-1,31868,-1,-1,59620,23301,36319
5,2006,22628,10221,40757,9906,114927,-1,-1,16269,-1,-1,36632,50663,19077,31587
6,2006,-1,-1,-1,-1,-1,-1,-1,-1,-1,0,-1,-1,-1,-1
7,2006,34159,10625,27819,5977,-1,-1,0,-1,-1,0,-1,33796,9749,24047
8,2006,9499,1418,7615,2634,-1,0,0,-1,0,0,0,10249,3305,6944
9,2006,24660,-1,20204,3343,-1,-1,0,-1,-1,0,-1,23547,6444,17103
10,2006,1594625,354398,1360546,167923,1048291,164223,54544,159133,136224,-1,530017,1528469,479098,1049371
11,2006,178847,34450,175047,34655,34769,15975,-1,-1,0,-1,-1,209702,69517,140184
12,2006,145909,30327,133936,13931,77961,-1,-1,-1,0,-1,-1,147868,47529,100339
13,2006,162577,40649,117270,30261,56972,-1,0,-1,-1,0,-1,147531,46898,100633
14,2006,209526,43305,171222,17970,249721,-1,-1,-1,-1,0,160125,189192,65257,123935
15,2006,335726,60883,299094,28117,131784,-1,-1,-1,-1,0,-1,327211,116903,210308
16,2006,291815,78627,266174,12940,364990,57980,-1,-1,-1,-1,203544,279114,64379,214735
17,2006,154204,27660,122761,17779,90284,39069,-1,-1,-1,0,45137,140540,43299,97241
18,2006,19754,-1,12197,3077,7459,0,-1,0,0,0,-1,15274,5800,9473
19,2006,87766,36760,58146,7948,31765,5073,0,-1,0,0,-1,66093,17796,48297
20,2006,-1,-1,4699,1245,2586,0,-1,-1,0,0,-1,5944,1718,4226
21,2006,2190241,516816,1832339,210432,820876,84770,84054,255495,189495,23586,183475,2042771,712913,1329857
22,2006,61853,34319,35782,8725,9000,0,0,-1,-1,-1,-1,44507,17144,27363
72,2006,46436,23283,35743,5457,-1,-1,-1,-1,-1,-1,-1,41201,14558,26643
24,2006,100569,23426,82902,12671,-1,0,-1,0,0,0,-1,95573,34997,60576
25,2006,166107,-1,179832,15483,-1,-1,-1,-1,0,0,-1,195315,65813,129502
26,2006,335985,63926,236077,23763,158787,-1,-1,-1,-1,-1,-1,259840,86120,173720
15,2006,309287,55780,259287,12036,138533,-1,-1,-1,-1,-1,65420,271323,100495,170828
27,2006,98105,15407,100796,13189,91960,-1,-1,-1,-1,-1,-1,113985,33934,80051
28,2006,315728,69869,285792,16940,136099,13909,-1,-1,-1,-1,-1,302732,105413,197319
29,2006,27738,9816,28015,5868,30795,-1,-1,-1,18499,-1,-1,33883,14382,19500
30,2006,42083,6677,42124,8290,-1,-1,-1,-1,-1,0,-1,50414,20577,29837
31,2006,155468,34971,142191,15364,-1,-1,-1,-1,-1,0,-1,157555,48339,109216
32,2006,117220,-1,81812,16887,32412,-1,0,-1,-1,0,-1,98699,36139,62560
33,2006,62740,10476,54034,4419,20326,-1,-1,-1,-1,0,-1,58452,24921,33531
34,2006,33563,-1,26681,5294,-1,0,-1,-1,0,0,0,31975,11963,20013
75,2006,49937,37100,35999,5825,-1,0,0,0,0,-1,-1,41824,14676,27148
76,2006,63248,35350,39310,3872,13653,-1,-1,-1,-1,877,4235,43182,17162,26020
77,2006,204173,56435,165962,36348,36364,-1,5853,-1,-1,0,-1,202310,66281,136029
35,2006,75721,-1,41065,20218,30920,394,-1,-1,1625,0,-1,61284,19839,41445
36,2006,10356,554,6918,1987,2019,394,0,0,1625,0,0,8905,3354,5551
37,2006,50023,0,23211,-1,0,0,0,0,0,0,0,27083,9524,17559
38,2006,15342,-1,10936,14360,28901,0,-1,-1,0,0,-1,25296,6960,18335
39,2006,35534,11136,23569,6374,1812,-1,0,596,-1,-1,-1,29943,10921,19022
40,2006,17374,4652,11360,4319,329,-1,0,-1,0,0,-1,15679,5139,10539
41,2006,11322,5776,7935,-1,-1,0,0,428,0,-1,0,9294,3805,5488
42,2006,6838,708,4274,696,-1,-1,0,-1,-1,0,-1,4970,1976,2994
43,2006,664293,57516,555784,102664,116562,16861,12213,23808,16102,-1,44142,658448,201554,456894
44,2006,33592,-1,32362,2688,-1,-1,-1,-1,-1,-1,-1,35050,9646,25405
45,2006,38343,-1,32987,4003,-1,-1,0,-1,0,-1,-1,36990,11426,25565
46,2006,20001,1319,14429,1860,12286,4525,-1,-1,-1,0,-1,16288,5152,11136
47,2006,53979,-1,61798,6960,-1,0,0,0,-1,0,0,68758,20803,47954
48,2006,24058,6019,14079,1685,-1,0,-1,-1,0,0,-1,15765,5258,10507
49,2006,22060,3577,17234,3044,6495,2957,-1,2648,0,0,0,20277,7209,13069
50,2006,73409,-1,45096,16197,-1,0,0,-1,0,0,0,61293,18705,42588
51,2006,14046,1281,12571,-1,-1,-1,-1,-1,-1,0,0,-1,6861,-1
52,2006,98977,4186,96431,8429,-1,0,-1,-1,0,0,-1,104860,33749,71111
53,2006,121985,-1,97517,20269,-1,0,0,0,-1,0,0,117787,27674,90113
73,2006,53876,14617,40063,12290,10730,-1,-1,0,-1,0,-1,52353,17770,34582
55,2006,4638,215,3670,203,704,-1,0,403,-1,0,0,3873,1235,2638
56,2006,9809,-1,8143,-1,0,0,0,0,0,0,0,8435,2740,5695
57,2006,786,219,532,101,-1,0,0,-1,0,0,-1,633,251,382
58,2006,14116,1416,9480,-1,1312,-1,0,-1,-1,0,0,9999,3055,6944
59,2006,3018,705,1352,225,-1,0,0,-1,0,0,0,1577,566,1012
60,2006,24284,921,21659,3879,-1,0,0,0,-1,0,0,25538,10842,14696
61,2006,4331,-1,3358,256,-1,-1,0,-1,0,0,-1,3614,1016,2597
63,2006,3802,-1,3337,1000,0,0,0,0,0,0,0,4337,1628,2709
74,2006,35342,5868,31438,7854,17568,-1,0,0,-1,0,-1,39292,12662,26630
64,2006,9840,-1,8248,881,5130,-1,0,0,0,0,-1,9129,3305,5824
65,2006,452,-1,398,-1,-1,-1,0,0,0,0,0,686,332,354
66,2006,452,-1,398,-1,-1,-1,0,0,0,0,0,686,332,354
67,2006,2953,411,2389,427,-1,0,-1,0,0,0,0,2816,1113,1703
9,2006,1795,259,1474,326,0,0,0,0,0,0,0,1800,661,1139
68,2006,1158,-1,915,-1,-1,0,-1,0,0,0,0,1016,452,564
69,2006,10012,2631,8367,2889,19572,4819,-1,0,13553,0,-1,11256,2857,8399
0,2007,6388707,1870520,5061437,778583,4025712,485529,365777,887002,937550,41371,1308483,5840020,1878439,3961581
1,2007,344145,137064,305211,73072,685499,22704,70923,-1,440214,-1,-1,378284,102669,275615
2,2007,12109,3774,11634,3322,12935,-1,-1,-1,0,-1,-1,14957,3660,11297
3,2007,69617,31133,44555,18922,142945,-1,-1,-1,124382,-1,0,63477,18293,45184
4,2007,156172,-1,157898,34447,279328,-1,-1,-1,227412,-1,-1,192345,51257,141087
5,2007,90270,27981,79768,14291,231451,14269,-1,-1,-1,0,-1,94059,25836,68222
6,2007,-1,-1,-1,-1,-1,-1,-1,-1,0,0,-1,-1,3622,-1
7,2007,110999,6475,91555,45630,28647,-1,-1,2156,24728,-1,-1,137185,47972,89213
8,2007,54970,4253,42739,30474,19072,-1,-1,2156,15153,-1,-1,73213,20985,52228
9,2007,56029,-1,48816,15156,-1,0,0,0,-1,0,0,63972,26987,36985
10,2007,2491975,975874,1933797,274456,2360343,292662,212639,516991,331253,19679,987119,2208253,685904,1522349
11,2007,349146,100470,302078,34383,166372,96888,-1,-1,0,0,-1,336461,91951,244510
12,2007,193385,41065,149629,33554,87326,-1,-1,-1,-1,-1,47268,183183,56405,126778
13,2007,238260,77953,156036,36414,169004,-1,0,-1,-1,-1,-1,192450,59691,132759
14,2007,596419,229463,437039,62231,753780,-1,-1,180533,-1,-1,442451,499271,170749,328521
15,2007,393288,-1,281325,49592,215676,-1,-1,38009,-1,0,-1,330918,114368,216549
16,2007,283886,142607,297090,17340,529289,-1,93750,83394,102852,-1,181727,314431,74252,240179
17,2007,273658,169616,172680,24895,333067,80529,-1,48053,-1,-1,138380,197575,66690,130884
18,2007,42500,-1,50823,8729,12891,-1,-1,-1,0,0,-1,59552,19505,40046
19,2007,111805,69045,81418,6526,80423,-1,-1,-1,-1,0,19207,87945,30362,57583
20,2007,9526,-1,5565,767,12457,-1,-1,-1,-1,0,-1,6331,1850,4481
78,2007,102,0,114,-1,-1,-1,-1,0,0,0,0,138,80,-1
21,2007,2572990,619384,2033512,254725,700009,121118,67515,188703,110350,-1,197318,2288237,761044,1527193
22,2007,108467,62404,81346,16154,-1,-1,-1,-1,-1,0,-1,97500,39160,58340
72,2007,92901,28945,73519,15881,-1,0,-1,-1,-1,0,-1,89401,32190,57210
24,2007,144329,43312,111638,8088,-1,0,-1,-1,0,0,0,119726,40041,79685
25,2007,240646,15093,193818,25346,8273,0,-1,-1,-1,0,-1,219165,69091,150073
26,2007,396938,43789,299110,17430,109336,-1,-1,-1,-1,-1,33415,316541,99460,217081
15,2007,371896,84263,292620,11500,116322,-1,-1,-1,-1,-1,50236,304120,99541,204578
27,2007,139686,34830,109263,34017,62281,-1,-1,-1,-1,0,10871,143279,48684,94596
28,2007,339580,114443,290100,29512,204443,42285,-1,53562,-1,-1,64420,319612,101295,218317
29,2007,28910,-1,30369,5617,35246,8163,-1,-1,16402,0,-1,35986,13496,22491
30,2007,47518,-1,35219,12920,36566,22318,-1,-1,-1,0,0,48140,12929,35210
31,2007,65354,-1,55576,10602,-1,-1,0,-1,0,0,-1,66178,25440,40738
32,2007,69653,8999,40904,4086,6288,-1,0,5105,0,0,-1,44990,18107,26882
33,2007,73468,14272,65249,5554,29697,-1,-1,-1,-1,-1,-1,70803,21326,49477
34,2007,69091,-1,58771,6709,-1,0,0,-1,0,-1,0,65480,22799,42680
77,2007,231772,59351,174349,-1,30085,-1,-1,-1,0,0,-1,211916,68720,143197
75,2007,68583,42681,46362,10171,-1,-1,-1,-1,0,-1,0,56533,23840,32693
76,2007,84199,28404,75298,3571,16168,-1,-1,-1,-1,0,-1,78870,24924,53945
35,2007,131528,-1,81439,16341,29371,-1,-1,19363,-1,0,-1,97780,38535,59245
36,2007,34636,1845,27686,3559,5943,0,0,-1,-1,0,-1,31245,12436,18809
37,2007,58360,-1,32799,8757,-1,-1,-1,-1,0,0,0,41556,17907,23648
38,2007,38532,-1,20954,4026,14268,0,0,12729,0,0,-1,24980,8192,16788
39,2007,39026,17590,22537,4626,5177,-1,-1,-1,-1,-1,703,27163,9819,17344
40,2007,12293,3274,7118,2456,182,0,0,0,0,0,182,9574,3289,6284
41,2007,17072,10972,8882,1061,-1,0,0,-1,0,-1,0,9943,3505,6438
42,2007,3086,-1,2953,561,-1,-1,0,-1,-1,0,-1,3514,1369,2144
79,2007,1543,1136,401,-1,-1,0,0,-1,0,0,-1,418,150,268
80,2007,5032,1528,3183,531,330,0,-1,-1,0,0,0,3714,1505,2209
43,2007,677515,98458,576901,104226,181443,37268,-1,83419,17889,-1,32739,681127,225954,455172
44,2007,54195,3928,53591,9890,12030,-1,0,-1,-1,0,-1,63481,19651,43830
45,2007,57157,2964,48310,5300,-1,-1,-1,-1,0,0,0,53610,15037,38573
46,2007,23180,-1,18367,2373,28821,-1,-1,2622,-1,0,-1,20740,6910,13830
47,2007,55018,-1,48965,5360,-1,-1,0,-1,0,0,0,54325,18588,35737
48,2007,29236,4435,21728,2919,13269,0,0,-1,-1,-1,0,24647,9381,15266
49,2007,25029,7247,22767,4082,-1,-1,0,-1,-1,-1,0,26849,8527,18322
50,2007,61062,5559,32672,6841,-1,0,0,-1,-1,0,0,39513,13207,26305
51,2007,12768,1220,11731,3705,-1,-1,-1,-1,0,0,0,15436,6281,9154
52,2007,120285,5412,111548,20817,-1,0,0,-1,-1,0,0,132364,43696,88669
53,2007,60356,-1,46044,7198,-1,0,0,-1,0,0,0,53242,12764,40479
73,2007,29349,3357,36228,13417,-1,0,0,-1,-1,0,0,49645,17519,32126
55,2007,9893,1092,9065,487,4466,0,-1,-1,1003,0,0,9552,2604,6948
56,2007,4703,-1,3923,184,0,0,0,0,0,0,0,4108,1544,2564
57,2007,957,-1,745,-1,-1,0,0,-1,0,0,0,794,394,400
58,2007,30717,12925,22070,661,-1,0,-1,-1,0,0,0,22731,7489,15242
59,2007,5658,1165,4470,707,-1,0,0,-1,0,0,-1,5177,1499,3679
60,2007,16552,3635,17358,6861,-1,-1,0,-1,0,-1,-1,24219,11893,12326
61,2007,3409,866,2981,417,-1,-1,-1,-1,0,0,0,3398,958,2440
63,2007,3129,-1,3521,1435,0,0,0,0,0,0,0,4956,2352,2604
74,2007,56417,14794,46525,9057,33145,-1,-1,-1,-1,-1,-1,55582,20094,35487
64,2007,18446,1638,14294,2464,6656,2881,0,-1,0,0,-1,16758,5566,11192
81,2007,5509,175,3967,1811,-1,0,-1,0,0,0,0,5778,2110,3668
82,2007,-1,0,-1,0,0,0,0,0,0,0,0,-1,-1,-1
83,2007,2987,0,2379,-1,0,0,0,0,0,0,0,3572,1382,2190
84,2007,808,-1,986,-1,0,0,0,0,0,0,0,1547,483,1064
85,2007,1390,-1,467,57,-1,0,-1,0,0,0,0,524,189,335
65,2007,565,-1,643,128,0,0,0,0,0,0,0,771,395,375
66,2007,565,-1,643,128,0,0,0,0,0,0,0,771,395,375
69,2007,14454,2477,11875,3568,35204,8036,3733,8141,10559,0,4734,15443,4037,11406
0,2008,7928867,1881779,6371058,2263046,3373051,489750,446432,997184,801259,62111,1071951,8634104,2781058,5853046
1,2008,309698,87464,244550,45865,551836,38207,58814,52469,422947,9331,25790,290415,83571,206844
2,2008,29155,13768,14447,6468,29085,-1,-1,-1,-1,0,-1,20915,7185,13730
3,2008,67444,25411,49744,9521,168956,-1,45461,-1,116147,-1,-1,59265,18418,40847
4,2008,122214,12816,109873,15067,190540,-1,-1,-1,163042,-1,-1,124940,33425,91515
5,2008,81744,30376,66492,13583,155600,-1,-1,6647,135573,-1,-1,80075,23242,56833
6,2008,9140,5092,3994,-1,-1,-1,-1,-1,0,0,0,5220,-1,3920
7,2008,116989,-1,95527,20729,-1,0,0,-1,0,0,-1,116257,37208,79048
8,2008,56707,-1,38852,17242,-1,0,0,-1,0,0,0,56094,19667,36427
9,2008,60282,-1,56676,3487,-1,0,0,-1,0,0,-1,60162,17541,42621
10,2008,3380643,1005416,2621131,1217430,1999302,327412,277832,716291,188836,17032,847587,3838561,1256107,2582454
11,2008,405848,30337,346029,51948,97265,-1,0,26323,0,-1,-1,397977,135455,262522
12,2008,236537,66099,178709,28506,87127,-1,-1,-1,0,0,50560,207215,63413,143803
13,2008,580765,179847,444730,340377,278869,-1,-1,209933,-1,0,-1,785108,243612,541496
14,2008,1034368,306582,806879,664208,831315,-1,42080,301854,-1,-1,420754,1471088,534603,936484
15,2008,402495,99790,338071,66289,116768,-1,-1,40649,-1,-1,31569,404360,136281,268078
16,2008,335352,161663,253418,21268,387702,174378,77961,87832,-1,0,156938,274686,56338,218348
17,2008,225458,84317,152568,21621,103474,14119,-1,21629,-1,-1,38124,174189,47258,126930
18,2008,49552,-1,32854,10848,39791,0,-1,-1,0,0,23566,43702,16205,27497
19,2008,101151,58945,62214,10633,54476,2024,-1,-1,-1,-1,32912,72846,20532,52314
20,2008,8839,-1,5369,-1,-1,-1,0,-1,-1,0,-1,7062,2258,4804
78,2008,-1,-1,290,-1,-1,-1,0,0,0,0,0,328,151,-1
21,2008,2820455,618447,2361036,566890,620083,84429,79017,156728,159124,28099,164215,2927926,939889,1988037
22,2008,96890,62183,63112,12525,-1,-1,0,-1,-1,-1,-1,75637,28198,47439
72,2008,104814,28994,77848,23099,-1,-1,-1,-1,-1,0,-1,100947,37592,63355
24,2008,125242,36120,98843,15667,19995,-1,-1,-1,-1,0,-1,114510,33796,80714
25,2008,213290,25175,175775,36803,-1,-1,-1,0,-1,0,0,212578,67773,144805
26,2008,349749,56036,298406,80316,41700,-1,0,-1,-1,-1,-1,378722,105006,273716
15,2008,353999,52295,300015,49700,121932,0,-1,15034,-1,-1,-1,349715,111933,237782
27,2008,148555,32121,126188,-1,65129,-1,-1,-1,-1,-1,18426,178436,65392,113044
28,2008,402257,106071,337784,56570,99509,11276,6600,-1,-1,-1,32502,394354,118273,276080
29,2008,42594,-1,43627,8013,18030,-1,-1,-1,5138,0,-1,51640,18576,33064
30,2008,62796,14999,64259,8878,44553,-1,-1,-1,-1,-1,-1,73137,26748,46389
31,2008,109796,-1,90170,58217,-1,-1,-1,-1,-1,0,-1,148388,54964,93423
32,2008,72527,-1,54699,18292,-1,0,0,-1,-1,0,-1,72991,26128,46864
33,2008,71463,17168,55626,-1,-1,0,-1,-1,-1,0,-1,92258,24639,67618
34,2008,103908,-1,89595,10564,-1,-1,-1,-1,0,0,0,100160,31127,69033
77,2008,411093,60357,387252,83126,43676,29281,-1,-1,-1,-1,-1,470378,148997,321381
75,2008,81219,51175,42879,9533,-1,0,-1,0,-1,0,-1,52412,20102,32310
76,2008,70264,25164,54957,6706,-1,0,0,-1,-1,-1,-1,61663,20644,41019
35,2008,247922,16547,173821,219930,17211,-1,-1,-1,-1,0,-1,393752,134667,259085
36,2008,53199,-1,39185,65790,-1,0,-1,-1,-1,0,0,104975,30202,74772
37,2008,112541,-1,68342,115236,0,0,0,0,0,0,0,183578,78940,104638
38,2008,82183,-1,66294,38904,12507,-1,-1,-1,0,0,-1,105198,25524,79674
39,2008,34594,14498,23172,4121,2365,363,-1,-1,298,-1,-1,27293,9078,18215
40,2008,13535,3245,9876,2306,-1,-1,0,-1,0,0,-1,12182,4103,8079
41,2008,11431,8069,6499,-1,0,0,0,0,0,0,0,7084,2315,4769
42,2008,3748,-1,3356,560,-1,0,0,-1,0,0,0,3916,1121,2795
79,2008,1072,648,267,-1,718,-1,-1,0,298,-1,278,316,110,206
80,2008,4808,1989,3174,623,0,0,0,0,0,0,0,3796,1430,2366
43,2008,997257,121041,834090,180916,159060,36799,22290,48030,24749,-1,29921,1015006,314885,700121
44,2008,99211,-1,88167,70917,-1,-1,-1,-1,-1,0,-1,159085,39893,119191
45,2008,50500,-1,40475,5117,7268,-1,-1,-1,-1,0,-1,45592,13590,32002
46,2008,20152,2776,15693,3109,9636,-1,-1,4748,0,0,0,18801,4804,13998
47,2008,54379,11559,46451,10365,-1,-1,-1,0,0,0,0,56815,17954,38861
48,2008,44631,7014,35748,5422,19142,0,-1,-1,-1,0,-1,41170,14716,26454
49,2008,34288,-1,28950,2817,6349,-1,-1,-1,-1,0,-1,31767,8526,23241
50,2008,153568,-1,123586,-1,-1,0,0,-1,0,0,-1,138920,47597,91323
51,2008,15860,3515,10412,3171,3138,-1,-1,-1,-1,0,0,13583,4838,8745
52,2008,145938,6930,132412,10917,5060,-1,-1,-1,-1,0,0,143329,51071,92258
53,2008,150827,-1,128220,7124,-1,0,-1,-1,0,-1,0,135344,33690,101654
73,2008,58505,17469,44719,10216,11905,-1,-1,0,-1,0,-1,54935,16882,38053
55,2008,4349,255,4536,560,1710,-1,-1,-1,-1,0,-1,5095,1242,3853
56,2008,7918,962,5345,-1,-1,0,0,-1,0,-1,0,5966,1635,4331
57,2008,2017,-1,1563,-1,-1,0,0,-1,0,0,0,1735,582,1153
58,2008,28506,7478,18235,-1,-1,0,0,-1,0,0,0,18853,6403,12449
59,2008,5290,-1,4092,-1,-1,0,0,-1,0,0,0,4539,2269,2269
60,2008,36840,9606,32139,3077,3155,-1,-1,0,-1,0,-1,35217,15131,20086
61,2008,3945,847,3002,711,1267,334,212,751,-1,0,0,3713,1389,2323
63,2008,4211,-1,3518,1051,-1,0,0,-1,0,0,0,4569,2436,2133
74,2008,60863,19271,52409,-1,18001,0,0,-1,-1,0,-1,78627,23365,55262
64,2008,15459,-1,14420,2933,3909,-1,-1,-1,-1,0,-1,17353,6872,10481
81,2008,3885,240,2643,854,110,0,0,133,0,0,0,3496,1330,2167
82,2008,244,-1,-1,-1,0,0,0,0,0,0,0,-1,-1,-1
83,2008,1939,-1,1601,0,-1,0,0,-1,0,0,0,1601,682,919
84,2008,1459,-1,844,721,-1,0,0,-1,0,0,0,1566,564,1001
85,2008,242,0,-1,-1,0,0,0,0,0,0,0,215,-1,184
65,2008,761,-1,604,-1,0,0,0,0,0,0,0,749,224,525
66,2008,761,-1,604,-1,0,0,0,0,0,0,0,749,224,525
69,2008,16662,-1,14483,6166,7971,-1,-1,-1,3128,0,-1,20649,4100,16550
0,2009,7275541,2100809,5827590,1135976,4167599,391629,371749,1205484,1046332,92346,1060060,6963566,2159750,4803816
1,2009,390392,150418,331816,139055,627831,41138,55543,88184,404363,-1,-1,341654,145461,196193
7,2009,131456,3066,112187,18727,-1,-1,-1,-1,0,0,-1,122873,30233,92640
10,2009,3159275,1161218,2687201,350556,2264793,166289,205080,622698,304914,70975,894838,3037758,910074,2127683
21,2009,2398128,632013,1810497,398488,895793,125953,76630,400942,189010,19875,83384,2208985,723889,1485096
35,2009,178536,31391,95877,123120,128038,-1,-1,40181,-1,0,-1,218997,77026,141972
39,2009,36781,10617,26102,4005,7127,-1,-1,-1,0,0,-1,30107,10691,19416
43,2009,964915,110589,751809,99383,200710,34667,26026,43081,78611,-1,-1,851193,265351,585842
81,2009,3300,946,2004,537,-1,-1,-1,-1,0,-1,-1,2541,860,1681
65,2009,218,-1,289,-1,-1,0,0,0,0,0,-1,388,-1,281
69,2009,12540,499,9808,2005,-1,-1,-1,-1,-1,-1,-1,11813,3178,8634
0,2010,6647823,2110925,5102945,624173,3023407,344489,304057,809948,851347,0,713565,5727118,1862568,3864550
1,2010,186119,35781,157851,58315,554345,5193,10506,20355,511265,0,7026,216166,61870,154296
2,2010,10568,-1,10332,4310,22149,-1,-1,-1,11859,0,-1,14642,5586,9056
3,2010,49965,9772,38772,14324,137834,-1,-1,-1,126664,0,-1,53097,15625,37472
4,2010,66597,9733,57813,18287,295411,0,0,-1,286855,0,0,76100,18940,57160
5,2010,38584,-1,33793,17461,44375,-1,-1,-1,33995,0,-1,51254,16588,34665
6,2010,-1,2757,-1,-1,-1,-1,-1,0,-1,0,-1,-1,-1,-1
7,2010,103621,9698,50035,17926,5858,-1,-1,-1,0,0,-1,67961,22296,45666
8,2010,48663,2535,23342,10133,-1,-1,-1,-1,0,0,-1,33475,10192,23283
9,2010,54959,7163,26693,7793,-1,0,-1,-1,0,0,0,34487,12104,22383
10,2010,2713760,1133105,2051246,199386,1322892,160260,106486,460016,96661,0,499469,2250632,691961,1558671
11,2010,296889,-1,266148,37317,22108,-1,-1,0,0,0,18078,303466,79692,223774
12,2010,329872,91214,295301,23361,71120,-1,-1,56480,-1,0,-1,318662,99990,218672
13,2010,194558,78685,144016,10294,101731,7651,-1,-1,-1,0,37862,154310,55831,98479
14,2010,469911,188304,279782,31427,272548,-1,-1,132334,-1,0,96320,311209,106756,204453
15,2010,492363,265734,344819,38412,361251,-1,14024,-1,-1,0,174304,383231,147034,236197
16,2010,431347,217881,341611,15455,313497,64393,56127,64941,-1,0,116785,357066,73077,283989
17,2010,296799,160486,237456,24406,105747,20652,0,-1,-1,0,33907,261862,84700,177162
18,2010,59874,8936,46222,7544,32859,-1,0,-1,0,0,-1,53766,17422,36344
19,2010,130742,73708,89614,6592,26632,0,20861,0,0,0,-1,96206,22615,73590
20,2010,11076,1056,6140,-1,-1,-1,-1,-1,-1,0,-1,10522,4709,5813
78,2010,330,-1,136,-1,0,0,0,0,0,0,0,332,134,-1
21,2010,2318039,751213,1764672,215386,706975,122456,133917,145558,165028,0,140016,1980057,672689,1307368
22,2010,99058,42150,55477,14816,17069,0,-1,8351,-1,0,3672,70293,23421,46871
72,2010,86883,48460,56295,9260,-1,-1,0,-1,0,0,-1,65555,25814,39741
24,2010,123809,39800,92365,7659,17102,-1,-1,-1,10381,0,-1,100024,34840,65184
25,2010,188121,13179,153064,30760,-1,-1,-1,0,-1,0,-1,183824,60505,123319
26,2010,380302,97322,305356,15072,34924,0,-1,-1,-1,0,-1,320427,92703,227724
15,2010,360298,167371,247564,8002,106521,-1,-1,0,32353,0,-1,255565,102841,152724
27,2010,61136,18939,48606,16919,28653,-1,-1,-1,-1,0,-1,65525,22903,42621
28,2010,189753,66621,157692,29539,146818,-1,-1,68735,-1,0,-1,187231,65050,122180
29,2010,37009,8314,29582,11434,35970,-1,-1,0,18603,0,-1,41016,15349,25667
30,2010,104417,17689,99844,14908,51892,-1,-1,0,21256,0,-1,114752,37591,77161
31,2010,67621,-1,57657,16653,-1,0,-1,0,-1,0,-1,74310,21887,52423
32,2010,62475,23377,31974,5324,42597,0,0,-1,0,0,-1,37298,12213,25085
33,2010,106997,24367,101693,4522,24761,-1,-1,-1,-1,0,-1,106215,32549,73665
34,2010,104747,-1,89689,-1,-1,-1,-1,-1,0,0,-1,98126,36858,61268
77,2010,199955,72080,148181,9598,-1,-1,-1,-1,-1,0,-1,157779,54562,103217
75,2010,69871,44548,40889,4372,-1,0,0,-1,-1,0,0,45261,15084,30178
76,2010,75587,35514,48743,8113,5643,0,-1,-1,-1,0,-1,56857,18518,38339
35,2010,90057,10122,55755,20314,159580,-1,-1,88344,-1,0,-1,76070,30631,45438
36,2010,20260,-1,13653,6006,9927,-1,-1,-1,-1,0,-1,19659,7620,12040
37,2010,-1,-1,-1,-1,-1,-1,-1,-1,0,0,-1,29245,14831,-1
38,2010,31231,2047,21667,5498,61849,-1,-1,56914,-1,0,-1,27165,8181,18985
39,2010,50874,18349,37149,3595,5204,-1,-1,2823,516,0,1487,40744,14289,26455
40,2010,19030,6562,12736,2259,-1,0,0,-1,0,0,-1,14995,5260,9735
41,2010,18788,5700,14253,-1,-1,0,0,-1,0,0,-1,14623,4996,9627
42,2010,4123,531,2904,535,306,0,0,-1,0,0,-1,3438,928,2510
79,2010,0,0,0,0,0,0,0,0,0,0,0,0,0,0
80,2010,8933,5556,7256,432,2918,-1,-1,1362,516,0,-1,7689,3106,4583
43,2010,1170507,151159,975300,104791,237172,28154,23246,90154,66737,0,28881,1080091,364079,716013
44,2010,69772,-1,61143,11762,-1,0,-1,-1,-1,0,-1,72906,23473,49433
45,2010,62270,9719,57833,4453,29117,-1,-1,16653,-1,0,-1,62287,21051,41236
46,2010,28691,4998,23519,2150,-1,-1,0,-1,-1,0,0,25669,11250,14420
47,2010,51635,13374,44540,-1,22571,-1,-1,-1,-1,0,-1,49655,20652,29002
48,2010,75070,21484,52442,5639,28486,-1,-1,11459,-1,0,0,58081,20517,37563
49,2010,37315,6275,27897,4409,-1,-1,0,-1,0,0,0,32306,12482,19824
50,2010,129127,6922,92813,5861,3328,0,0,3328,0,0,0,98674,39741,58932
51,2010,17318,2520,15056,2887,-1,0,0,0,-1,0,-1,17944,6743,11200
52,2010,179651,8519,167834,16842,-1,-1,0,-1,-1,0,0,184677,53752,130924
53,2010,213191,13042,176866,-1,-1,0,-1,-1,0,0,-1,198890,53287,145603
73,2010,73474,17057,67640,8093,-1,-1,-1,-1,-1,0,-1,75733,29353,46380
55,2010,8291,821,7591,458,-1,0,-1,0,-1,0,-1,8049,2160,5888
56,2010,18988,-1,16210,-1,-1,-1,-1,-1,0,0,-1,17167,5626,11541
57,2010,687,-1,527,-1,-1,0,-1,-1,0,0,0,733,249,485
58,2010,23840,5285,11883,-1,-1,0,0,7175,0,0,-1,11998,3258,8740
59,2010,7231,720,6193,-1,0,0,-1,0,0,0,0,6949,2703,4246
60,2010,40616,8530,32092,3911,-1,-1,926,-1,-1,0,-1,36003,15461,20542
61,2010,4472,2167,3093,-1,2776,-1,-1,1083,-1,0,-1,3280,1250,2030
63,2010,8388,1931,6795,876,812,0,-1,-1,-1,0,0,7671,3502,4169
74,2010,98881,15952,84134,6933,25665,-1,-1,-1,-1,0,-1,91066,30844,60222
64,2010,21600,4886,19197,1158,29196,-1,-1,16119,12076,0,-1,20355,6722,13632
81,2010,5806,472,4343,944,871,-1,0,478,0,0,0,5287,2066,3221
82,2010,-1,-1,0,0,-1,-1,-1,0,0,0,0,0,0,0
83,2010,3173,-1,2695,-1,-1,0,0,-1,0,0,-1,3107,1172,1935
84,2010,2055,362,1382,407,795,-1,-1,418,0,0,-1,1789,780,1009
85,2010,380,0,266,-1,0,0,0,0,0,0,0,392,-1,277
65,2010,558,-1,337,-1,-1,-1,-1,0,-1,0,-1,389,-1,287
66,2010,558,-1,337,-1,-1,-1,-1,0,-1,0,-1,389,-1,287
69,2010,8481,846,6256,3464,28737,0,-1,-1,9742,0,17698,9720,2584,7136
0,2011,5208185,1715009,3660468,933508,3952015,355647,441147,881869,883713,0,1405569,4593976,1457159,3136817
1,2011,156377,45880,116964,43872,668029,-1,104267,104014,352911,0,29955,160836,53956,106880
2,2011,-1,-1,2923,2326,22280,0,-1,-1,-1,0,-1,5249,866,4383
3,2011,43126,12069,37077,11009,229567,-1,65946,-1,109688,0,-1,48087,17735,30352
4,2011,55548,4247,41939,20077,193542,-1,-1,-1,127427,0,-1,62016,18564,43452
5,2011,38796,20245,29111,-1,205356,-1,-1,-1,-1,0,-1,38378,15002,23376
6,2011,6314,1384,5914,1192,-1,-1,0,-1,-1,0,-1,7106,1789,5317
7,2011,147234,20877,88910,28881,119094,-1,-1,79295,-1,0,-1,117792,37716,80075
8,2011,101473,2513,68100,23327,-1,0,0,-1,0,0,-1,91427,28784,62643
9,2011,45761,18364,20810,-1,113854,-1,-1,74538,-1,0,-1,26364,8932,17432
10,2011,1763839,704518,1171814,211680,1519153,94137,92690,221062,139533,0,992901,1383494,439868,943627
11,2011,219247,52327,159952,23673,22359,-1,0,-1,0,0,-1,183626,56626,127000
12,2011,186871,63051,131176,22574,-1,-1,-1,-1,0,0,-1,153751,46242,107509
13,2011,186574,71961,112817,22169,221602,-1,-1,-1,-1,0,152306,134986,42183,92803
14,2011,233697,65141,163592,33730,373208,-1,-1,-1,-1,0,281515,197322,78073,119249
15,2011,372758,152031,265387,45555,243069,-1,-1,-1,-1,0,124239,310942,100434,210508
16,2011,230799,128153,148421,22952,-1,60829,-1,80109,-1,0,-1,171373,42548,128825
17,2011,175187,89988,98078,19246,27600,-1,-1,-1,-1,0,-1,117324,40119,77205
18,2011,43810,17054,25552,15375,32457,-1,-1,-1,0,0,14425,40927,14417,26511
19,2011,106493,62470,59918,3550,-1,-1,0,0,0,0,-1,63468,14693,48775
20,2011,7926,-1,6779,-1,-1,0,0,-1,0,0,-1,9231,4291,4941
78,2011,-1,-1,140,402,-1,0,0,0,-1,0,-1,543,241,301
21,2011,2221375,744850,1593242,442400,1141448,101097,163555,226649,283890,0,339537,2035642,628062,1407580
22,2011,113664,54499,62391,17530,19690,-1,-1,6841,-1,0,-1,79921,30918,49003
72,2011,86368,35980,51692,14481,14655,-1,-1,-1,-1,0,0,66173,26010,40163
24,2011,117704,51253,76815,10229,-1,-1,-1,-1,-1,0,-1,87044,29333,57711
25,2011,244036,14661,171152,33817,4187,-1,0,-1,-1,0,0,204969,60900,144069
26,2011,201068,62857,159727,8783,122925,-1,-1,-1,-1,0,-1,168510,54887,113622
15,2011,330325,142089,241869,20147,239014,-1,16155,34280,13321,0,158163,262015,96998,165017
27,2011,61348,28740,47009,16045,65040,-1,7139,5393,-1,0,33365,63054,25397,37656
28,2011,214355,73317,146823,31225,158262,8197,19963,-1,21729,0,41818,178048,55055,122993
29,2011,27978,9712,25350,13485,18772,-1,-1,0,9525,0,-1,38835,9979,28855
30,2011,84849,22543,65585,21718,98530,18814,-1,-1,52315,0,-1,87303,28057,59246
31,2011,52896,-1,45264,11605,18860,0,0,-1,-1,0,-1,56869,17768,39100
32,2011,79999,14152,59794,64219,109623,-1,-1,43549,0,0,-1,124014,35179,88835
33,2011,85612,19716,68699,5096,72906,-1,-1,-1,-1,0,-1,73795,26133,47663
34,2011,77688,-1,71469,-1,-1,-1,-1,-1,0,0,0,82421,25815,56606
77,2011,286897,98785,224912,21094,89497,-1,-1,-1,-1,0,-1,246006,76554,169452
75,2011,96220,76023,37148,-1,14892,-1,-1,1927,-1,0,0,-1,16687,-1
76,2011,60367,28555,37546,7306,17726,-1,-1,0,-1,0,-1,44852,12392,32460
35,2011,88917,-1,45678,112255,137144,-1,-1,120465,0,0,13842,157933,51935,105998
36,2011,8091,2062,5382,4960,15365,0,-1,9084,0,0,6022,10342,3482,6860
37,2011,30451,-1,11797,15663,-1,0,-1,-1,0,0,-1,27460,12029,15431
38,2011,50375,6184,28499,91632,34702,-1,-1,32790,0,0,-1,120131,36423,83707
39,2011,46477,25212,26290,4386,18720,-1,-1,6463,-1,0,6955,30675,9659,21016
40,2011,25250,13108,13316,2667,6215,-1,0,-1,0,0,-1,15983,4804,11179
41,2011,9616,4505,5754,-1,5596,0,0,-1,-1,0,-1,6026,1970,4056
42,2011,5541,2607,3038,749,1212,-1,0,-1,-1,0,0,3788,1226,2561
80,2011,6070,4992,4182,698,5697,-1,-1,-1,-1,0,3995,4880,1659,3220
43,2011,769679,150277,607812,86327,311034,38822,-1,116914,91392,0,13620,694139,232646,461493
44,2011,39466,7059,35302,9271,24258,6728,-1,-1,-1,0,-1,44573,16191,28382
45,2011,32765,2923,27479,5522,16221,-1,-1,-1,-1,0,0,33001,10941,22060
46,2011,17424,4060,13015,1705,12647,4296,-1,-1,0,0,-1,14720,4532,10188
47,2011,28487,-1,18447,-1,-1,-1,-1,-1,-1,0,-1,19983,7171,12812
48,2011,48341,21944,33102,-1,38547,-1,-1,31967,-1,0,-1,38939,14662,24277
49,2011,31788,8522,20894,1156,5631,-1,-1,-1,0,0,0,22050,6798,15252
50,2011,162567,-1,120253,7208,62001,1138,-1,-1,-1,0,-1,127461,44716,82745
51,2011,18328,2984,15992,4162,-1,0,-1,0,-1,0,0,20154,6369,13785
52,2011,130976,9171,115466,7198,-1,0,0,-1,-1,0,0,122664,38910,83754
53,2011,91487,-1,79638,14244,-1,-1,-1,-1,0,0,-1,93881,29101,64780
73,2011,54344,15935,43534,10423,4146,0,-1,-1,-1,0,0,53957,18115,35842
55,2011,4863,1317,3988,503,4899,0,-1,-1,3670,0,381,4491,950,3541
56,2011,10847,-1,4426,337,-1,-1,-1,-1,0,0,0,4762,1710,3052
57,2011,460,131,333,-1,-1,0,0,-1,0,0,0,423,-1,342
58,2011,16255,6020,10086,1373,5837,0,-1,2935,0,0,-1,11458,2628,8830
59,2011,6528,-1,5250,434,-1,-1,-1,-1,0,0,-1,5684,2682,3002
60,2011,19288,5790,13758,4182,2844,-1,-1,-1,-1,0,-1,17940,8576,9365
61,2011,3062,1601,1774,202,3273,1103,-1,-1,0,0,-1,1976,686,1290
63,2011,6975,1232,6226,1936,1754,-1,-1,0,-1,0,-1,8161,3133,5028
74,2011,32389,4808,27768,8426,23613,-1,-1,-1,9644,0,0,36194,11993,24201
64,2011,13037,-1,11083,583,6570,4640,-1,-1,-1,0,-1,11666,2703,8963
81,2011,4480,593,3010,891,1468,0,-1,-1,-1,0,-1,3901,1243,2658
82,2011,-1,0,-1,0,0,0,0,0,0,0,0,-1,-1,-1
83,2011,3162,-1,1985,516,-1,0,-1,-1,0,0,-1,2501,-1,1620
84,2011,676,-1,744,214,-1,0,0,-1,0,0,0,958,217,741
85,2011,362,-1,121,-1,-1,0,0,0,-1,0,0,281,107,175
65,2011,430,-1,418,231,-1,-1,-1,0,0,0,0,649,-1,451
66,2011,430,-1,418,231,-1,-1,-1,0,0,0,0,649,-1,451
69,2011,9376,1681,6330,2584,34571,25949,4211,6548,0,0,-1,8914,1877,7037
0,2012,4946543,1809382,3355931,729614,4281540,585305,359702,1100393,1140884,0,1046789,4181292,1334030,2847261
1,2012,216547,82163,154537,68119,802577,141578,92186,72949,468739,0,24715,222656,64580,158076
2,2012,16950,-1,11500,6330,-1,0,-1,-1,-1,0,-1,17830,4342,13488
3,2012,69249,39733,43025,13082,202588,-1,-1,-1,145645,0,-1,56107,16278,39829
4,2012,72750,18969,56985,27078,385703,90969,45313,-1,202443,0,-1,84063,23219,60844
5,2012,44887,15051,31299,14176,154068,-1,-1,-1,90975,0,-1,45475,13985,31490
6,2012,12712,-1,-1,7453,37591,-1,-1,-1,12790,0,-1,19180,-1,12425
7,2012,160502,-1,115398,24770,-1,-1,-1,-1,-1,0,-1,140168,40996,99172
8,2012,119475,-1,91164,17813,-1,0,0,-1,0,0,0,108977,32377,76599
9,2012,41026,-1,24234,6957,-1,-1,-1,-1,-1,0,-1,31191,8618,22573
10,2012,1819266,812705,1174575,218864,1274721,202728,32823,185664,290855,0,536367,1489186,467598,1021588
11,2012,257937,-1,226187,54531,61108,-1,-1,-1,-1,0,-1,280718,75703,205015
12,2012,148352,41721,33429,5258,57348,-1,0,-1,0,0,-1,134433,38015,96418
13,2012,197422,77440,110785,24306,193128,-1,-1,62214,47446,0,-1,135090,55190,79901
14,2012,231602,76480,185220,36308,373009,-1,-1,-1,-1,0,196696,221529,83261,138268
15,2012,362423,156374,256941,40083,257187,-1,0,10826,59940,0,186088,297023,103030,193993
16,2012,227012,142938,155459,16648,205972,-1,11388,41208,-1,0,34224,172107,33681,138426
17,2012,201902,118393,94465,26647,75626,-1,-1,-1,-1,0,9477,121112,41884,79229
18,2012,50414,9747,35652,6219,23382,-1,-1,-1,-1,0,-1,41871,12912,28959
19,2012,127178,87091,63935,6517,22587,0,-1,-1,0,0,19370,70452,18893,51559
20,2012,14627,2133,12246,2085,-1,-1,-1,-1,0,0,-1,14331,4799,9532
78,2012,398,0,256,262,0,0,0,0,0,0,0,519,230,288
21,2012,1898727,704940,1307859,248505,1316795,128223,138145,368811,244148,0,420397,1556364,514782,1041582
22,2012,92413,59648,39156,13932,19297,-1,-1,-1,-1,0,-1,53088,16308,36779
72,2012,61940,36426,26357,11374,-1,-1,-1,-1,-1,0,0,37730,13242,24488
24,2012,107984,45486,72015,11994,-1,-1,0,-1,-1,0,-1,84009,26973,57037
25,2012,246620,17915,186829,25315,-1,0,0,-1,-1,0,0,212144,72546,139598
26,2012,222563,77001,167076,9227,97928,0,-1,-1,-1,0,-1,176303,56917,119385
15,2012,286571,134318,208467,18386,256404,-1,21422,42676,23293,0,145383,226853,78439,148414
27,2012,67971,36335,49846,22205,87031,19280,8674,-1,33156,0,-1,72051,23947,48104
28,2012,142662,61390,97836,35887,216103,-1,-1,-1,-1,0,-1,133723,40185,93538
29,2012,27533,10142,15553,7948,46398,-1,15324,-1,17085,0,6588,23501,6899,16603
30,2012,49528,15459,38551,14457,59872,19062,0,-1,32773,0,-1,53008,16498,36510
31,2012,40597,3355,34123,8932,23049,-1,-1,-1,0,0,-1,43055,11984,31071
32,2012,96856,31347,55908,14805,204299,0,0,147228,-1,0,-1,70713,23909,46805
33,2012,73798,33826,48845,8667,70877,-1,-1,-1,-1,0,-1,57512,20463,37050
34,2012,63897,7478,53629,8165,38828,-1,12211,-1,-1,0,0,61793,21318,40475
77,2012,155649,24280,-1,17528,139035,-1,16070,20250,13931,0,58606,-1,-1,102167
75,2012,103647,79486,46938,8003,15780,-1,-1,-1,-1,0,-1,54941,21696,33245
76,2012,58499,31048,32805,11681,9681,-1,0,-1,-1,0,-1,44486,14173,30313
35,2012,99668,14161,60944,22891,41271,-1,-1,-1,5026,0,-1,83836,28598,55238
36,2012,13517,2950,9850,6519,14691,0,0,-1,5026,0,-1,16368,5418,10950
37,2012,62700,4658,39024,9299,-1,0,-1,-1,0,0,0,48323,17465,30859
38,2012,23451,-1,12070,-1,-1,-1,0,-1,0,0,-1,19144,5715,13429
39,2012,35744,25381,18426,5375,20931,-1,-1,8565,-1,0,8564,23800,8378,15422
40,2012,11802,7331,6157,3637,-1,-1,-1,-1,0,0,0,9793,3872,5921
41,2012,15237,11725,6698,913,13240,0,0,4829,0,0,-1,7610,2254,5357
42,2012,2513,1336,1316,-1,-1,0,-1,0,-1,0,-1,1915,702,1213
80,2012,6191,4988,4256,227,4551,-1,-1,2474,-1,0,1214,4482,1551,2932
43,2012,697090,155722,509477,133092,754506,96560,92192,-1,116095,0,47406,642570,201403,441166
44,2012,28839,5659,23372,22270,-1,-1,-1,-1,-1,0,-1,45642,13738,31904
45,2012,36324,6691,28583,4572,26597,-1,-1,-1,-1,0,-1,33155,10645,22510
46,2012,10641,2005,8115,1616,14571,-1,-1,0,-1,0,0,9730,2957,6774
47,2012,47579,19518,18662,5548,46914,-1,-1,-1,-1,0,-1,24210,8720,15490
48,2012,35123,9248,17738,-1,47788,-1,-1,31050,-1,0,-1,21900,8677,13222
49,2012,22081,5335,13205,995,2620,-1,-1,-1,-1,0,0,14200,5357,8843
50,2012,111515,33271,72593,6778,-1,-1,-1,-1,-1,0,-1,79371,25437,53934
51,2012,13807,4152,11669,-1,-1,0,-1,0,-1,0,0,17593,6413,11181
52,2012,136518,13667,126963,19510,11753,-1,-1,-1,-1,0,0,146473,48748,97725
53,2012,115938,16001,91216,-1,-1,-1,-1,-1,-1,0,-1,132242,28897,103345
73,2012,37654,10616,28399,5913,7214,-1,-1,-1,5970,0,0,34312,12979,21333
55,2012,5037,1525,3763,318,9506,-1,-1,0,5459,0,3781,4081,1324,2757
60,2012,14171,5628,9600,4131,10638,-1,-1,-1,-1,0,-1,13731,5032,8699
61,2012,5532,3359,3658,602,9279,2881,1769,2078,-1,0,-1,4260,1071,3189
63,2012,5165,1172,3121,518,-1,0,0,-1,0,0,0,3640,1966,1673
74,2012,27803,7806,21416,7452,26357,-1,-1,-1,15282,0,-1,28868,8338,20530
64,2012,7106,-1,6142,701,7904,4708,-1,-1,-1,0,-1,6843,2153,4690
86,2012,36257,-1,21263,1057,-1,0,-1,-1,0,0,-1,22320,8952,13368
81,2012,8194,368,5518,2436,-1,0,0,-1,-1,0,0,7954,3198,4757
82,2012,502,-1,311,-1,-1,0,0,-1,0,0,0,515,227,-1
83,2012,6202,-1,3961,1616,0,0,0,0,0,0,0,5577,2297,3280
84,2012,1399,286,1173,579,-1,0,0,-1,-1,0,0,1752,643,1109
85,2012,-1,-1,-1,-1,0,0,0,0,0,0,0,-1,-1,-1
65,2012,309,-1,252,187,-1,-1,0,0,0,0,-1,439,191,247
66,2012,309,-1,252,187,-1,-1,0,0,0,0,-1,439,191,247
69,2012,10496,1635,8944,5376,29544,8353,-1,-1,14996,0,2387,14320,4307,10013
0,2013,5953534,2311643,4014348,924955,5255497,560659,592215,1519302,1148096,0,1435225,4939304,1591480,3347823
1,2013,218348,84742,163494,66565,845331,118467,185447,49386,429152,0,62879,230059,64811,165248
2,2013,22705,14974,18047,10556,67265,-1,15496,-1,-1,0,0,28603,5650,22953
3,2013,31382,13164,29169,8965,237410,-1,42861,-1,135883,0,-1,38133,10482,27652
4,2013,103365,31828,73232,24246,334709,50460,62291,-1,192612,0,-1,97478,30362,67116
5,2013,50695,-1,37633,17965,189413,36509,62554,-1,61109,0,-1,55598,15071,40527
6,2013,10201,-1,5413,4833,16535,-1,-1,-1,-1,0,-1,10246,3246,7000
7,2013,264057,13397,205639,118317,-1,0,0,-1,0,0,0,323956,88086,235870
8,2013,149316,-1,119296,82567,-1,0,0,-1,0,0,0,201863,50018,151845
9,2013,114741,-1,86343,35750,-1,0,0,-1,0,0,0,122093,38068,84024
10,2013,2303032,937766,1617932,385537,1695202,212843,136454,391505,179995,0,774405,2003469,646466,1357004
11,2013,186503,63246,138734,53472,49297,-1,-1,10681,-1,0,-1,192206,52897,139310
12,2013,189384,83840,149272,19593,33915,22423,-1,-1,-1,0,-1,168865,48915,119951
13,2013,156099,53068,100992,22016,333739,-1,42629,-1,65858,0,-1,123008,38673,84335
14,2013,427317,116823,355027,119559,456783,0,0,-1,0,0,317335,474586,182036,292550
15,2013,626167,229755,470711,101116,392399,-1,-1,132927,53917,0,175874,571827,188673,383153
16,2013,259497,134144,158188,21473,188962,-1,-1,-1,36119,0,50933,179662,35678,143983
17,2013,297867,173702,158481,20459,147898,26670,-1,-1,-1,0,-1,178939,64000,114939
18,2013,21469,4874,19182,12768,-1,-1,-1,0,-1,0,-1,31950,9031,22919
19,2013,113968,74774,51611,6133,51499,-1,-1,0,-1,0,15020,57744,16103,41641
20,2013,23308,2554,15221,8762,23945,-1,-1,-1,-1,0,-1,23983,10133,13850
78,2013,-1,-1,513,-1,0,0,0,0,0,0,0,699,-1,373
21,2013,1982122,851620,1327740,241373,1760927,186656,209363,473079,423040,0,468788,1569113,521324,1047790
22,2013,119991,86550,52496,14005,27253,-1,-1,16305,6959,0,-1,66502,22816,43685
72,2013,74666,43524,39659,12092,-1,-1,-1,-1,-1,0,-1,51750,19191,32559
24,2013,109254,48655,77976,14974,57981,-1,-1,-1,-1,0,40525,92950,31136,61814
25,2013,189250,18634,138024,25518,52748,0,-1,-1,-1,0,-1,163542,50471,113070
26,2013,206167,80739,146752,24635,111165,-1,27241,13558,-1,0,-1,171387,64527,106859
15,2013,260093,142211,193347,15069,240782,42750,34699,24958,89928,0,48448,208416,60429,147987
27,2013,71911,39229,42071,18080,170985,37799,23641,32115,28881,0,48549,60151,21210,38941
28,2013,218607,86475,148632,13037,307071,13801,-1,140696,-1,0,118810,161669,55237,106432
29,2013,25060,8885,14711,8371,40298,4128,12983,-1,13209,0,-1,23083,6827,16256
30,2013,39824,10277,29816,8671,101519,-1,-1,-1,71548,0,-1,38486,10864,27622
31,2013,49383,6469,44001,10946,-1,-1,-1,-1,-1,0,-1,54947,18205,36742
32,2013,85239,22180,57499,-1,147074,0,-1,117448,0,0,27038,70973,18026,52947
33,2013,92297,36365,73179,5826,94890,-1,27237,-1,-1,0,-1,79006,31320,47686
34,2013,97367,18573,80223,11827,50033,-1,-1,-1,-1,0,-1,92050,34900,57150
77,2013,161959,61819,108685,28730,163599,50385,45452,-1,-1,0,20196,137415,42577,94837
75,2013,113612,95239,43803,11686,56600,-1,-1,9771,32346,0,12108,55489,20805,34684
76,2013,67441,45795,36866,4433,35872,0,-1,3049,-1,0,21860,41299,12781,28518
35,2013,138884,22745,64230,19948,97162,-1,0,53660,-1,0,-1,84178,30844,53334
36,2013,3950,639,2357,2208,6909,-1,0,-1,-1,0,-1,4564,1860,2705
37,2013,70669,7237,28978,-1,-1,0,0,-1,-1,0,-1,38720,-1,24150
38,2013,64265,-1,32894,7999,56999,-1,0,49871,0,0,-1,40893,14415,26479
39,2013,42586,23052,28167,3520,20588,-1,-1,5662,-1,0,11589,31687,10620,21067
40,2013,17922,7331,11431,1630,13656,-1,-1,-1,-1,0,-1,13061,4734,8327
41,2013,15559,10801,10572,-1,3747,0,0,-1,-1,0,-1,10976,3026,7950
42,2013,3744,1156,2401,1149,999,-1,-1,571,-1,0,-1,3550,1438,2113
80,2013,5361,3765,3763,337,2186,-1,-1,-1,-1,0,1403,4100,1423,2677
43,2013,985572,-1,594534,83209,772646,36315,51836,516539,94911,0,73045,677743,222800,454943
44,2013,23623,8579,17562,7795,47825,-1,-1,-1,-1,0,-1,25356,9140,16216
45,2013,41527,4063,31326,5997,-1,0,-1,-1,-1,0,-1,37323,12025,25297
46,2013,10797,2113,8759,2003,24244,-1,-1,-1,-1,0,0,10762,3881,6880
47,2013,35955,7716,26213,2325,58086,-1,-1,-1,-1,0,-1,28538,11775,16763
48,2013,28163,13432,13541,842,44370,-1,-1,29977,-1,0,-1,14383,4347,10036
49,2013,29006,8029,19733,6991,2820,-1,-1,-1,-1,0,0,26724,10151,16573
50,2013,437275,-1,173411,-1,425034,-1,-1,-1,0,0,-1,195372,59943,135429
51,2013,10091,2984,7680,3544,-1,-1,0,0,-1,0,-1,11225,4511,6714
52,2013,113982,3898,100908,10027,-1,-1,-1,-1,-1,0,-1,110935,35698,75238
53,2013,115300,10744,94038,3177,-1,-1,-1,-1,0,0,0,97215,29232,67983
73,2013,28086,7816,21065,5897,9715,-1,-1,-1,6445,0,-1,26963,10721,16241
55,2013,6693,2312,4930,523,4028,0,-1,-1,3655,0,-1,5453,1485,3968
60,2013,24560,10714,17227,2524,7128,-1,-1,-1,-1,0,-1,19751,8729,11022
61,2013,5969,3856,3804,448,5194,-1,1724,-1,-1,0,-1,4251,1406,2845
63,2013,8651,1656,7737,924,1542,-1,-1,-1,-1,0,-1,8661,3113,5548
74,2013,29515,5879,21608,5235,52420,16740,-1,-1,16314,0,-1,26843,7923,18920
64,2013,6828,729,5802,1176,8977,4301,-1,-1,0,0,-1,6978,2129,4849
86,2013,29551,-1,19192,1821,5278,0,0,-1,0,0,-1,21013,6590,14423
81,2013,8781,-1,5227,2071,-1,0,0,-1,0,0,-1,7297,2878,4419
82,2013,-1,-1,-1,-1,0,0,0,0,0,0,0,-1,-1,-1
83,2013,6075,-1,3081,1484,-1,0,0,-1,0,0,0,4564,1745,2819
84,2013,1340,-1,1070,225,0,0,0,0,0,0,0,1295,399,896
85,2013,278,0,-1,-1,-1,0,0,0,0,0,-1,-1,-1,-1
65,2013,943,-1,704,-1,-1,-1,-1,-1,0,0,-1,768,245,522
66,2013,943,-1,704,-1,-1,-1,-1,-1,0,0,-1,768,245,522
69,2013,9208,2704,6682,4351,39469,5015,-1,7607,17536,0,-1,11033,3406,7627
0,2014,5538743,2337809,3568447,801380,6055826,1094527,660697,1359964,1483975,0,1456664,4369827,1400350,2969476
1,2014,251820,95803,169889,60038,1174972,172819,170267,91009,596219,0,144658,229928,67492,162436
2,2014,26130,12212,12546,4235,79600,-1,-1,-1,52791,0,-1,16781,4925,11855
3,2014,50199,14428,36551,19546,342996,-1,83022,0,143942,0,-1,56097,15321,40776
4,2014,98342,32474,79862,22485,414532,62237,43635,42726,249463,0,16471,102347,30315,72032
5,2014,64623,35854,33383,11529,277110,-1,37395,36947,125468,0,-1,44912,14106,30806
6,2014,12526,-1,7547,2244,60735,-1,-1,-1,24555,0,-1,9791,2825,6966
7,2014,301585,20970,207229,113776,21854,-1,-1,-1,0,0,-1,321005,80913,240093
8,2014,149833,-1,102013,66869,-1,-1,0,-1,0,0,-1,168882,42150,126732
9,2014,151752,-1,105216,46908,-1,0,-1,-1,0,0,-1,152123,38763,113361
10,2014,1971165,990057,1205865,249043,1993240,386207,188357,337419,275236,0,806021,1454908,481600,973308
11,2014,238932,117993,135634,50586,218070,86834,-1,-1,-1,0,-1,186219,60866,125353
12,2014,125341,72109,82899,16137,123519,47380,-1,-1,0,0,-1,99036,22033,77003
13,2014,128254,50550,94596,19806,231292,-1,-1,-1,65798,0,-1,114403,33046,81357
14,2014,347758,125212,246284,33533,468551,-1,-1,21914,-1,0,236286,279818,106710,173108
15,2014,355252,149774,230887,58956,418784,-1,-1,130993,-1,0,204403,289843,106729,183114
16,2014,229199,140689,120733,19008,307937,74694,-1,-1,13994,0,156636,139741,34300,105441
17,2014,337874,207854,175297,30559,147019,-1,-1,-1,-1,0,-1,205856,73644,132212
18,2014,42225,24588,26169,9678,34941,12612,-1,-1,-1,0,10306,35847,12771,23076
19,2014,137419,92054,70910,7544,34792,-1,-1,-1,-1,0,8376,78454,21469,56985
20,2014,27832,9075,21934,-1,7354,-1,-1,-1,-1,0,-1,24077,9555,14522
78,2014,1078,-1,521,1093,982,0,0,177,-1,0,-1,1614,477,1137
21,2014,2107064,933420,1367673,242328,1800887,388910,223325,370939,410141,0,407572,1610001,531551,1078450
22,2014,92527,65998,40365,11855,23828,-1,-1,9843,9142,0,-1,52220,17943,34277
72,2014,85388,43040,43883,18436,4477,0,0,-1,-1,0,-1,62318,22371,39948
24,2014,107214,59213,60827,6750,28892,-1,0,-1,15707,0,-1,67577,20647,46930
25,2014,198320,20655,168101,20444,25103,-1,0,-1,-1,0,-1,188545,64387,124158
26,2014,224316,122940,143178,15894,140387,-1,33096,-1,60784,0,-1,159071,52382,106690
15,2014,162652,86189,113847,-1,186802,45515,14698,-1,19435,0,80823,145702,39725,105977
27,2014,63509,37225,35816,11876,162360,17131,17495,39010,23214,0,65510,47692,15586,32106
28,2014,347390,123012,257200,37671,346477,117170,-1,84971,55975,0,42288,294872,97378,197494
29,2014,27136,8992,20750,4910,43393,4131,2332,-1,-1,0,-1,25660,10028,15632
30,2014,47745,13491,37770,14465,120209,16455,21793,-1,55498,0,-1,52236,14301,37934
31,2014,35578,6066,32034,7141,47470,-1,-1,-1,-1,0,-1,39175,13461,25714
32,2014,206727,-1,89136,19133,146613,-1,-1,100042,0,0,-1,108269,36452,71817
33,2014,97476,47798,55986,5733,99662,27561,-1,-1,-1,0,8313,61719,23758,37961
34,2014,88621,9121,78594,5516,17609,0,-1,-1,-1,0,-1,84110,30552,53558
77,2014,155177,44146,116896,17647,321068,106517,41121,-1,72218,0,65753,134543,43460,91083
75,2014,106826,91743,36929,9142,59963,-1,11718,18988,9642,0,8616,46070,16902,29169
76,2014,60461,42597,36363,3860,26574,0,-1,-1,17855,0,-1,40222,12220,28002
35,2014,128877,-1,65844,50482,81684,-1,-1,-1,-1,0,-1,116326,41766,74560
36,2014,4341,1056,2726,1450,-1,-1,0,-1,0,0,-1,4175,1687,2488
37,2014,73043,-1,36176,11651,-1,0,0,-1,0,0,0,47827,19500,28327
38,2014,51493,7752,26943,-1,73074,-1,-1,-1,-1,0,-1,64324,20579,43745
39,2014,39763,27375,23624,5530,27978,0,-1,8216,-1,0,15010,29154,9713,19441
40,2014,19773,12116,11063,3206,12154,0,-1,-1,-1,0,6298,14268,4298,9970
41,2014,13767,10722,8794,-1,10232,0,0,5514,-1,0,3898,9903,3368,6535
42,2014,2850,1684,1665,558,1059,0,0,-1,0,0,987,2224,1061,1162
80,2014,3373,2854,2102,657,4534,0,-1,-1,-1,0,3828,2759,985,1774
43,2014,720112,243104,514343,74676,922353,120408,67409,497466,187587,0,49482,589019,181034,407985
44,2014,44585,10049,36154,-1,38861,-1,-1,-1,-1,0,6154,42359,13393,28966
45,2014,41844,9841,33335,5070,51331,8619,-1,11837,-1,0,-1,38405,9169,29236
46,2014,15086,3861,13001,-1,30709,4381,3285,-1,16793,0,-1,16079,5134,10945
47,2014,37875,18502,22709,-1,-1,0,-1,-1,-1,0,-1,25899,8451,17448
48,2014,36105,13724,17033,-1,42314,0,0,22380,-1,0,-1,18462,6893,11569
49,2014,32981,14096,18249,1680,21433,5893,9490,-1,-1,0,-1,19929,8407,11522
50,2014,134544,61078,87097,6139,-1,-1,-1,-1,-1,0,0,93236,32349,60887
51,2014,7568,2559,5187,2914,-1,0,-1,0,-1,0,-1,8100,3116,4985
52,2014,121800,16258,104256,16303,30169,0,-1,0,-1,0,-1,120559,36059,84500
53,2014,104033,-1,90668,8416,-1,-1,-1,-1,-1,0,0,99084,21004,78081
73,2014,31186,11397,19752,7348,20590,0,-1,-1,12218,0,-1,27100,10271,16829
55,2014,3629,804,3026,497,5728,-1,0,0,4245,0,-1,3523,1005,2518
60,2014,14128,7276,7644,1719,10748,-1,5464,-1,-1,0,0,9364,3661,5702
61,2014,4084,2407,1800,356,5195,-1,-1,4959,0,0,-1,2156,806,1350
63,2014,7107,2324,4562,577,-1,0,-1,0,0,0,0,5138,2567,2571
74,2014,33406,11310,24635,6028,68558,14865,-1,-1,-1,0,-1,30664,10591,20072
64,2014,14625,-1,6188,593,28859,15112,-1,-1,11827,0,-1,6781,2158,4623
86,2014,35526,16529,19047,3133,24884,-1,-1,14186,-1,0,-1,22180,6000,16180
81,2014,6459,405,5217,1031,0,0,0,0,0,0,0,6248,2536,3712
82,2014,-1,-1,-1,-1,0,0,0,0,0,0,0,-1,-1,-1
83,2014,3445,-1,2929,748,0,0,0,0,0,0,0,3677,1693,1985
84,2014,1340,-1,1070,225,0,0,0,0,0,0,0,1295,399,896
85,2014,-1,0,-1,-1,0,0,0,0,0,0,0,-1,-1,-1
65,2014,498,-1,315,-1,-1,-1,-1,0,-1,0,0,424,-1,298
66,2014,498,-1,315,-1,-1,-1,-1,0,-1,0,0,424,-1,298
69,2014,11400,2559,8447,4367,32584,2944,3208,13691,11356,0,-1,12814,3620,9194
0,2015,5426005,2323505,3675888,1192380,6090125,867919,774603,1453985,1611398,0,1382220,4989677,1577148,3412528
1,2015,254055,84248,211092,75259,987615,106718,99588,143605,557169,0,80536,292017,86709,205308
2,2015,33913,-1,22583,11104,144936,-1,-1,-1,50017,0,-1,33687,13214,20474
3,2015,62955,17297,56318,18834,276756,-1,42066,-1,164730,0,-1,75152,21546,53606
4,2015,73199,21508,67257,27755,262466,-1,-1,-1,217138,0,-1,97863,24665,73198
5,2015,62349,35496,44350,11956,194713,-1,8519,61234,70641,0,16980,59122,18282,40840
6,2015,21638,8158,20583,5610,108743,-1,-1,13482,-1,0,24348,26193,9002,17191
7,2015,667171,117639,546403,552774,-1,0,-1,12289,0,0,-1,1099177,287845,811332
8,2015,222169,24880,190894,388933,-1,0,-1,-1,0,0,-1,579827,160058,419768
9,2015,445002,92759,355510,163841,-1,0,-1,-1,0,0,-1,519351,127787,391564
10,2015,1680432,854678,1068674,235107,1935110,449222,271241,281560,264080,0,669007,1329963,452376,877587
11,2015,172628,77489,124263,22998,61985,-1,-1,-1,0,0,-1,147261,47050,100211
12,2015,163538,78335,81355,17132,78238,27333,-1,-1,0,0,-1,98487,31531,66956
13,2015,111208,41777,88231,11218,147347,43512,19262,-1,22052,0,12597,99449,35653,63796
14,2015,233892,77914,181485,72246,392309,-1,75366,-1,-1,0,224660,271493,99706,171786
15,2015,299023,125672,244369,45782,400223,-1,-1,-1,83260,0,235267,290151,109099,181052
16,2015,236176,138541,144029,21515,402463,129682,68624,70476,-1,0,59156,165544,47659,117886
17,2015,253667,170999,99823,22546,256997,134243,-1,-1,-1,0,-1,122370,41385,80985
18,2015,55603,29612,33074,9205,108802,50921,-1,-1,-1,0,-1,42279,14811,27468
19,2015,139817,110661,58726,10260,67705,-1,-1,-1,-1,0,-1,77071,19467,57604
20,2015,12815,3555,11295,1997,17445,-1,-1,-1,-1,0,6886,13292,5260,8032
78,2015,2065,124,2023,208,1596,0,-1,0,715,0,840,2566,756,1810
21,2015,2024627,1000076,1316949,196780,1880590,207101,214910,454883,552431,0,451263,1549202,511146,1038057
22,2015,108477,93045,32811,7279,72344,12578,8766,9251,22419,0,-1,40090,16237,23853
72,2015,68228,46535,28829,5404,8839,-1,-1,5132,1401,0,0,34233,14031,20202
24,2015,89231,44303,56879,9287,23624,-1,-1,-1,16527,0,-1,66165,23811,42354
25,2015,164611,32320,121021,12897,-1,-1,0,-1,0,0,-1,133918,50362,83556
26,2015,214434,113906,147273,19865,241400,38783,-1,-1,59736,0,66842,167139,49946,117193
15,2015,282802,162195,205681,7322,290739,18395,43939,-1,73572,0,124505,213004,59911,153093
27,2015,66618,37150,39401,22343,96147,16687,-1,18769,28003,0,25413,61744,21223,40520
28,2015,272738,126366,178703,37803,342029,39516,14752,113099,95821,0,-1,216506,76517,139990
29,2015,24113,6627,17379,6462,71272,18729,11321,-1,-1,0,-1,25034,9290,15744
30,2015,63590,25477,49360,6980,130170,14355,-1,-1,86622,0,-1,55296,18574,36722
31,2015,-1,10681,-1,-1,43182,-1,-1,-1,-1,0,27943,-1,-1,-1
32,2015,86818,38486,61099,16210,128678,0,-1,109575,-1,0,-1,82009,27269,54740
33,2015,140502,72770,97860,11227,116486,-1,20775,-1,31760,0,42044,111269,35564,75705
34,2015,62859,26455,46521,6023,59375,-1,-1,14213,-1,0,-1,52544,20470,32075
77,2015,179256,61385,127102,7846,167690,11989,-1,-1,-1,0,-1,159238,46769,112469
75,2015,89613,68585,23247,8085,42279,-1,-1,-1,14253,0,-1,31646,13478,18167
76,2015,55533,33790,36328,5096,29232,-1,-1,-1,13131,0,-1,41424,13640,27783
35,2015,137296,26041,90998,59902,210928,-1,-1,-1,-1,0,64768,194883,75210,119673
36,2015,8070,1342,6183,24087,22072,-1,-1,-1,4678,0,9870,36931,12362,24569
37,2015,83427,20354,55642,-1,-1,0,-1,-1,-1,0,-1,109323,47376,61947
38,2015,45799,4345,29172,8820,99896,0,0,-1,-1,0,-1,48629,15472,33157
39,2015,45243,33408,22938,4880,26577,-1,-1,6550,0,0,18334,27818,9283,18535
40,2015,27030,20470,14426,2953,15072,-1,-1,-1,0,0,-1,17379,5299,12080
41,2015,11958,9162,4518,-1,7620,-1,0,-1,0,0,4441,5322,2004,3318
42,2015,3210,1583,2434,641,-1,0,0,-1,0,0,-1,3075,1367,1709
80,2015,3045,2192,1560,482,3363,0,0,0,0,0,3363,2042,613,1429
43,2015,583661,201217,389599,61231,875743,93048,77890,-1,200868,0,71531,459169,145300,313869
44,2015,58370,15880,47206,11853,-1,-1,-1,-1,-1,0,-1,59059,15139,-1
45,2015,31295,17273,21760,2617,-1,-1,-1,-1,-1,0,-1,24376,7146,17231
46,2015,7554,2369,5629,-1,15270,10213,1356,-1,-1,0,0,6308,-1,4463
47,2015,36076,22781,15478,4125,100333,-1,-1,-1,31714,0,-1,19603,6589,13014
48,2015,23311,11403,11550,-1,39442,-1,-1,26090,-1,0,-1,12690,6352,6338
49,2015,28622,14362,15316,2331,23879,-1,-1,9413,-1,0,-1,17647,6597,11049
50,2015,75258,23810,38755,6497,-1,-1,-1,-1,-1,0,-1,49324,18131,31193
51,2015,11220,2066,8228,4959,-1,0,-1,0,-1,0,-1,13187,4464,8723
52,2015,79276,14522,62920,7081,40984,-1,-1,-1,17703,0,-1,70002,22938,47064
53,2015,88244,-1,65103,8547,-1,-1,-1,-1,-1,0,-1,73649,16705,56945
73,2015,41354,17269,28526,3787,28259,-1,-1,-1,14498,0,-1,34899,12668,22231
55,2015,4836,1528,3821,256,8657,3539,-1,-1,2186,0,2663,4078,955,3123
60,2015,23647,14363,14657,339,25447,6145,-1,-1,15919,0,-1,14996,6847,8149
61,2015,5939,4050,3571,552,7474,1436,-1,1546,3431,0,-1,4123,1060,3063
63,2015,5296,4231,3048,-1,1742,-1,0,-1,-1,0,0,3570,1610,1960
74,2015,27531,9188,20437,3260,25077,7525,2468,-1,-1,0,-1,23697,6791,16906
64,2015,5728,1786,5205,1041,14714,5137,-1,-1,-1,0,-1,6246,2343,3903
86,2015,30104,10260,18390,2691,20180,-1,15331,-1,0,0,-1,21713,7122,14592
81,2015,6596,-1,4909,1643,-1,0,0,-1,0,0,0,6551,2042,4509
82,2015,-1,0,377,-1,0,0,0,0,0,0,0,432,-1,-1
83,2015,4905,-1,3747,-1,0,0,0,0,0,0,0,4828,1499,3329
84,2015,-1,-1,757,-1,0,0,0,0,0,0,0,1264,-1,914
85,2015,-1,0,-1,0,-1,0,0,-1,0,0,0,-1,-1,-1
65,2015,884,-1,728,175,-1,-1,-1,0,-1,0,-1,974,305,669
66,2015,884,-1,728,175,-1,-1,-1,0,-1,0,-1,974,305,669
69,2015,26040,5613,23598,4629,44239,3305,8664,6711,24655,0,-1,29921,6931,22990
0,2016,6207510,2775162,3997282,1292570,9095822,1732233,1278536,1420648,2620245,0,2044159,5289852,1720651,3569200
1,2016,333731,82745,257990,96479,1447424,290892,236043,81414,659992,0,179083,354469,119328,235141
2,2016,71476,5627,46289,18993,103229,-1,-1,-1,-1,0,-1,65282,21371,43911
3,2016,54781,13892,48360,20898,313531,75609,47066,-1,157905,0,-1,69257,24758,44500
4,2016,99879,20273,90185,31850,450366,69602,62819,18225,267784,0,-1,122035,39271,82764
5,2016,83916,35623,57184,17025,472972,123049,-1,-1,164364,0,100561,74209,27253,46957
6,2016,23679,7331,15973,-1,107327,15178,17319,-1,25712,0,-1,23685,6676,17009
7,2016,532737,82286,439586,297487,156503,0,-1,126855,-1,0,-1,737073,193454,543619
8,2016,225139,25461,179358,111239,45166,0,0,-1,0,0,-1,290597,91222,199375
9,2016,307598,56825,260228,186248,111337,0,-1,96078,-1,0,-1,446477,102232,344245
10,2016,2217493,1173148,1341987,324848,3018430,511234,227028,478738,671265,0,1130165,1666835,552789,1114047
11,2016,300172,101742,208139,72798,126532,-1,-1,-1,0,0,-1,280937,87183,193754
12,2016,206190,105494,112194,42511,126765,33604,25110,-1,-1,0,25686,154704,49904,104800
13,2016,150260,72037,86717,16462,370579,-1,25106,-1,145565,0,-1,103179,38557,64622
14,2016,337921,130084,247485,35029,698847,-1,-1,-1,88315,0,494498,282514,100887,181627
15,2016,345552,190186,236659,73897,632350,-1,31013,222489,44340,0,320760,310557,123270,187287
16,2016,343122,223663,194444,28403,582658,205712,-1,-1,194808,0,92771,222847,50031,172816
17,2016,296575,215573,132008,18652,246789,-1,-1,-1,96104,0,43160,150660,42719,107942
18,2016,49515,18354,35666,10035,114023,27727,25952,-1,35316,0,-1,45701,15687,30014
19,2016,169612,112568,73925,23476,98243,-1,-1,-1,-1,0,-1,97400,37110,60291
20,2016,17274,2875,13682,2789,19777,-1,1659,-1,-1,0,-1,16471,6637,9834
78,2016,1301,-1,1068,797,1867,-1,90,-1,-1,0,-1,1865,805,1060
21,2016,2082606,1044343,1251538,216278,1892040,199890,325054,472768,316201,0,578128,1467816,494571,973245
22,2016,140344,115249,56869,8487,58538,-1,-1,32072,15396,0,-1,65356,20808,44548
72,2016,87046,57763,40548,9594,24923,-1,-1,-1,-1,0,-1,50142,18609,31533
24,2016,115448,73093,68509,8910,17067,-1,-1,-1,-1,0,-1,77418,22733,54685
25,2016,182607,38826,129046,14142,-1,0,0,-1,-1,0,0,143188,41818,101370
26,2016,327357,140991,211155,25543,145099,-1,-1,-1,-1,0,-1,236698,83298,153401
15,2016,216791,128192,150473,19056,384575,-1,-1,146556,20222,0,86139,169529,60477,109052
27,2016,75948,42276,43894,20908,157269,-1,-1,21991,36586,0,67685,64803,16810,47993
28,2016,152014,59021,104312,15880,329290,-1,39302,-1,-1,0,174464,120192,39053,81139
29,2016,-1,-1,-1,-1,118004,-1,3323,-1,50842,0,-1,-1,-1,26251
30,2016,67914,32738,41409,13204,105861,18931,-1,-1,49963,0,-1,54613,16959,37654
31,2016,29439,10320,19939,10771,-1,-1,-1,-1,-1,0,-1,30710,9032,21678
32,2016,56310,27826,37688,-1,88574,-1,0,-1,0,0,-1,57722,-1,34938
33,2016,131187,65557,75929,10108,89840,-1,-1,-1,-1,0,-1,86037,31693,54344
34,2016,103360,22555,70346,4176,45709,-1,-1,-1,-1,0,-1,74522,26631,47890
77,2016,145185,52938,108714,9589,169285,35286,-1,25087,14503,0,-1,118303,41300,77003
75,2016,122308,106763,34377,3904,88692,26146,-1,29417,19874,0,9020,38282,15421,22861
76,2016,61192,33289,31908,5064,30730,0,-1,-1,-1,0,-1,36972,10065,26906
35,2016,117227,16837,80948,232510,90348,-1,-1,35336,-1,0,-1,313459,95652,217806
36,2016,12060,951,9208,17773,19611,0,0,-1,-1,0,9687,26980,7302,19679
37,2016,53212,-1,33567,173372,29099,-1,-1,-1,0,0,-1,206939,63601,143338
38,2016,51955,8566,38173,41366,-1,0,-1,-1,-1,0,-1,79539,24750,54789
39,2016,41594,25395,22521,7046,19321,-1,-1,8092,-1,0,8639,29567,10633,18934
40,2016,24406,11096,14735,6192,2130,-1,0,-1,0,0,-1,20927,7573,13354
41,2016,11615,10271,4910,311,10886,0,0,-1,0,0,4524,5221,1610,3611
42,2016,1288,559,740,169,-1,-1,-1,-1,-1,0,-1,909,496,412
80,2016,4285,3470,2136,374,3290,0,0,492,0,0,2799,2510,954,1556
43,2016,840352,345264,567265,103981,-1,-1,-1,214451,-1,0,79272,671246,240200,431047
44,2016,60360,25427,46162,9900,58694,-1,-1,-1,26831,0,12202,56062,17849,38213
45,2016,59554,29864,41542,7079,69869,-1,-1,28323,19900,0,-1,48620,15985,32635
46,2016,25610,10672,16193,2780,23400,5461,-1,0,16856,0,-1,18973,7290,11683
47,2016,31394,15635,22881,-1,54810,-1,-1,-1,26269,0,-1,24262,7683,16578
48,2016,41160,17495,25823,-1,57014,-1,-1,-1,34596,0,-1,29019,11228,17791
49,2016,31658,16543,19635,-1,32228,-1,-1,-1,-1,0,-1,20704,9435,11269
50,2016,251574,-1,135479,18598,-1,-1,-1,77315,-1,0,-1,154076,59627,94449
51,2016,13111,5606,8044,1760,7766,-1,-1,-1,6446,0,-1,9804,3888,5917
52,2016,85345,15168,74435,11487,45115,-1,9592,-1,32668,0,-1,85922,32335,53587
53,2016,70391,-1,58262,15599,169511,-1,-1,-1,-1,0,-1,73862,18317,55545
73,2016,47156,25007,31862,8046,33399,-1,9401,-1,-1,0,0,39908,16019,23888
55,2016,7832,2688,5284,430,6519,0,-1,0,4286,0,-1,5714,1903,3812
60,2016,25656,13001,16106,-1,23240,2372,-1,-1,8579,0,-1,17811,7335,10476
61,2016,4839,3384,2665,-1,7343,1822,1450,3436,-1,0,-1,2787,1279,1508
63,2016,6180,2524,4969,-1,8055,0,-1,-1,-1,0,0,6675,3166,3509
74,2016,53967,19870,38660,11569,51159,-1,-1,2594,36871,0,-1,50229,17450,32778
64,2016,14632,4375,12262,2656,17367,-1,-1,7888,3420,0,-1,14917,5359,9559
86,2016,9933,1800,7003,4898,-1,-1,0,5107,-1,0,-1,11901,4050,7851
81,2016,7681,1830,5609,-1,2579,-1,-1,-1,-1,0,1401,8364,3007,5357
82,2016,-1,-1,-1,0,-1,0,0,-1,0,0,-1,-1,-1,-1
83,2016,3124,-1,2548,-1,-1,0,0,-1,0,0,-1,5019,1581,3438
84,2016,4036,1547,2566,-1,1497,-1,-1,-1,-1,0,-1,2803,1267,1536
85,2016,-1,0,-1,-1,0,0,0,0,0,0,0,-1,-1,-1
65,2016,529,-1,497,251,1488,-1,-1,-1,-1,0,-1,748,281,466
66,2016,529,-1,497,251,1488,-1,-1,-1,-1,0,-1,748,281,466
69,2016,33560,3200,29341,10935,37749,-1,-1,-1,7343,0,10598,40275,10736,29539
1,2017,405928,143524,286451,163217,1972462,436405,190938,196603,913587,0,234929,449667,133348,316319
7,2017,461719,95839,252008,111228,268634,0,0,125977,-1,0,-1,363237,112117,251119
10,2017,2353400,1301784,1402206,260596,2554300,318842,315219,530709,564454,0,825076,1662802,586748,1076054
21,2017,1862562,1090884,1030742,214259,1841568,236297,258958,600871,425867,0,319576,1245001,421632,823370
35,2017,125054,-1,76098,227886,152869,-1,0,82519,0,0,-1,303985,98081,205904
39,2017,80737,58558,44729,7062,51551,0,-1,7865,-1,0,42139,51791,20070,31721
43,2017,999682,420428,635321,225760,1235599,152726,166357,300267,493528,0,122720,861081,278004,583077
81,2017,6917,3145,4197,-1,-1,-1,0,0,0,0,0,9007,2997,6010
65,2017,-1,-1,-1,0,-1,-1,-1,0,-1,0,0,-1,0,-1
69,2017,13485,-1,12249,4458,-1,-1,-1,0,-1,0,4482,16707,5094,11613
0,2017,6310094,3146686,3744317,1219277,8107460,1161399,953833,1844811,2519778,0,1627639,4963594,1658090,3305503
