id,year,goats_afflicted,goats_treated,goats_death_disease,goats_death_other,goats_vac_total,goats_vac_anthrax,goats_vac_blackleg,goats_vac_pleuro_pneumonia,goats_vac_hemorrhagic_septicemia,goats_vac_rinderpest,goats_vac_other,total_deaths,male_deaths,female_deaths,
0,2008,5611132,1139931,4292409,1466522,2813351,313443,384489,816570,914568,56601,613980,5758931,2063020,3695911
1,2008,616967,216347,431798,157726,1034311,77724,138422,167926,670871,-1,126144,589524,184667,404857
2,2008,244004,86033,151489,61681,216754,-1,-1,89184,64329,0,-1,213170,68516,144654
3,2008,200328,90841,132508,40165,530303,-1,89189,35954,409723,-1,37168,172673,51690,120982
4,2008,44120,-1,41732,14966,91836,-1,-1,-1,88956,0,0,56698,15110,41588
5,2008,50213,11490,51557,24205,139559,-1,-1,-1,97316,-1,-1,75762,24623,51139
6,2008,78302,23661,54512,16709,55858,-1,13849,-1,-1,0,4950,71221,24729,46492
7,2008,187889,11854,140382,30225,-1,-1,-1,-1,-1,-1,-1,170606,55451,115156
8,2008,87164,-1,54554,25620,-1,0,-1,-1,-1,0,0,80173,27617,52557
9,2008,100725,7239,85828,4605,-1,-1,0,-1,0,-1,-1,90433,27834,62599
10,2008,1933303,428413,1426422,434430,765345,107599,102105,152318,79224,-1,364922,1860852,705360,1155492
11,2008,536392,74052,394655,95436,-1,31228,-1,-1,-1,-1,-1,490090,184181,305909
12,2008,181750,30176,141448,30798,47329,-1,-1,-1,0,0,26245,172246,62472,109774
13,2008,237104,89734,144622,54617,-1,-1,-1,-1,-1,0,-1,199239,65723,133516
14,2008,167011,26827,139113,94224,111836,-1,15269,-1,-1,0,73168,233338,100666,132671
15,2008,319883,91808,259705,52463,91431,0,-1,21739,-1,-1,45287,312168,128636,183533
16,2008,156963,28792,-1,-1,61719,35647,-1,-1,-1,-1,10281,-1,-1,-1
17,2008,61753,10576,42489,7766,40210,-1,-1,0,-1,0,-1,50255,22915,27340
18,2008,168242,42780,108280,33474,152227,-1,-1,-1,-1,0,-1,141754,47500,94254
19,2008,39039,17436,28480,3276,9942,0,0,-1,0,0,-1,31755,10834,20921
20,2008,60477,15908,50654,10122,10284,-1,0,-1,-1,0,-1,60776,20817,39959
78,2008,4690,325,3446,1244,3387,-1,2761,0,-1,0,0,4691,2081,2610
21,2008,1835027,316814,1530740,529083,787629,112036,116081,-1,143155,40316,85774,2059823,722987,1336836
22,2008,34893,12180,25967,3422,-1,0,0,0,-1,-1,0,29389,9112,20277
72,2008,69832,16374,54777,11604,-1,0,0,-1,-1,0,-1,66381,28541,37840
24,2008,57337,11791,47724,8846,6185,-1,-1,-1,-1,0,-1,56570,20550,36021
25,2008,69084,10197,66944,6289,-1,0,-1,0,-1,0,0,73232,28213,45019
26,2008,82372,10100,61612,4873,-1,0,0,0,0,0,0,66485,24543,41942
15,2008,43723,-1,35646,23325,-1,0,0,0,-1,0,-1,58971,18901,40069
27,2008,149947,16623,138593,-1,60372,-1,-1,0,-1,0,-1,178626,62807,115819
28,2008,155885,10485,131860,37433,-1,-1,-1,-1,-1,-1,-1,169293,59480,109813
29,2008,171803,33094,134236,54115,81847,23889,-1,-1,28425,0,-1,188351,65592,122759
30,2008,299741,56195,250052,74260,129245,-1,45196,-1,-1,-1,-1,324311,104709,219602
31,2008,188936,40379,142791,126261,-1,-1,-1,-1,-1,-1,-1,269051,99835,169216
32,2008,204868,35330,148231,57289,-1,-1,0,-1,-1,-1,-1,205520,63691,141829
33,2008,32193,3414,31931,8041,-1,0,-1,0,-1,0,-1,39972,16928,23043
34,2008,120916,-1,132123,39039,-1,-1,-1,-1,0,0,0,171162,62128,109034
77,2008,73403,12054,71213,24637,-1,-1,0,-1,-1,-1,-1,95849,31513,64337
75,2008,46865,26276,30601,2798,-1,0,0,0,-1,0,-1,33399,12330,21069
76,2008,33228,11588,26441,6819,-1,-1,0,-1,-1,-1,-1,33260,14111,19149
35,2008,271707,25294,177852,219322,52907,-1,-1,-1,-1,0,-1,397174,140809,256364
36,2008,85098,-1,61507,74148,-1,-1,-1,-1,-1,0,0,135655,36866,98790
37,2008,69527,-1,37157,104459,0,0,0,0,0,0,0,141615,65450,76165
38,2008,117082,-1,79188,40715,46297,-1,-1,-1,0,0,-1,119903,38494,81409
39,2008,197996,49710,153547,15079,-1,-1,0,-1,270,-1,-1,168626,63245,105381
40,2008,65376,12113,45797,5212,-1,-1,0,0,0,0,-1,51009,21052,29956
41,2008,101584,31829,82564,6318,-1,0,0,-1,0,0,0,88882,32011,56871
42,2008,23084,-1,19606,2680,-1,0,0,-1,-1,0,0,22286,7974,14312
79,2008,1648,756,702,-1,425,-1,0,0,158,-1,-1,720,247,473
80,2008,6304,764,4879,851,0,0,0,0,0,0,0,5729,1960,3769
43,2008,515735,87280,386187,69108,97055,8330,-1,73585,6604,0,-1,455296,175469,279827
44,2008,32020,6576,24371,4541,-1,0,0,-1,0,0,-1,28912,12527,16385
45,2008,10015,-1,7570,-1,4962,-1,0,-1,-1,0,-1,8282,3634,4648
46,2008,4151,880,4036,1000,-1,-1,0,-1,0,0,0,5036,1635,3401
47,2008,18403,2530,11753,-1,-1,-1,-1,0,0,0,0,14228,3436,10792
48,2008,-1,-1,-1,0,-1,0,0,-1,0,0,0,-1,-1,-1
49,2008,12202,-1,10526,3835,-1,-1,0,0,0,0,0,14361,4655,9706
50,2008,175943,14594,139444,-1,-1,0,0,-1,0,0,-1,161022,69155,91866
51,2008,1920,-1,1603,-1,-1,-1,0,0,0,0,0,2325,1090,1235
52,2008,50337,2042,42553,4995,0,0,0,0,0,0,0,47548,17961,29587
53,2008,52489,19603,33631,11464,-1,0,0,-1,0,0,0,45095,16914,28181
73,2008,16812,-1,13349,-1,-1,-1,0,0,-1,0,0,18190,6140,12049
55,2008,1663,-1,1801,715,-1,-1,0,-1,-1,0,-1,2517,876,1640
56,2008,18176,6051,11677,1147,-1,-1,0,-1,-1,0,-1,12824,4032,8793
57,2008,9799,2059,5252,830,-1,-1,0,-1,0,0,0,6082,2161,3922
58,2008,48370,15543,28684,-1,-1,0,0,-1,0,0,0,30446,9110,21336
59,2008,16576,3249,10416,565,3173,0,0,-1,-1,0,-1,10981,4518,6462
60,2008,13406,2291,10681,1771,-1,0,0,0,-1,0,0,12452,4981,7471
61,2008,1578,-1,785,-1,-1,-1,0,-1,0,0,0,1189,374,815
63,2008,3291,-1,2201,1163,546,-1,-1,-1,0,0,-1,3364,1241,2123
74,2008,7594,-1,6643,2187,-1,0,0,-1,-1,0,-1,8830,2831,5998
64,2008,19708,-1,17932,2401,-1,-1,-1,-1,-1,0,-1,20332,7631,12701
81,2008,8245,-1,6402,1210,-1,-1,0,-1,0,0,-1,7611,3265,4347
82,2008,2681,-1,2036,448,-1,0,0,-1,0,0,-1,2484,1023,1461
83,2008,5165,-1,4081,-1,-1,0,0,-1,0,0,0,4313,1919,2395
84,2008,-1,0,-1,0,0,0,0,0,0,0,0,-1,-1,-1
85,2008,333,-1,-1,-1,-1,-1,0,0,0,0,0,-1,-1,-1
65,2008,6805,698,5388,1162,923,-1,0,0,-1,0,0,6550,1852,4698
66,2008,6805,698,5388,1162,923,-1,0,0,-1,0,0,6550,1852,4698
69,2008,37457,2357,33693,9177,21367,-1,-1,-1,9715,0,-1,42870,9916,32954
0,2009,4963025,1056267,3777540,1063537,2758930,326898,202376,798949,875502,-1,489680,4841077,1696766,3144310
1,2009,780051,248477,554774,171703,897645,60514,81839,48262,592922,-1,112947,726477,214685,511793
7,2009,201358,7657,164754,30088,-1,-1,-1,5473,0,0,0,194842,60632,134211
10,2009,1477462,309934,1240628,330105,567310,112321,28027,120747,52557,-1,201749,34,578803,991931
21,2009,1592359,315828,1221383,319738,810711,106005,67855,448607,71627,-1,104294,21,553793,987328
35,2009,219353,28315,130959,129489,265583,-1,-1,97710,-1,0,-1,260447,91806,168641
39,2009,217025,61935,155800,13656,-1,-1,-1,-1,-1,0,-1,169457,62093,107363
43,2009,428293,78986,270247,55363,59088,9506,-1,-1,14504,0,7694,325609,120528,205081
81,2009,3936,-1,2791,793,-1,-1,-1,-1,-1,-1,-1,3584,1334,2250
65,2009,3577,1022,2804,1158,-1,-1,0,0,0,0,-1,3962,1203,2759
69,2009,39612,2978,33400,11444,-1,-1,-1,-1,-1,32035,-1,44843,11890,32954
0,2010,5411326,1201102,4201064,924565,3138474,293292,296934,695908,1045349,0,806991,5125629,1751705,3373924
1,2010,644148,187921,489121,135804,974798,36603,47765,36385,804331,0,49713,624925,189871,435055
2,2010,204060,43543,171886,40627,215893,22030,17016,-1,123107,0,-1,212514,70851,141663
3,2010,259548,87473,199985,32019,337379,-1,-1,-1,294495,0,-1,232004,60357,171647
4,2010,20274,-1,21394,6426,101225,-1,0,0,99669,0,0,27820,7623,20197
5,2010,66407,-1,43613,26979,122141,-1,-1,-1,94360,0,-1,70592,23129,47463
6,2010,93858,32164,52242,29753,-1,-1,-1,-1,-1,0,0,81995,27911,54084
7,2010,196385,19048,113659,40338,10536,-1,-1,3907,-1,0,-1,153997,46897,107099
8,2010,67500,6967,31324,11532,3261,-1,-1,-1,0,0,-1,42856,11486,31370
9,2010,128885,12081,82335,28806,-1,0,-1,-1,-1,0,-1,111141,35411,75729
10,2010,1581341,293854,1288841,243103,677069,111289,51856,159221,23361,0,331341,1531944,528781,1003164
11,2010,312793,38141,249755,55004,117664,0,-1,-1,0,0,-1,304759,93566,211193
12,2010,193157,18097,176664,9520,-1,0,0,-1,0,0,-1,186184,62033,124151
13,2010,157715,43156,122483,30957,72886,-1,-1,19289,-1,0,44050,153440,53920,99520
14,2010,185288,51150,136635,37103,78355,-1,-1,-1,-1,0,41206,173738,66975,106763
15,2010,264518,57548,242627,49028,119452,-1,-1,29864,-1,0,54438,291655,113202,178453
16,2010,140547,15410,115320,21903,35595,-1,-1,-1,0,0,-1,137223,43644,93579
17,2010,91140,19380,71899,8009,-1,-1,0,-1,-1,0,-1,79908,29410,50498
18,2010,166969,40414,125284,21692,156225,61229,-1,-1,0,0,48793,146975,41962,105014
19,2010,28932,7885,20827,4119,-1,0,-1,0,0,0,-1,24946,10609,14336
20,2010,36925,-1,24645,5042,-1,-1,-1,-1,-1,0,-1,29687,11979,17708
78,2010,3357,301,2703,727,890,0,0,792,0,0,-1,3429,1481,1949
21,2010,1919554,474620,1537777,367460,864481,97315,136210,209900,135544,0,285512,1905237,665089,1240148
22,2010,48493,24029,25226,9831,-1,0,-1,4058,0,0,-1,35057,12443,22614
72,2010,61463,26102,39504,5255,-1,-1,0,-1,-1,0,-1,44759,19825,24934
24,2010,67938,35584,43865,1571,-1,-1,0,0,-1,0,-1,45437,16948,28489
25,2010,80123,5722,72948,18200,-1,0,-1,0,-1,0,-1,91148,30386,60762
26,2010,84065,5106,67414,4574,-1,-1,-1,0,-1,0,0,71987,30269,41719
15,2010,41148,-1,33542,-1,-1,-1,0,0,-1,0,-1,45336,18104,27233
27,2010,81052,19362,64510,19614,53250,-1,-1,-1,-1,0,20232,84124,29231,54893
28,2010,181468,-1,185252,61052,87733,-1,-1,-1,-1,0,-1,246304,94318,151986
29,2010,343549,81198,301517,51040,220962,23952,78356,-1,48080,0,-1,352556,112668,239889
30,2010,241775,48646,202614,66854,62608,24465,-1,-1,-1,0,-1,269468,85009,184459
31,2010,227462,67006,159948,56719,-1,0,-1,-1,-1,0,-1,216667,67220,149447
32,2010,133835,49500,66007,11728,151522,-1,-1,75623,0,0,-1,77735,24481,53254
33,2010,53085,5265,52949,15550,-1,-1,-1,0,-1,0,-1,68499,28405,40094
34,2010,131483,-1,120628,-1,-1,-1,-1,-1,0,0,-1,138193,51129,87064
77,2010,45365,12100,35723,5610,-1,-1,-1,-1,-1,0,-1,41332,14615,26717
75,2010,40254,22334,25239,3326,-1,0,0,-1,0,0,0,28565,11963,16602
76,2010,56994,-1,40891,7178,-1,0,0,0,-1,0,-1,48069,18077,29993
35,2010,146119,13783,94050,33733,256416,-1,-1,174017,-1,0,12572,127782,45288,82494
36,2010,44084,2683,29938,15588,38952,-1,-1,8738,-1,0,-1,45526,15781,29745
37,2010,36477,-1,-1,5927,-1,-1,-1,-1,0,0,-1,28568,12766,-1
38,2010,65559,7205,41470,12218,145272,-1,-1,139120,-1,0,-1,53688,16741,36947
39,2010,262298,64702,210684,27223,18020,-1,-1,13946,-1,0,2386,237907,84751,153156
40,2010,67629,5225,58914,-1,-1,0,0,-1,0,0,-1,74655,29455,45199
41,2010,159400,49391,123374,-1,8007,0,-1,-1,0,0,-1,131121,44445,86676
42,2010,20811,4069,16258,3279,-1,-1,0,718,0,0,-1,19537,6520,13017
80,2010,0,0,0,0,2649,-1,-1,1292,-1,0,-1,12595,4331,8264
43,2010,14458,6017,12139,456,250636,9747,20413,95023,-1,0,-1,498012,179247,318765
44,2010,615500,140723,431645,66367,-1,0,-1,-1,-1,0,-1,32654,11219,21435
45,2010,29824,3166,26997,5657,11874,-1,-1,-1,-1,0,-1,36625,13191,23434
46,2010,36673,-1,34191,-1,2454,-1,-1,-1,0,0,-1,7779,2923,4857
47,2010,7721,2042,6803,976,-1,0,-1,0,-1,0,-1,31170,10619,20552
48,2010,33182,7467,25080,-1,-1,0,-1,0,0,0,0,1417,826,-1
49,2010,1986,-1,-1,-1,-1,-1,-1,0,0,0,0,17147,7123,10024
50,2010,19826,-1,14739,-1,-1,-1,-1,34416,0,0,-1,100950,37515,63435
51,2010,159227,43723,97146,3803,-1,0,-1,0,0,0,0,3285,1899,1386
52,2010,3018,-1,2705,580,0,0,0,0,0,0,0,50944,17830,33114
53,2010,52032,3687,44593,6351,-1,-1,-1,-1,0,0,-1,61771,20655,41115
73,2010,82870,25766,53807,7963,-1,0,-1,0,-1,0,-1,19056,8220,10836
55,2010,16609,4057,12507,-1,739,0,-1,-1,-1,0,-1,4790,2175,2616
56,2010,4146,702,4151,640,5860,-1,0,-1,0,0,-1,17529,5760,11768
57,2010,18347,-1,12688,4841,4635,0,0,4405,0,0,-1,3986,1421,2565
58,2010,4991,1259,2823,1163,-1,0,0,17801,0,0,-1,24373,8151,16222
59,2010,53630,11726,23542,831,-1,0,0,-1,0,0,-1,12875,4259,8616
60,2010,15459,1307,11568,1306,-1,0,0,-1,0,0,0,16116,6285,9831
61,2010,13004,2512,10362,-1,1966,-1,739,-1,0,0,0,2312,1007,1305
63,2010,3261,-1,2087,-1,-1,-1,-1,-1,0,0,-1,7368,3421,3947
74,2010,9963,-1,6579,-1,14495,-1,0,-1,-1,0,-1,34710,10916,23793
64,2010,38954,13732,28306,6404,20973,0,0,11896,9077,0,0,11157,3835,7323
81,2010,10777,-1,9932,1226,1614,0,0,-1,-1,0,-1,12056,3607,8449
82,2010,12547,531,10570,1486,-1,0,0,-1,-1,0,-1,1793,623,1170
83,2010,1568,-1,1382,-1,-1,0,0,-1,0,0,-1,9312,2730,6582
84,2010,10070,-1,8399,-1,-1,0,0,-1,0,0,-1,169,-1,-1
85,2010,170,-1,169,0,0,0,0,0,0,0,0,781,207,574
65,2010,739,-1,619,162,9860,2687,2562,0,-1,0,-1,3910,1634,2276
66,2010,5085,2266,2890,1020,9860,2687,2562,0,-1,0,-1,3910,1634,2276
69,2010,5085,2266,2890,1020,75043,0,-1,-1,23628,0,46585,29858,6540,23318
0,2011,4584548,1140052,3298440,1283617,3348250,376151,474202,977854,910605,0,620955,4582057,1564627,3017430
1,2011,630575,126618,508688,200856,973407,96639,137259,152462,531370,0,75126,709544,214381,495163
2,2011,225852,56070,181015,76239,287656,-1,45927,-1,146809,0,46471,257254,81468,175786
3,2011,187943,39052,158148,62598,370309,-1,66317,83229,196771,0,-1,220746,67444,153302
4,2011,28921,-1,23429,14152,75185,-1,-1,-1,56829,0,-1,37581,10021,27560
5,2011,101374,10568,88832,23416,149517,22148,-1,-1,102667,0,-1,112247,31856,80391
6,2011,86485,19416,57264,24450,90741,-1,-1,-1,28294,0,-1,81715,23591,58124
7,2011,223391,29126,136838,47469,152336,-1,-1,101017,-1,0,-1,184307,49521,134786
8,2011,158916,-1,107958,39280,-1,0,0,-1,0,0,-1,147238,38830,108408
9,2011,64475,25468,28880,8188,144889,-1,-1,94519,-1,0,-1,37069,10691,26378
10,2011,1238254,260896,903226,275029,417898,56543,34446,107707,27462,0,184468,1178255,437811,740445
11,2011,291828,35557,210071,55279,51065,-1,-1,-1,-1,0,-1,265350,101994,163356
12,2011,130248,10205,105084,34381,10560,-1,-1,-1,0,0,-1,139465,51392,88074
13,2011,157819,57114,107765,33320,117182,-1,0,-1,-1,0,71371,141085,45327,95758
14,2011,101510,19803,72863,25639,54978,-1,-1,-1,-1,0,32668,98501,37104,61397
15,2011,203312,41500,175594,35209,69639,-1,-1,33869,-1,0,12211,210803,84757,126046
16,2011,68752,16100,45567,34552,9121,-1,0,-1,0,0,-1,80119,30569,49550
17,2011,49544,-1,43494,13077,-1,0,0,-1,0,0,0,56571,24053,32518
18,2011,176886,55804,102772,31157,76137,-1,-1,-1,-1,0,42856,133929,42216,91713
19,2011,25818,-1,17230,3324,-1,-1,0,-1,0,0,0,20554,9854,10700
20,2011,28374,2659,20890,-1,-1,-1,0,-1,0,0,4102,29042,9446,19595
78,2011,4164,2437,1896,939,1128,-1,-1,0,-1,0,237,2835,1099,1736
21,2011,1560988,449208,1164663,450480,1124507,124339,248443,189478,266658,0,294121,1615143,551876,1063267
22,2011,43730,23696,28089,8394,12784,-1,0,-1,-1,0,0,36482,16089,20393
72,2011,53936,20669,32362,7554,2763,-1,0,-1,-1,0,0,39915,18613,21302
24,2011,65844,26047,43579,7153,-1,-1,-1,-1,-1,0,-1,50732,19038,31693
25,2011,63144,-1,48550,12600,-1,-1,0,0,0,0,0,61150,27752,33398
26,2011,82339,-1,58110,12960,-1,-1,0,-1,-1,0,-1,71070,29035,42035
15,2011,33832,8869,25395,-1,55360,-1,-1,-1,-1,0,-1,36024,9836,26188
27,2011,75910,29099,56841,18855,84319,-1,-1,-1,-1,0,51823,75696,27705,47991
28,2011,148304,-1,102771,18388,87711,-1,-1,-1,-1,0,-1,121159,43326,77834
29,2011,127233,39593,107487,47686,161538,-1,-1,-1,104725,0,-1,155173,53872,101300
30,2011,276113,72431,211078,62481,168806,24775,-1,-1,90951,0,-1,273559,85533,188026
31,2011,199059,-1,159527,54015,165308,-1,-1,-1,-1,0,-1,213541,62757,150784
32,2011,152777,34034,112974,82819,197635,-1,-1,111355,0,0,-1,195794,60800,134994
33,2011,36925,10214,25761,16458,-1,-1,-1,-1,-1,0,-1,42219,18470,23749
34,2011,65504,-1,50724,59721,-1,0,-1,-1,0,0,-1,110445,33701,76744
77,2011,67819,9309,64182,17874,41987,-1,-1,-1,-1,0,-1,82055,26088,55967
75,2011,37162,24193,14791,4859,-1,0,-1,0,-1,0,0,19650,7493,12157
76,2011,31358,9286,22443,8036,4442,0,0,0,3484,0,-1,30478,11768,18710
35,2011,190060,-1,89044,197562,238699,-1,-1,201591,-1,0,23271,286606,89500,197106
36,2011,39584,10988,24298,15365,54419,-1,-1,36469,0,0,14108,39662,13468,26195
37,2011,-1,-1,11836,10503,110808,-1,-1,98589,-1,0,-1,22339,8785,13554
38,2011,96822,-1,52910,171694,73473,0,-1,66533,-1,0,-1,224604,67246,157357
39,2011,212754,70339,155511,20550,59497,-1,-1,36875,-1,0,14440,176061,64770,111291
40,2011,68275,21714,50677,9249,12390,-1,0,-1,-1,0,-1,59927,23446,36481
41,2011,114008,33921,84086,6264,32329,0,0,28608,-1,0,-1,90350,31746,58604
42,2011,17121,7126,10773,4220,-1,-1,-1,-1,-1,0,0,14993,5858,9134
80,2011,13351,7578,9975,817,9310,-1,0,1860,0,0,7401,10792,3721,7071
43,2011,493857,130294,314449,80110,275950,21309,12117,166103,-1,0,16918,394559,145880,248679
44,2011,20013,8916,16892,6266,-1,-1,-1,0,-1,0,-1,23158,7182,15976
45,2011,19570,-1,15816,2669,12642,-1,0,-1,-1,0,0,18484,6440,12044
46,2011,4573,-1,2515,1039,3847,-1,-1,-1,0,0,-1,3554,1253,2301
47,2011,26841,-1,23175,2415,-1,-1,-1,0,-1,0,0,25590,10724,14867
48,2011,-1,-1,-1,-1,-1,0,0,-1,0,0,0,-1,-1,853
49,2011,8643,-1,5186,2059,-1,0,-1,-1,0,0,0,7245,2173,5072
50,2011,192683,45281,103526,-1,148955,-1,-1,111519,-1,0,-1,129395,51071,78324
51,2011,2766,-1,1650,-1,0,0,0,0,0,0,0,2186,643,1543
52,2011,37791,1781,34192,2810,-1,0,0,-1,0,0,0,37001,10955,26047
53,2011,39922,10373,21532,13542,13134,-1,-1,-1,0,0,-1,35074,12755,22319
73,2011,14396,-1,8770,2425,-1,0,0,-1,-1,0,0,11195,4416,6779
55,2011,2377,-1,1472,461,2088,0,-1,-1,1326,0,-1,1933,768,1164
56,2011,16147,6563,9600,2988,19397,0,0,16226,0,0,-1,12589,4974,7615
57,2011,6366,2328,3947,1868,5286,0,0,5233,-1,0,0,5815,2486,3330
58,2011,40097,20130,16921,5589,7629,-1,-1,4881,0,0,-1,22510,8584,13926
59,2011,19699,2273,16379,731,-1,-1,0,7782,0,0,-1,17110,5891,11220
60,2011,9666,2069,7556,2481,-1,-1,0,-1,0,0,0,10036,4090,5947
61,2011,2517,584,1917,-1,-1,-1,-1,-1,0,0,-1,2318,687,1631
63,2011,5584,-1,4081,663,317,0,-1,-1,-1,0,-1,4744,1627,3117
74,2011,9184,2499,6651,3913,7595,-1,0,-1,-1,0,0,10564,3658,6905
64,2011,13057,-1,12157,-1,8578,6444,-1,-1,-1,0,-1,12676,4975,7701
81,2011,8501,1233,5626,2546,4749,0,0,3596,-1,0,619,8173,2687,5485
82,2011,1502,-1,1390,399,2328,0,0,2099,0,0,-1,1789,548,1241
83,2011,5313,679,3322,1391,-1,0,0,-1,0,0,-1,4713,1464,3249
84,2011,-1,-1,-1,0,0,0,0,0,0,0,0,-1,-1,0
85,2011,1595,206,888,756,-1,0,0,-1,-1,0,0,1644,648,996
65,2011,6044,1536,4269,1684,4976,3574,2628,0,-1,0,-1,5952,1671,4282
66,2011,6044,1536,4269,1684,4976,3574,2628,0,-1,0,-1,5952,1671,4282
69,2011,20125,3017,16126,7332,96230,69400,14851,19025,0,0,-1,23458,6530,16928
0,2012,4454657,1332887,2981172,950827,4056717,394462,330179,1567193,1188662,0,542359,3974817,1347100,2627717
1,2012,597586,226137,414439,196799,1187521,135329,152265,70859,757207,0,67736,611238,184174,427064
2,2012,285425,124714,187769,57298,270320,-1,-1,29327,186207,0,-1,245067,68718,176349
3,2012,151627,46928,120393,56515,539444,-1,-1,-1,357172,0,-1,176909,55052,121857
4,2012,20626,6725,13977,20418,117991,-1,16172,-1,57855,0,-1,34394,8977,25417
5,2012,67756,27557,47569,25477,111262,15054,-1,17997,63949,0,-1,73047,23360,49687
6,2012,72151,20213,44731,37091,148504,-1,-1,-1,92025,0,-1,81821,28066,53755
7,2012,279848,-1,190878,53122,-1,-1,-1,-1,-1,0,-1,244000,67590,176411
8,2012,200463,-1,150226,41443,-1,0,0,-1,-1,0,0,191669,53509,138160
9,2012,79385,-1,40652,11680,-1,-1,-1,-1,0,0,-1,52332,14081,38251
10,2012,1279022,280105,905316,281776,470115,99001,17696,114615,77121,0,143941,1229911,440987,788925
11,2012,378405,54809,304161,79672,-1,-1,-1,-1,-1,0,-1,383833,125130,258702
12,2012,72379,13674,16682,4188,-1,0,0,-1,0,0,-1,63688,21536,42153
13,2012,133100,-1,70924,27448,50904,-1,-1,-1,-1,0,-1,98372,35861,62512
14,2012,114553,19723,80753,21682,96321,-1,-1,-1,-1,0,-1,102435,39123,63311
0,2003,2117792,328991,0,0,989759,0,0,0,0,0,0,1552485,0,0
1,2003,236837,85852,0,0,496885,0,0,0,0,0,0,161878,0,0
2,2003,56910,28125,0,0,132162,0,0,0,0,0,0,32860,0,0
3,2003,125858,34086,0,0,203130,0,0,0,0,0,0,93527,0,0
4,2003,15651,12001,0,0,54613,0,0,0,0,0,0,10729,0,0
5,2003,28953,9000,0,0,79999,0,0,0,0,0,0,20788,0,0
6,2003,9465,2640,0,0,26981,0,0,0,0,0,0,3974,0,0
7,2003,142716,3346,0,0,5129,0,0,0,0,0,0,104900,0,0
8,2003,40941,484,0,0,1052,0,0,0,0,0,0,32585,0,0
9,2003,101775,2862,0,0,4077,0,0,0,0,0,0,72315,0,0
10,2003,576434,99564,0,0,187056,0,0,0,0,0,0,410213,0,0
11,2003,139598,24503,0,0,50954,0,0,0,0,0,0,86847,0,0
12,2003,64116,2985,0,0,7230,0,0,0,0,0,0,54630,0,0
13,2003,52276,5272,0,0,13572,0,0,0,0,0,0,41628,0,0
14,2003,111310,19179,0,0,48686,0,0,0,0,0,0,66984,0,0
15,2003,79180,7750,0,0,20190,0,0,0,0,0,0,63952,0,0
16,2003,20226,2892,0,0,13773,0,0,0,0,0,0,18419,0,0
17,2003,14923,4058,0,0,0,0,0,0,0,0,0,9520,0,0
18,2003,49467,19198,0,0,23727,0,0,0,0,0,0,35759,0,0
19,2003,30772,10567,0,0,2767,0,0,0,0,0,0,23258,0,0
20,2003,14565,3161,0,0,6158,0,0,0,0,0,0,9216,0,0
21,2003,637750,78343,0,0,167580,0,0,0,0,0,0,491925,0,0
22,2003,15189,3080,0,0,297,0,0,0,0,0,0,10451,0,0
23,2003,29294,6567,0,0,0,0,0,0,0,0,0,23583,0,0
24,2003,14291,1054,0,0,0,0,0,0,0,0,0,11445,0,0
25,2003,24128,0,0,0,0,0,0,0,0,0,0,21208,0,0
26,2003,29619,0,0,0,674,0,0,0,0,0,0,20412,0,0
15,2003,20534,848,0,0,3157,0,0,0,0,0,0,16243,0,0
27,2003,89124,12862,0,0,33230,0,0,0,0,0,0,68806,0,0
28,2003,30305,347,0,0,3612,0,0,0,0,0,0,27653,0,0
29,2003,56273,13641,0,0,46662,0,0,0,0,0,0,40767,0,0
30,2003,61214,9274,0,0,30714,0,0,0,0,0,0,45774,0,0
31,2003,96280,972,0,0,6702,0,0,0,0,0,0,74979,0,0
32,2003,83082,13999,0,0,13431,0,0,0,0,0,0,58968,0,0
33,2003,15789,188,0,0,0,0,0,0,0,0,0,13567,0,0
34,2003,72629,15510,0,0,29102,0,0,0,0,0,0,58069,0,0
35,2003,62706,7887,0,0,74563,0,0,0,0,0,0,34474,0,0
36,2003,27171,404,0,0,1560,0,0,0,0,0,0,19065,0,0
37,2003,21856,231,0,0,2409,0,0,0,0,0,0,11025,0,0
38,2003,13678,7252,0,0,70594,0,0,0,0,0,0,4385,0,0
39,2003,162103,16530,0,0,2696,0,0,0,0,0,0,132429,0,0
40,2003,31257,1695,0,0,0,0,0,0,0,0,0,25181,0,0
41,2003,117887,13908,0,0,2539,0,0,0,0,0,0,96592,0,0
42,2003,12959,927,0,0,157,0,0,0,0,0,0,10657,0,0
43,2003,280851,32581,0,0,23050,0,0,0,0,0,0,204181,0,0
44,2003,5140,0,0,0,3929,0,0,0,0,0,0,4838,0,0
45,2003,15109,0,0,0,491,0,0,0,0,0,0,12922,0,0
46,2003,1455,134,0,0,981,0,0,0,0,0,0,1326,0,0
47,2003,12604,1920,0,0,0,0,0,0,0,0,0,6002,0,0
48,2003,174,174,0,0,0,0,0,0,0,0,0,0,0,0
49,2003,18489,891,0,0,0,0,0,0,0,0,0,16873,0,0
50,2003,107958,14133,0,0,4930,0,0,0,0,0,0,70690,0,0
51,2003,1180,25,0,0,1599,0,0,0,0,0,0,1180,0,0
52,2003,15509,0,0,0,874,0,0,0,0,0,0,14260,0,0
53,2003,27813,3626,0,0,2046,0,0,0,0,0,0,16805,0,0
54,2003,5216,371,0,0,715,0,0,0,0,0,0,3883,0,0
55,2003,1273,23,0,0,0,0,0,0,0,0,0,1082,0,0
56,2003,6555,1319,0,0,844,0,0,0,0,0,0,4721,0,0
57,2003,6894,2276,0,0,887,0,0,0,0,0,0,3894,0,0
58,2003,20012,6156,0,0,3224,0,0,0,0,0,0,14228,0,0
59,2003,9352,831,0,0,540,0,0,0,0,0,0,7636,0,0
60,2003,2301,196,0,0,0,0,0,0,0,0,0,1831,0,0
61,2003,391,20,0,0,0,0,0,0,0,0,0,366,0,0
63,2003,746,111,0,0,0,0,0,0,0,0,0,662,0,0
63,2003,16768,377,0,0,0,0,0,0,0,0,0,15688,0,0
64,2003,5913,0,0,0,1990,0,0,0,0,0,0,5292,0,0
65,2003,2618,887,0,0,176,0,0,0,0,0,0,1196,0,0
66,2003,2618,887,0,0,176,0,0,0,0,0,0,1196,0,0
67,2003,1059,0,0,0,98,0,0,0,0,0,0,996,0,0
9,2003,864,0,0,0,98,0,0,0,0,0,0,802,0,0
68,2003,195,0,0,0,0,0,0,0,0,0,0,195,0,0
69,2003,14717,4002,0,0,32526,0,0,0,0,0,0,10293,0,0
0,2004,2491327,247472,1851059,766667,1286347,0,0,0,0,0,0,0,0,0
1,2004,278537,100076,169474,105907,599030,0,0,0,0,0,0,0,0,0
2,2004,104105,-1,45048,26189,153854,0,0,0,0,0,0,0,0,0
3,2004,72441,15747,57111,27912,268427,0,0,0,0,0,0,0,0,0
4,2004,15982,-1,10589,10376,39070,0,0,0,0,0,0,0,0,0
5,2004,54013,21576,37920,27817,121105,0,0,0,0,0,0,0,0,0
6,2004,31996,8303,18806,13613,16575,0,0,0,0,0,0,0,0,0
7,2004,112836,2919,77057,38798,-1,0,0,0,0,0,0,0,0,0
8,2004,61755,-1,44813,-1,-1,0,0,0,0,0,0,0,0,0
9,2004,51081,2508,32244,8791,-1,0,0,0,0,0,0,0,0,0
10,2004,726630,43172,559910,265729,238714,0,0,0,0,0,0,0,0,0
11,2004,204561,4811,146265,26518,-1,0,0,0,0,0,0,0,0,0
12,2004,80682,-1,68471,54746,9417,0,0,0,0,0,0,0,0,0
13,2004,47613,-1,36466,28889,31040,0,0,0,0,0,0,0,0,0
14,2004,197338,13061,147059,62578,61297,0,0,0,0,0,0,0,0,0
15,2004,69615,-1,65403,27270,-1,0,0,0,0,0,0,0,0,0
16,2004,26437,-1,18180,-1,-1,0,0,0,0,0,0,0,0,0
17,2004,25199,-1,20999,14407,-1,0,0,0,0,0,0,0,0,0
18,2004,33873,4546,24540,21895,11701,0,0,0,0,0,0,0,0,0
19,2004,24158,-1,18638,5033,0,0,0,0,0,0,0,0,0,0
20,2004,17154,-1,13889,9079,12973,0,0,0,0,0,0,0,0,0
21,2004,763855,45350,599285,227847,205830,0,0,0,0,0,0,0,0,0
22,2004,17416,2339,9909,1354,0,0,0,0,0,0,0,0,0,0
72,2004,16873,4911,13091,5302,-1,0,0,0,0,0,0,0,0,0
24,2004,18035,-1,14021,3513,0,0,0,0,0,0,0,0,0,0
25,2004,44812,-1,36814,-1,0,0,0,0,0,0,0,0,0,0
26,2004,43663,-1,34441,5939,-1,0,0,0,0,0,0,0,0,0
15,2004,8074,0,6650,-1,-1,0,0,0,0,0,0,0,0,0
27,2004,72161,-1,64840,14091,21848,0,0,0,0,0,0,0,0,0
28,2004,72084,1789,62805,-1,-1,0,0,0,0,0,0,0,0,0
29,2004,61216,-1,49909,28180,-1,0,0,0,0,0,0,0,0,0
30,2004,56495,3482,47092,30895,10072,0,0,0,0,0,0,0,0,0
31,2004,94631,-1,66907,39824,-1,0,0,0,0,0,0,0,0,0
32,2004,158268,12136,106460,44230,-1,0,0,0,0,0,0,0,0,0
33,2004,19913,-1,18588,2930,-1,0,0,0,0,0,0,0,0,0
34,2004,80215,-1,67760,-1,-1,0,0,0,0,0,0,0,0,0
35,2004,73099,-1,43008,17110,-1,0,0,0,0,0,0,0,0,0
36,2004,13384,273,10445,6005,13621,0,0,0,0,0,0,0,0,0
37,2004,27981,-1,18836,4739,13126,0,0,0,0,0,0,0,0,0
38,2004,31734,-1,13727,6366,-1,0,0,0,0,0,0,0,0,0
39,2004,86602,7398,65846,9036,5199,0,0,0,0,0,0,0,0,0
40,2004,18257,2217,13906,1504,-1,0,0,0,0,0,0,0,0,0
41,2004,52670,4885,41010,3458,-1,0,0,0,0,0,0,0,0,0
42,2004,15675,-1,10930,4074,-1,0,0,0,0,0,0,0,0,0
43,2004,432325,30553,323194,95363,67738,0,0,0,0,0,0,0,0,0
44,2004,7704,0,7183,3695,-1,0,0,0,0,0,0,0,0,0
45,2004,17734,-1,10093,6968,-1,0,0,0,0,0,0,0,0,0
46,2004,5031,-1,2431,-1,-1,0,0,0,0,0,0,0,0,0
47,2004,-1,-1,-1,-1,-1,0,0,0,0,0,0,0,0,0
48,2004,-1,-1,-1,-1,0,0,0,0,0,0,0,0,0,0
49,2004,15600,-1,13022,-1,-1,0,0,0,0,0,0,0,0,0
50,2004,210457,-1,152914,46988,-1,0,0,0,0,0,0,0,0,0
51,2004,975,-1,823,-1,-1,0,0,0,0,0,0,0,0,0
52,2004,13007,0,12395,1367,0,0,0,0,0,0,0,0,0,0
53,2004,-1,-1,-1,4472,-1,0,0,0,0,0,0,0,0,0
73,2004,3793,-1,2677,-1,-1,0,0,0,0,0,0,0,0,0
55,2004,1112,-1,1014,-1,-1,0,0,0,0,0,0,0,0,0
56,2004,4347,-1,3536,2153,3085,0,0,0,0,0,0,0,0,0
57,2004,4589,1170,2787,620,1288,0,0,0,0,0,0,0,0,0
58,2004,37184,5767,25660,-1,15717,0,0,0,0,0,0,0,0,0
59,2004,10059,-1,8310,1168,2638,0,0,0,0,0,0,0,0,0
60,2004,1749,0,1297,1700,-1,0,0,0,0,0,0,0,0,0
61,2004,312,0,-1,-1,-1,0,0,0,0,0,0,0,0,0
63,2004,2330,-1,1942,-1,-1,0,0,0,0,0,0,0,0,0
74,2004,9262,-1,8892,2801,-1,0,0,0,0,0,0,0,0,0
64,2004,13827,-1,12123,2035,-1,0,0,0,0,0,0,0,0,0
65,2004,2296,-1,1232,535,-1,0,0,0,0,0,0,0,0,0
66,2004,2296,-1,1232,535,-1,0,0,0,0,0,0,0,0,0
67,2004,186,0,186,123,0,0,0,0,0,0,0,0,0,0
9,2004,-1,0,-1,-1,0,0,0,0,0,0,0,0,0,0
68,2004,-1,0,-1,-1,0,0,0,0,0,0,0,0,0,0
69,2004,14959,1169,11866,6221,15334,0,0,0,0,0,0,0,0,0
0,2005,2978330,597324,2328333,640165,1505550,222808,139038,318539,481319,0,369658,2968498,1063197,1905301
1,2005,451605,200090,377756,107206,795288,116958,98424,71898,403655,0,182140,484961,146431,338531
2,2005,221720,93825,159470,41948,195963,9256,26414,14773,-1,0,124016,201418,57712,143706
3,2005,122196,56560,97252,21522,410322,59701,27941,20936,326173,0,-1,118774,37836,80938
4,2005,10556,3526,25167,7050,65740,-1,37310,-1,43108,0,-1,32217,10416,21800
5,2005,61266,34203,56942,22374,108450,15108,-1,31654,23114,0,29693,79317,21804,57512
6,2005,35867,11976,38925,14311,14813,-1,-1,0,-1,0,-1,53236,18663,34574
7,2005,72258,9705,42668,7352,24041,-1,-1,18908,-1,0,1083,50021,16706,33315
8,2005,22879,3571,20605,3040,6498,0,0,-1,0,0,1078,23646,5658,17988
9,2005,49379,6134,22063,4312,17544,-1,-1,13543,-1,0,-1,26375,11049,15326
10,2005,901112,148977,685816,230070,233560,33801,14629,74623,-1,0,110992,915887,349544,566342
11,2005,249589,36169,181865,53383,29347,5152,-1,-1,0,0,0,235248,86329,148919
12,2005,98600,11523,92078,21279,19442,-1,-1,-1,0,0,-1,113357,45342,68015
13,2005,100828,4426,49305,27007,11893,-1,-1,-1,-1,0,-1,76312,27813,48499
14,2005,119362,-1,79290,33752,51877,-1,-1,-1,0,0,-1,113042,37041,76001
15,2005,108921,-1,112908,32824,-1,-1,-1,-1,-1,0,-1,145732,65689,80042
16,2005,41448,-1,44628,8843,-1,-1,-1,0,0,0,-1,53472,17905,35566
17,2005,37409,-1,27116,11296,-1,-1,0,0,0,0,-1,38412,17624,20788
18,2005,90572,15906,56283,29829,-1,0,-1,-1,-1,0,-1,86112,32328,53785
19,2005,34681,5632,25192,6115,-1,0,0,-1,0,0,-1,31307,11122,20186
20,2005,19703,4796,17150,5742,6817,-1,-1,-1,-1,0,-1,22892,8351,14541
21,2005,905107,156803,780890,207344,307270,59373,22544,57345,38852,0,60106,988235,360810,627425
22,2005,19472,7996,19894,3919,-1,-1,0,-1,0,0,0,23814,9089,14724
72,2005,22779,4263,21015,3619,0,0,0,0,0,0,0,24634,10112,14522
24,2005,34214,2803,31829,1525,-1,0,-1,0,-1,0,-1,33354,13655,19699
25,2005,41607,-1,34762,3164,-1,0,0,0,0,0,-1,37926,19355,18571
26,2005,37204,-1,37558,9838,2554,0,0,0,-1,0,-1,47396,17338,30058
15,2005,24196,-1,28520,10104,-1,-1,-1,-1,-1,0,0,38624,16190,22434
27,2005,93455,31674,86125,20036,42347,-1,-1,-1,-1,0,-1,106161,37671,68491
28,2005,90589,5533,91414,26523,22633,10630,-1,-1,-1,0,-1,117936,45869,72067
29,2005,83989,-1,71145,35775,127572,27529,-1,-1,-1,0,-1,106920,37208,69713
30,2005,88356,9934,65937,26180,50629,-1,-1,-1,-1,0,14226,92117,29590,62527
31,2005,124124,15047,114899,33248,-1,0,-1,-1,-1,0,0,148147,49635,98512
32,2005,176530,55605,116837,25235,43187,-1,0,33041,-1,0,-1,142072,48822,93249
33,2005,29873,-1,22886,5481,-1,-1,-1,0,0,0,-1,28366,9263,19103
34,2005,38720,-1,38071,-1,-1,-1,-1,-1,0,0,0,40767,17013,23754
35,2005,80166,9014,38650,10790,-1,0,-1,-1,1558,0,-1,49439,16697,32743
36,2005,12907,1033,9743,3491,2112,0,119,782,1558,0,0,13233,3845,9388
37,2005,28719,-1,16278,-1,-1,0,0,0,0,0,-1,20190,8196,11994
38,2005,38540,7534,12630,3386,-1,0,-1,-1,0,0,-1,16016,4656,11360
39,2005,162231,18073,128094,15592,-1,-1,-1,-1,-1,0,-1,143686,52285,91401
40,2005,27917,-1,23833,5907,-1,0,-1,-1,-1,0,0,29740,11921,17819
41,2005,111249,13017,83978,4500,-1,-1,0,-1,-1,0,-1,88478,30946,57532
42,2005,23066,1385,20284,5185,-1,0,0,-1,0,0,-1,25468,9418,16050
43,2005,376216,51474,251506,52787,84895,6974,-1,68527,-1,0,7557,304292,110473,193819
44,2005,10477,-1,6215,6350,-1,-1,-1,-1,-1,0,-1,12565,4627,7938
45,2005,14220,-1,9177,4941,-1,-1,0,0,0,0,-1,14117,4079,10038
46,2005,4193,-1,3416,-1,-1,-1,0,0,0,0,0,4202,1861,2341
47,2005,23798,-1,18801,2627,0,0,0,0,0,0,0,21429,9106,12322
48,2005,-1,-1,-1,-1,0,0,0,0,0,0,0,1919,-1,-1
49,2005,19402,-1,-1,-1,-1,-1,0,-1,0,0,0,-1,-1,-1
50,2005,126887,-1,87653,12409,-1,0,0,-1,0,0,0,100062,35419,64643
51,2005,1711,0,1528,-1,-1,0,0,0,-1,0,0,2948,1141,1807
52,2005,15673,-1,13504,2329,-1,0,-1,-1,-1,0,-1,15833,6851,8982
53,2005,38847,-1,22243,3241,-1,0,0,-1,0,0,0,25484,9661,15822
73,2005,6637,-1,5922,-1,-1,0,0,0,0,0,-1,9353,3502,5851
55,2005,2147,-1,1912,536,0,0,0,0,0,0,0,2449,908,1541
56,2005,11403,1608,6260,867,-1,0,-1,-1,0,0,0,7127,2203,4924
57,2005,7087,1579,4390,1013,1244,0,0,1209,0,0,0,5403,2116,3287
58,2005,52223,11408,27870,1992,16382,0,0,15669,-1,0,-1,29863,9354,20508
59,2005,11779,2491,5612,851,6596,-1,-1,4794,0,0,-1,6463,2992,3470
60,2005,6066,-1,4812,1284,0,0,0,0,0,0,0,6095,1850,4245
61,2005,937,-1,705,-1,-1,-1,0,-1,0,0,0,1149,304,845
63,2005,2910,-1,2368,378,-1,-1,0,-1,0,0,0,2747,1204,1543
74,2005,11979,-1,10580,4825,-1,0,0,-1,0,0,0,15405,4466,10939
64,2005,6011,-1,5327,-1,1537,-1,-1,-1,0,0,0,6749,1778,4971
65,2005,3577,624,2254,1088,-1,-1,-1,0,0,0,-1,3341,1306,2035
66,2005,3577,624,2254,1088,-1,-1,-1,0,0,0,-1,3341,1306,2035
67,2005,414,0,396,96,0,0,0,0,0,0,0,491,223,268
9,2005,306,0,306,64,0,0,0,0,0,0,0,370,142,228
68,2005,-1,0,89,-1,0,0,0,0,0,0,0,121,82,-1
69,2005,25643,2564,20304,7840,25514,-1,-1,-1,-1,0,-1,28144,8722,19422
0,2006,3819255,635289,3045306,921095,2381071,399182,259246,780979,459541,60281,421842,3966401,1420446,2545955
1,2006,619326,170738,512606,152417,1034908,158396,-1,236121,306245,29868,188965,665023,202311,462712
2,2006,269276,65104,214428,48491,277840,-1,-1,39413,90544,-1,94892,262918,75963,186955
3,2006,192587,61833,168010,41703,434279,68018,-1,156190,101777,-1,-1,209713,59424,150289
4,2006,21578,-1,22433,15259,125129,36798,-1,-1,48454,-1,-1,37691,13302,24389
5,2006,76107,-1,59817,24684,157542,35527,-1,24572,41954,-1,48296,84501,27843,56658
6,2006,59778,10009,47919,22280,40119,-1,-1,-1,-1,0,-1,70200,25778,44421
7,2006,79667,28127,57047,13441,-1,-1,0,-1,-1,0,-1,70488,21166,49322
8,2006,16153,2688,11704,3750,2554,0,0,2554,0,0,0,15454,4691,10763
9,2006,63514,25440,45343,9691,-1,-1,0,-1,-1,0,-1,55034,16476,38559
10,2006,1081751,138179,843466,325580,313531,38691,32522,106854,17214,-1,111072,1169046,447303,721743
11,2006,307609,28199,239077,96375,-1,-1,-1,-1,0,-1,-1,335452,131733,203719
12,2006,93666,15200,84703,28109,-1,-1,-1,-1,0,-1,-1,112812,38787,74024
13,2006,97590,19768,63380,36494,-1,-1,0,-1,-1,0,-1,99873,38280,61593
14,2006,102534,-1,86086,41076,52581,-1,-1,-1,-1,0,41830,127162,53908,73254
15,2006,189835,-1,158590,65129,60580,-1,-1,-1,-1,0,-1,223719,91315,132404
16,2006,39062,-1,39893,17012,25585,-1,-1,-1,-1,0,-1,56906,14471,42435
17,2006,48469,-1,36754,11088,-1,-1,0,-1,0,0,-1,47842,20721,27121
18,2006,143101,25599,89182,21932,42560,0,-1,-1,0,0,20140,111114,38149,72965
19,2006,33417,2444,25231,3241,-1,0,0,-1,0,0,-1,28472,12423,16049
20,2006,26467,-1,20569,5124,9467,-1,-1,-1,0,0,-1,25694,7516,18178
21,2006,1309617,216965,1136923,294004,737971,165432,100515,256515,94734,-1,103795,1430927,523479,907448
22,2006,17811,-1,14504,2589,0,0,0,0,0,0,0,17094,7175,9918
72,2006,22334,4412,22267,-1,-1,0,0,0,-1,-1,-1,23971,9525,14446
24,2006,54209,13443,44785,-1,-1,0,0,-1,0,0,-1,48405,22822,25582
25,2006,61087,-1,55778,5560,-1,0,0,-1,0,0,-1,61338,24782,36555
26,2006,99781,3226,81348,15430,-1,0,0,0,-1,0,-1,96778,36723,60055
15,2006,15523,-1,16502,7608,-1,0,-1,-1,-1,0,-1,24110,8779,15331
27,2006,101863,21836,91726,20989,136199,11193,-1,-1,-1,-1,-1,112715,35888,76827
28,2006,108675,26790,107659,21890,60596,-1,-1,-1,-1,0,5949,129548,46447,83102
29,2006,117404,19991,103777,52257,149050,54805,-1,-1,38678,-1,-1,156034,53010,103025
30,2006,115187,21428,77793,35045,70335,-1,-1,-1,-1,-1,-1,112838,38166,74672
31,2006,132254,14780,122635,20923,-1,-1,0,-1,-1,0,-1,143557,49103,94454
32,2006,266558,34820,195213,62232,62802,-1,-1,32982,-1,0,-1,257445,99356,158089
33,2006,48984,-1,42378,7701,-1,-1,-1,0,-1,0,-1,50079,18683,31396
34,2006,57513,-1,56153,-1,-1,0,-1,-1,0,0,-1,75248,28963,46285
75,2006,11422,8106,15848,1112,0,0,0,0,0,0,0,16960,7576,9385
76,2006,16377,6273,15075,2102,-1,-1,-1,-1,-1,0,-1,17177,6216,10960
77,2006,62635,22923,73483,-1,-1,-1,-1,-1,-1,0,6549,87630,30265,57365
35,2006,133308,7072,58780,36159,-1,1284,-1,-1,5639,0,-1,94939,33091,61848
36,2006,20488,2336,12008,4105,6922,1284,0,0,5639,0,0,16113,6440,9673
37,2006,61143,-1,24074,2675,0,0,0,0,0,0,0,26748,10546,16202
38,2006,51677,-1,22698,29380,-1,0,-1,-1,0,0,-1,52078,16105,35972
39,2006,201939,25736,180282,19626,18448,-1,-1,-1,0,-1,-1,199908,71893,128015
40,2006,53751,2061,49265,10800,-1,-1,0,-1,0,0,0,60065,22948,37117
41,2006,119464,17773,108671,4953,14095,0,-1,-1,0,-1,0,113624,39574,74050
42,2006,28724,5903,22347,3873,-1,-1,0,-1,0,-1,-1,26219,9371,16848
43,2006,370048,44483,235940,73897,82645,17595,-1,37035,-1,-1,16408,309838,113519,196319
44,2006,7816,-1,12084,3927,-1,-1,-1,-1,-1,-1,-1,16010,5859,10151
45,2006,18193,0,11532,-1,-1,0,0,-1,0,0,-1,16846,8387,8459
46,2006,5138,-1,3841,1221,-1,-1,-1,0,0,0,0,5062,1251,3811
47,2006,23111,-1,13674,2560,0,0,0,0,0,0,0,16234,4228,12007
48,2006,1427,0,-1,0,0,0,0,0,0,0,0,-1,-1,-1
49,2006,16217,5391,-1,-1,-1,-1,0,-1,0,0,0,-1,3016,-1
50,2006,137696,-1,74170,32755,-1,0,0,-1,0,0,0,106925,40258,66667
51,2006,955,-1,760,381,0,0,0,0,0,0,0,1140,484,657
52,2006,17855,-1,15376,2213,0,0,0,0,0,0,0,17589,6898,10690
53,2006,35270,5071,22321,4634,-1,0,0,-1,0,0,0,26955,8639,18316
73,2006,-1,-1,-1,-1,-1,0,0,0,0,0,-1,-1,4192,-1
55,2006,2999,0,3092,1032,-1,-1,0,-1,-1,0,0,4124,1457,2667
56,2006,16279,-1,11585,1108,-1,0,-1,-1,0,0,0,12693,4777,7916
57,2006,11216,3467,6698,2275,3424,0,0,2184,0,-1,1163,8973,3255,5718
58,2006,24244,5664,14987,2943,4931,-1,0,4556,0,0,0,17930,5373,12557
59,2006,9949,-1,5303,931,5868,0,0,5538,-1,-1,0,6233,2532,3701
60,2006,6064,-1,4371,1417,0,0,0,0,0,0,0,5788,2606,3182
61,2006,440,-1,253,-1,-1,0,0,-1,0,0,0,460,159,300
63,2006,1890,-1,1128,553,-1,-1,-1,0,0,0,0,1681,976,705
74,2006,13672,-1,10383,4658,7653,-1,0,0,0,0,-1,15041,5239,9802
64,2006,7735,-1,6739,-1,-1,-1,0,0,0,0,-1,7908,3670,4238
65,2006,4072,701,2337,1235,-1,-1,0,0,0,0,-1,3572,1047,2524
66,2006,4072,701,2337,1235,-1,-1,0,0,0,0,-1,3572,1047,2524
67,2006,714,0,659,240,0,0,0,0,0,0,0,899,308,591
9,2006,587,0,522,204,0,0,0,0,0,0,0,726,253,473
68,2006,-1,0,-1,-1,0,0,0,0,0,0,0,173,-1,-1
69,2006,18814,3288,17266,4495,46040,11561,2583,0,31660,-1,0,21761,6328,15433
0,2007,4881643,1068829,3896515,1062578,2867956,380425,254789,677711,818727,42854,693450,4959093,1791656,3167436
1,2007,625193,203834,511188,177849,1005302,104744,101281,121482,547614,12441,117741,689036,214033,475003
2,2007,185037,48740,146713,41656,147405,-1,24221,-1,19632,-1,-1,188369,55176,133193
3,2007,238096,105631,176683,59703,533274,-1,-1,-1,430815,-1,-1,236386,74050,162336
4,2007,27874,-1,41040,22436,42792,0,-1,-1,32992,-1,0,63476,19996,43480
5,2007,95260,22919,84075,36213,212407,-1,-1,-1,64175,0,67050,120289,36893,83395
6,2007,78927,19146,62676,17841,69424,11983,15805,-1,0,0,9087,80517,27919,52598
7,2007,149665,11829,129517,74468,53168,-1,-1,2121,43539,-1,-1,203985,64680,139305
8,2007,72319,5503,63021,50849,41593,-1,-1,1772,36385,-1,-1,113870,29105,84765
9,2007,77346,6326,66496,23619,-1,0,0,-1,-1,0,-1,90115,35575,54540
10,2007,1513060,351699,1152313,323215,887329,110168,105695,159306,89770,-1,417331,1475529,553945,921584
11,2007,421493,71262,298948,87606,71639,-1,-1,-1,0,0,-1,386555,140995,245560
12,2007,206238,25196,174488,38863,107748,-1,-1,-1,-1,0,41393,213351,79150,134201
13,2007,117794,-1,63735,39269,38196,-1,0,5399,-1,0,-1,103004,33851,69153
14,2007,97004,32587,77130,36008,188000,-1,-1,47903,-1,0,104846,113138,47183,65955
15,2007,219570,48874,175820,38879,138553,-1,-1,52171,-1,-1,55622,214698,96177,118521
16,2007,132481,19951,113226,31224,103178,-1,-1,-1,-1,0,25186,144450,45854,98596
17,2007,73424,19286,68480,11188,97472,47164,-1,7220,-1,-1,29567,79668,30085,49582
18,2007,181596,87141,131195,22781,59371,-1,-1,-1,-1,0,30931,153976,52954,101021
19,2007,25096,12248,15992,-1,14724,-1,-1,-1,-1,0,-1,17874,8351,9524
20,2007,35024,-1,30746,14821,68040,-1,2555,-1,-1,0,47669,45567,17765,27802
78,2007,3341,885,2554,694,407,0,407,0,0,0,0,3249,1581,1668
21,2007,1725037,367694,1496424,351844,630677,138285,34023,213326,100749,-1,121017,1848267,692056,1156211
22,2007,30516,9220,28629,2539,-1,0,0,-1,-1,0,0,31168,15524,15644
72,2007,54956,27817,47160,4985,-1,0,-1,-1,-1,0,-1,52145,19431,32715
24,2007,64188,14110,43228,7189,-1,0,0,-1,-1,0,0,50417,19440,30977
25,2007,80763,-1,63746,5793,-1,0,0,0,-1,0,0,69539,29335,40204
26,2007,137911,-1,109005,16520,-1,0,0,-1,0,0,0,125525,53236,72289
15,2007,50661,-1,40310,10831,15988,0,-1,0,0,-1,8825,51141,17606,33535
27,2007,140527,59673,112258,36146,88224,13245,-1,-1,-1,-1,-1,148404,57280,91124
28,2007,128087,-1,127905,39188,-1,-1,-1,-1,-1,-1,-1,167093,62336,104757
29,2007,213329,19174,200736,50735,130887,24227,-1,-1,43695,0,-1,251470,87581,163889
30,2007,173453,40510,153756,51267,89129,63062,-1,-1,-1,0,0,205023,76633,128389
31,2007,216046,27822,184960,43843,32901,-1,-1,-1,0,0,-1,228803,80945,147858
32,2007,159526,16546,112803,13354,-1,0,-1,-1,0,0,-1,126157,40396,85761
33,2007,37047,2936,36247,-1,-1,-1,-1,0,-1,0,-1,39370,16580,22790
34,2007,86078,-1,100681,46738,-1,0,-1,-1,0,0,-1,147419,53672,93747
77,2007,60989,16870,65430,11892,-1,-1,-1,-1,0,-1,-1,77322,29893,47429
75,2007,54301,32407,32387,4038,-1,-1,-1,-1,-1,-1,-1,36425,16817,19608
76,2007,36659,12943,37184,3662,3801,-1,-1,0,-1,0,-1,40846,15350,25496
35,2007,173107,11836,87746,19801,44594,-1,-1,32332,-1,0,-1,107547,40836,66711
36,2007,65897,3044,41730,7294,-1,0,0,-1,-1,0,-1,49023,19355,29668
37,2007,45109,-1,14839,5923,-1,-1,-1,-1,0,0,0,20762,9563,11199
38,2007,62101,-1,31177,6584,26254,0,0,23960,0,0,0,37762,11918,25844
39,2007,196105,46696,135224,32715,49186,-1,-1,36248,-1,-1,-1,167938,60051,107887
40,2007,36814,8392,26652,19445,0,0,0,0,0,0,0,46097,18440,27657
41,2007,129917,32585,84488,9600,43840,-1,-1,35959,-1,-1,-1,94088,31401,62687
42,2007,21733,-1,17618,3052,-1,0,0,-1,-1,0,-1,20670,7828,12842
79,2007,1499,546,925,39,-1,-1,0,0,-1,0,-1,964,341,623
80,2007,6142,827,5541,579,-1,0,-1,0,0,0,0,6120,2041,4079
43,2007,453937,67268,350511,72217,123055,7164,3710,98997,3123,0,10061,422727,152909,269819
44,2007,16085,-1,16017,4265,-1,-1,0,-1,-1,0,-1,20283,7065,13218
45,2007,20254,-1,18543,4074,-1,0,0,-1,0,0,0,22617,9205,13412
46,2007,6771,-1,5875,-1,9690,-1,-1,1514,-1,0,-1,7364,2064,5300
47,2007,23936,-1,20602,3702,-1,-1,0,0,0,0,0,24303,5387,18916
48,2007,-1,0,-1,-1,0,0,0,0,0,0,0,-1,-1,-1
49,2007,6859,-1,7317,-1,-1,-1,0,0,0,0,0,9391,4325,5066
50,2007,155323,-1,96341,-1,-1,0,0,-1,0,0,0,107839,43500,64339
51,2007,1400,-1,-1,-1,0,0,0,0,0,0,0,2336,963,1373
52,2007,33099,0,31583,8631,-1,-1,0,0,0,0,0,40214,15565,24649
53,2007,33802,-1,34848,12733,-1,0,0,-1,0,0,-1,47580,14945,32635
73,2007,-1,-1,-1,-1,-1,0,0,0,-1,0,0,-1,-1,5164
55,2007,4152,-1,3571,392,-1,0,-1,-1,0,0,-1,3963,1450,2513
56,2007,20503,4027,14294,831,-1,0,0,-1,0,0,0,15125,5045,10080
57,2007,9743,1651,5884,1755,2982,0,-1,1979,0,0,-1,7639,3113,4526
58,2007,57483,23512,41678,5639,-1,0,-1,-1,0,0,0,47316,14847,32469
59,2007,21168,4786,17260,1186,-1,0,0,-1,0,0,-1,18446,7164,11282
60,2007,4485,-1,3592,3538,0,0,0,0,0,0,0,7130,3615,3515
61,2007,1629,-1,1102,-1,-1,0,-1,0,0,0,0,1287,394,893
63,2007,2536,-1,1766,1208,0,0,0,0,0,0,0,2974,1220,1754
74,2007,8988,1167,7998,1144,-1,-1,0,-1,-1,0,-1,9142,2461,6681
64,2007,15643,1162,13649,2399,3726,-1,-1,-1,0,0,-1,16048,5375,10673
81,2007,9054,958,6307,1605,-1,0,-1,0,0,0,0,7912,3057,4855
82,2007,3741,-1,2869,-1,0,0,0,0,0,0,0,3236,1209,2027
83,2007,3149,-1,2174,-1,0,0,0,0,0,0,0,3190,1372,1818
84,2007,-1,-1,-1,-1,0,0,0,0,0,0,0,147,-1,-1
85,2007,2040,-1,1163,175,-1,0,-1,0,0,0,0,1338,404,935
65,2007,6563,1122,6006,1817,-1,-1,-1,0,0,0,0,7823,2703,5120
66,2007,6563,1122,6006,1817,-1,-1,-1,0,0,0,0,7823,2703,5120
69,2007,29922,5893,21280,7048,74415,15357,8258,13899,21369,0,0,28328,7386,20942
15,2012,171179,23253,133156,58670,45477,0,0,-1,-1,0,17672,191826,85569,106257
16,2012,74208,20888,67461,46257,-1,7197,0,-1,0,0,-1,113719,41581,72137
17,2012,79302,17657,47624,11540,-1,-1,-1,-1,-1,0,-1,59164,24743,34421
18,2012,168535,39204,124794,24189,81970,-1,-1,-1,-1,0,-1,148983,44681,104303
19,2012,48466,24886,28444,3856,-1,0,0,0,0,0,-1,32300,10765,21535
20,2012,33467,10202,27033,2975,-1,-1,-1,-1,0,0,-1,30007,9570,20438
78,2012,5428,602,4285,1300,-1,0,0,-1,0,0,-1,5585,2428,3156
21,2012,1283995,424896,849814,261889,1294420,107861,115975,591621,248952,0,223887,1111703,382382,729321
22,2012,39295,23044,16811,8433,-1,0,0,-1,-1,0,0,25244,11602,13642
72,2012,42641,23490,22204,6411,9283,-1,-1,0,3357,0,-1,28615,10890,17725
24,2012,66988,40782,35386,4520,7819,-1,-1,0,-1,0,-1,39905,15011,24894
25,2012,50312,-1,37302,8861,0,0,0,0,0,0,0,46163,16580,29584
26,2012,71001,14934,50369,6417,13807,-1,-1,-1,-1,0,-1,56786,23457,33329
15,2012,33932,6292,23434,11950,42069,-1,-1,-1,-1,0,-1,35384,14628,20757
27,2012,77914,33870,58376,18639,129654,32130,15643,9231,35444,0,36189,77015,26549,50466
28,2012,103719,-1,78807,26657,49331,-1,-1,-1,-1,0,-1,105464,28220,77244
29,2012,121818,32009,82900,30702,199245,-1,43862,-1,94328,0,-1,113602,38724,74878
30,2012,156443,45289,113513,34501,120525,23278,-1,-1,69612,0,-1,148014,44750,103264
31,2012,134997,34162,109332,32075,-1,0,-1,-1,0,0,-1,141407,44177,97230
32,2012,161719,55013,90165,27652,442193,0,-1,375945,-1,0,-1,117817,37010,80807
33,2012,44050,16465,31898,11661,33261,-1,-1,-1,4466,0,-1,43558,16733,26825
34,2012,39344,-1,31222,9747,-1,-1,0,-1,0,0,-1,40969,16694,24275
77,2012,44623,16833,32347,9344,107966,-1,25862,13422,-1,0,27227,41691,15012,26679
75,2012,61609,43289,18029,4915,-1,-1,0,-1,-1,0,-1,22943,10880,12063
76,2012,33590,18623,17720,9405,2607,0,0,-1,-1,0,-1,27125,11468,15657
35,2012,155508,26571,108127,44171,110826,0,-1,56350,19246,0,-1,152298,50812,101486
36,2012,43417,12587,35481,14435,49830,0,0,-1,19246,0,-1,49916,15204,34711
37,2012,54270,-1,32590,14285,-1,0,-1,-1,0,0,-1,46874,14459,32415
38,2012,57821,8371,40056,15452,-1,0,0,-1,0,0,-1,55508,21149,34360
39,2012,249424,108924,183434,25156,82371,-1,-1,33833,5894,0,33750,208591,73120,135471
40,2012,72403,24236,54536,10965,8006,-1,-1,-1,-1,0,-1,65501,22021,43480
41,2012,140444,63300,104213,6952,56412,-1,0,-1,-1,0,24926,111165,39256,71909
42,2012,21067,9940,13941,6512,-1,0,-1,0,-1,0,-1,20453,7604,12849
80,2012,15510,11447,10744,727,12785,-1,-1,5490,-1,0,3925,11471,4239,7233
43,2012,562043,231949,291709,73878,786378,21025,31651,661300,42144,0,-1,365587,133488,232099
44,2012,8439,3231,-1,7256,-1,-1,0,-1,-1,0,-1,-1,4804,-1
45,2012,13728,-1,9415,3966,13532,-1,-1,-1,-1,0,-1,13381,4077,9305
46,2012,4634,1655,3117,-1,7035,-1,6057,0,-1,0,0,4272,1206,3067
47,2012,13654,4273,10139,-1,7414,-1,-1,-1,-1,0,0,12943,-1,8595
48,2012,-1,-1,-1,0,-1,0,-1,-1,0,0,0,-1,-1,-1
49,2012,12768,-1,8294,2437,-1,0,-1,0,0,0,0,10732,4168,6563
50,2012,258008,-1,107576,11289,-1,0,-1,-1,-1,0,-1,118864,38450,80414
51,2012,4179,-1,2599,-1,-1,-1,0,0,-1,0,0,-1,-1,-1
52,2012,43614,3570,40628,9524,4120,-1,-1,0,-1,0,0,50152,21979,28173
53,2012,56523,13947,34434,14801,10005,-1,-1,-1,0,0,-1,49235,18167,31067
73,2012,12945,2644,9267,3004,2054,0,-1,-1,1349,0,-1,12270,5224,7046
55,2012,2815,1283,2196,631,7821,0,-1,0,3719,0,-1,2827,1313,1514
60,2012,8858,3452,6480,2591,-1,-1,-1,-1,-1,0,-1,9072,3208,5864
61,2012,4732,2014,2512,438,2526,-1,-1,-1,0,0,-1,2950,1061,1889
63,2012,2356,859,1217,671,-1,-1,-1,-1,0,0,0,1888,1041,847
74,2012,12547,2739,9189,3416,12865,-1,-1,-1,-1,0,-1,12605,4554,8052
64,2012,6529,-1,6091,1004,10292,4311,-1,-1,-1,0,-1,7095,2648,4447
86,2012,95025,40492,31839,7817,46608,0,0,30161,-1,0,-1,39655,15071,24584
81,2012,15715,645,11650,4639,-1,0,0,-1,0,0,-1,16289,5563,10726
82,2012,3944,541,3426,993,-1,0,0,-1,0,0,-1,4419,1705,2714
83,2012,10900,-1,7496,3552,0,0,0,0,0,0,0,11048,3568,7480
84,2012,358,-1,230,0,0,0,0,0,0,0,0,230,-1,-1
85,2012,513,0,498,-1,0,0,0,0,0,0,0,592,165,428
65,2012,3228,1418,2370,1448,-1,-1,-1,0,0,0,-1,3818,1331,2486
66,2012,3228,1418,2370,1448,-1,-1,-1,0,0,0,-1,3818,1331,2486
69,2012,28288,5280,23436,7946,71406,20806,-1,-1,36603,0,6846,31383,7653,23729
0,2013,5311898,1815628,3398866,1174343,5949519,559639,603809,2309821,1574235,0,902014,4573208,1579017,2994192
1,2013,672042,150421,471934,232095,1814432,220180,294857,163912,992857,0,142627,704029,220389,483641
2,2013,353138,59070,230261,115997,740168,-1,165654,-1,368202,0,-1,346258,106528,239730
3,2013,132656,24532,116537,35988,475497,21754,44259,-1,377264,0,-1,152524,47007,105518
4,2013,28287,-1,20452,12467,124558,-1,-1,-1,62810,0,-1,32919,11124,21795
5,2013,74918,32872,50406,39189,251442,48136,48296,23317,119698,0,-1,89595,29562,60033
6,2013,83044,24598,54279,28454,222768,48746,-1,34556,64882,0,61511,82733,26169,56564
7,2013,458606,25972,348225,177446,-1,0,0,-1,0,0,-1,525671,124673,400998
8,2013,311696,-1,240187,125255,-1,0,0,-1,0,0,-1,365442,81755,283687
9,2013,146910,5425,108039,52190,-1,0,0,-1,0,0,-1,160229,42918,117312
10,2013,1088746,237393,791468,285692,465390,97369,78456,92190,86628,0,110748,1077160,419388,657772
11,2013,252806,48865,177762,80981,-1,-1,-1,-1,-1,0,-1,258743,101431,157312
12,2013,74021,16704,51119,13075,21129,-1,-1,-1,0,0,-1,64194,23334,40861
13,2013,95711,17316,73539,31066,76043,-1,-1,-1,-1,0,16831,104605,40921,63683
14,2013,94749,20178,61145,30239,76285,-1,-1,-1,-1,0,25851,91384,40622,50762
15,2013,229485,54922,195276,46024,70297,-1,-1,-1,-1,0,19682,241300,97904,143396
16,2013,118712,12533,86477,48244,33355,-1,0,-1,-1,0,-1,134720,49837,84883
17,2013,65184,18110,45600,6263,4785,-1,0,-1,0,0,-1,51863,17770,34093
18,2013,75433,20261,48832,15260,54161,-1,-1,-1,17464,0,-1,64092,20606,43486
19,2013,45912,22084,29555,6542,16365,-1,-1,0,-1,0,-1,36097,13778,22319
20,2013,33623,5238,20401,7063,44419,-1,-1,-1,-1,0,-1,27464,12019,15445
78,2013,3109,-1,1762,936,286,0,0,-1,0,0,-1,2697,1167,1531
21,2013,1473386,616096,955314,293741,1778114,190628,177134,529516,408575,0,472262,1249055,444222,804833
22,2013,77541,44179,48618,6941,-1,0,0,-1,-1,0,-1,55559,18097,37462
72,2013,43658,24875,22979,2621,-1,-1,-1,-1,-1,0,-1,25600,10272,15328
24,2013,69513,42599,44327,4568,26587,0,-1,-1,4197,0,17047,48895,18761,30135
25,2013,84110,13046,52111,18856,21144,0,-1,-1,-1,0,-1,70967,26335,44633
26,2013,94864,46433,45270,17011,23028,-1,-1,-1,-1,0,-1,62281,27571,34710
15,2013,37773,13390,32910,8576,66282,-1,-1,-1,-1,0,-1,41486,16802,24684
27,2013,80856,38453,48497,22063,277273,62022,42034,22902,51054,0,99262,70559,21498,49061
28,2013,115115,-1,67966,25220,106762,-1,-1,31378,-1,0,-1,93186,32761,60425
29,2013,114921,48499,70455,39180,225048,18287,35665,-1,143702,0,-1,109636,39585,70051
30,2013,109570,32670,75640,43075,192274,10014,-1,-1,136473,0,-1,118715,40045,78670
31,2013,120617,52245,88875,35270,131964,-1,-1,-1,0,0,-1,124145,47411,76734
32,2013,205896,76315,129313,25123,358684,0,-1,227012,0,0,-1,154436,46723,107713
33,2013,59981,13405,48347,10640,66188,-1,-1,-1,-1,0,-1,58987,24282,34706
34,2013,86260,-1,69055,-1,-1,0,-1,-1,0,0,-1,79020,25773,53247
77,2013,64565,16993,47531,13171,120231,34812,-1,-1,-1,0,51403,60702,20320,40383
75,2013,64796,49541,37091,5622,21392,0,0,-1,8027,0,-1,42714,13967,28746
76,2013,43350,25960,26328,5837,12806,0,0,-1,-1,0,8563,32165,14020,18146
35,2013,230046,38674,129117,37916,210269,-1,-1,153810,-1,0,51939,167033,56338,110695
36,2013,15481,3273,10768,8223,16827,-1,-1,-1,-1,0,-1,18991,5790,13201
37,2013,83245,12317,35521,8363,-1,0,0,-1,-1,0,-1,43883,15757,28126
38,2013,131320,23084,82828,21331,155828,-1,0,143390,-1,0,-1,104159,34791,69368
39,2013,236976,109055,179264,31202,115040,-1,-1,45142,-1,0,57643,210466,73297,137169
40,2013,63566,23588,44253,15194,22672,-1,0,-1,-1,0,-1,59447,21605,37842
41,2013,135572,66442,109956,10652,71747,0,0,27804,-1,0,36591,120608,40688,79920
42,2013,21750,9632,13242,4828,13191,0,-1,-1,-1,0,5166,18070,6516,11554
80,2013,16087,9393,11813,527,7430,-1,-1,494,-1,0,4367,12340,4487,7853
43,2013,1102411,624712,488475,101472,1279963,29740,27966,1137791,27535,0,56932,589947,225348,364600
44,2013,11905,2573,9598,7785,-1,0,-1,0,-1,0,-1,17383,6236,11147
45,2013,29335,-1,21209,3352,9476,0,-1,-1,-1,0,-1,24561,8698,15862
46,2013,3675,-1,3127,-1,-1,-1,-1,-1,-1,0,0,5999,-1,4270
47,2013,23862,-1,9653,-1,-1,0,0,-1,-1,0,-1,10043,5722,-1
48,2013,-1,-1,-1,-1,-1,0,0,-1,0,0,0,-1,-1,-1
49,2013,12500,1182,8726,-1,-1,-1,-1,0,0,0,0,10370,3376,6993
50,2013,809517,538447,300477,-1,1108432,-1,-1,1082848,0,0,-1,351872,137909,213963
51,2013,2939,973,2091,-1,-1,-1,-1,0,-1,0,-1,2315,1265,1050
52,2013,41585,1518,37771,6603,-1,0,-1,0,-1,0,0,44374,15540,28835
53,2013,48712,14498,26722,7571,13727,-1,-1,-1,0,0,-1,34293,13190,21103
73,2013,9397,4232,5817,-1,5603,-1,-1,-1,-1,0,-1,7087,2506,4582
55,2013,4818,1688,3758,936,3479,0,0,-1,3130,0,-1,4694,2082,2612
60,2013,9795,3791,6636,2368,-1,0,-1,0,-1,0,0,9004,4481,4523
61,2013,4228,2345,2049,1516,2652,-1,-1,-1,0,0,-1,3565,1055,2511
63,2013,4550,-1,4686,582,-1,0,0,-1,-1,0,0,5268,2180,3088
74,2013,12919,1808,7357,5311,23599,-1,-1,-1,-1,0,-1,12669,2505,10163
64,2013,5838,-1,5728,1431,9387,-1,-1,-1,-1,0,-1,7158,2354,4804
86,2013,66534,38783,32876,5450,35158,0,-1,30061,0,0,-1,38326,13843,24482
81,2013,17883,2481,13391,3438,-1,0,0,-1,0,0,-1,16828,6995,9833
82,2013,6284,2017,5045,993,0,0,0,0,0,0,0,6038,2582,3456
83,2013,10887,381,7759,2337,-1,0,0,-1,0,0,0,10096,4123,5973
84,2013,317,-1,-1,-1,0,0,0,0,0,0,0,258,-1,142
85,2013,396,0,358,-1,-1,0,0,-1,0,0,-1,436,174,263
65,2013,7023,1549,5113,2008,14043,4692,-1,-1,0,0,5809,7121,2248,4873
66,2013,7023,1549,5113,2008,14043,4692,-1,-1,0,0,5809,7121,2248,4873
69,2013,24780,9274,16564,9333,107768,13118,-1,22756,47148,0,-1,25897,6119,19778
0,2014,5724711,1827725,3761332,1138850,6726123,1015493,593529,2193298,1841879,0,1081924,4900182,1737578,3162604
1,2014,890893,305439,581044,199444,2298279,286231,309812,132147,1198050,0,372038,780488,257911,522578
2,2014,447859,141576,263385,82426,846888,74378,70920,32617,518269,0,-1,345811,121214,224596
3,2014,161248,49561,125763,50669,656970,-1,149537,-1,322272,0,96895,176431,54648,121783
4,2014,26651,-1,21953,11116,173779,23414,38024,-1,88954,0,-1,33069,8811,24259
5,2014,71823,44556,35963,20034,185973,-1,12365,21163,106974,0,-1,55997,19240,36757
6,2014,183313,60529,133980,35200,434669,103348,-1,61885,161582,0,68886,169180,53998,115182
7,2014,555147,47179,358449,202167,23608,0,-1,6454,-1,0,-1,560617,169607,391010
8,2014,303698,14709,187545,146265,11479,0,0,3806,-1,0,-1,333809,86087,247722
9,2014,251449,32469,170905,55903,-1,0,-1,-1,0,0,-1,226807,83519,143288
10,2014,1450655,395825,1001524,301335,852429,356601,35627,143902,123404,0,192896,1302860,492661,810199
11,2014,516304,120871,347291,75340,-1,-1,-1,-1,-1,0,-1,422631,156770,265861
12,2014,113308,29162,87890,10443,41458,33089,-1,-1,0,0,-1,98333,31575,66758
13,2014,69983,15836,56261,22385,123780,55107,-1,-1,38107,0,22725,78647,27044,51602
14,2014,158232,37688,112422,42482,65395,-1,-1,-1,-1,0,18420,154903,60132,94772
15,2014,188127,46748,152823,61121,132505,4055,-1,66629,22128,0,35170,213944,92903,121041
16,2014,101975,22830,59992,-1,80457,-1,0,-1,-1,0,29042,89334,31038,58296
17,2014,95290,33360,58098,21821,35634,-1,-1,-1,0,0,-1,79919,32844,47075
18,2014,122558,61142,70366,27158,111535,36316,-1,-1,-1,0,35158,97524,33618,63906
19,2014,51082,13071,35355,4162,-1,-1,0,0,0,0,-1,39517,16054,23463
20,2014,29464,13253,18100,6243,27777,-1,-1,-1,-1,0,-1,24343,9229,15114
78,2014,4333,1865,2926,838,4089,178,-1,1721,-1,0,2015,3765,1453,2312
21,2014,1589622,627714,1090646,242980,1576946,243741,196287,387853,402601,0,346463,1333626,482495,851131
22,2014,53646,33706,30898,6571,12584,0,0,8675,-1,0,-1,37469,14135,23333
72,2014,61315,26963,36830,5748,-1,-1,-1,-1,-1,0,0,42578,19755,22823
24,2014,92647,60939,52849,6483,35675,-1,0,-1,16361,0,-1,59332,24175,35157
25,2014,82604,14458,61335,9048,13103,-1,0,0,-1,0,-1,70382,28645,41737
26,2014,127517,53018,87500,8814,22087,-1,-1,-1,12103,0,0,96314,47038,49276
15,2014,32820,12044,30386,5074,81079,27280,-1,-1,-1,0,-1,35459,12332,23127
27,2014,81547,46346,51751,16285,215894,31232,24483,23062,44710,0,92407,68036,24482,43554
28,2014,162122,51803,131651,34712,106492,24097,-1,12118,47503,0,-1,166363,50604,115759
29,2014,83349,28608,56236,32128,200493,17256,-1,10328,122485,0,-1,88364,27253,61111
30,2014,94844,32793,61247,28133,140608,30654,22377,-1,70779,0,-1,89380,28546,60834
31,2014,157132,-1,107015,29418,188331,-1,-1,-1,-1,0,-1,136433,44247,92186
32,2014,213069,61429,141265,27198,231247,-1,0,151486,-1,0,-1,168463,54724,113739
33,2014,48355,15440,31538,4503,27841,8244,8140,-1,-1,0,-1,36041,15250,20791
34,2014,90940,-1,72964,-1,-1,0,-1,-1,0,0,0,84358,34413,49945
77,2014,86107,16813,67540,7471,220705,65770,31923,-1,52129,0,64813,75011,26984,48026
75,2014,56956,39846,28417,2819,22447,-1,-1,4772,3968,0,-1,31236,10086,21150
76,2014,64652,15190,41225,7183,10205,0,-1,-1,3811,0,-1,48407,19826,28581
35,2014,196095,29617,98287,81482,186042,-1,-1,-1,0,0,-1,179769,66053,113716
36,2014,18657,6352,12906,5293,4975,-1,0,-1,0,0,-1,18199,6273,11926
37,2014,82325,-1,-1,11316,-1,-1,0,-1,0,0,0,54077,20463,33615
38,2014,95114,10656,42620,64872,174387,-1,-1,-1,0,0,-1,107492,39317,68175
39,2014,268654,142201,182661,40416,145013,-1,-1,38160,-1,0,86685,223077,80974,142103
40,2014,100061,47648,73268,19609,32584,0,-1,-1,-1,0,26712,92878,36502,56376
41,2014,141801,78763,92709,14042,83015,-1,-1,33133,-1,0,33954,106751,35642,71109
42,2014,17469,9452,10269,5479,18754,0,0,-1,-1,0,18166,15748,5917,9831
80,2014,9323,6338,6415,1285,10660,0,-1,-1,-1,0,7853,7700,2914,4786
43,2014,715569,269811,403016,57784,1548631,56869,36483,1366107,61734,0,27437,460800,169362,291438
44,2014,6318,1285,5671,-1,17515,-1,-1,-1,-1,0,0,8335,2448,5887
45,2014,17128,3857,12233,-1,24407,-1,-1,-1,-1,0,-1,14328,6117,8211
46,2014,6180,3158,3793,-1,11651,-1,-1,0,4481,0,4328,6300,2107,4193
47,2014,12374,4399,9654,-1,-1,-1,-1,-1,-1,0,-1,12942,6437,-1
48,2014,-1,-1,-1,-1,-1,0,0,-1,-1,0,-1,-1,-1,-1
49,2014,17069,11918,5093,1206,5889,-1,-1,-1,-1,0,-1,6299,1899,4400
50,2014,370889,135538,199762,-1,-1,-1,-1,-1,-1,0,0,206617,76021,130596
51,2014,2246,-1,1796,-1,-1,0,-1,0,-1,0,-1,3476,-1,1699
52,2014,52697,7296,44610,7203,-1,0,-1,0,-1,0,-1,51812,19170,32642
53,2014,81892,33629,37972,11454,54928,0,-1,36707,-1,0,-1,49426,19149,30277
73,2014,16083,2659,9963,3502,4548,0,-1,0,-1,0,-1,13465,5347,8119
55,2014,5075,1584,4121,735,4986,-1,0,0,3892,0,-1,4855,1722,3134
60,2014,6640,2658,4422,-1,-1,-1,-1,0,0,0,0,5442,2258,3184
61,2014,3298,2007,1615,-1,4090,-1,-1,2807,-1,0,-1,1683,435,1249
63,2014,4118,432,3284,-1,-1,0,-1,0,0,0,0,3861,1455,2406
74,2014,16681,-1,-1,5095,-1,-1,-1,-1,-1,0,-1,16817,4628,12190
64,2014,12651,-1,5597,-1,27747,15007,-1,-1,11498,0,-1,7256,2116,5140
86,2014,83250,40194,40866,6027,43651,0,-1,38414,-1,0,1995,46893,15787,31106
81,2014,25836,-1,21943,2180,-1,0,0,-1,-1,0,-1,24123,9016,15107
82,2014,9625,-1,7968,1040,-1,0,0,-1,-1,0,-1,9007,3675,5333
83,2014,14859,-1,12829,1054,-1,0,0,0,-1,0,-1,13883,4926,8957
84,2014,317,-1,-1,-1,0,0,0,0,0,0,0,258,-1,142
85,2014,1035,-1,917,-1,-1,0,0,-1,0,0,0,974,299,675
65,2014,5333,1604,3602,1070,7477,3137,1824,0,2249,0,-1,4672,1686,2986
66,2014,5333,1604,3602,1070,7477,3137,1824,0,2249,0,-1,4672,1686,2986
69,2014,26908,6618,20160,9990,86384,8835,8008,-1,35135,0,-1,30150,7813,22337
0,2015,5241390,1874377,3741521,1724659,6686553,942916,756307,1345930,2046649,0,1594751,5582924,1870529,3712395
1,2015,778350,292907,561115,199156,2055860,200926,287624,309096,1040259,0,217954,763944,240214,523730
2,2015,443921,189586,309797,103380,894913,89041,107261,200168,381955,0,116489,413177,136449,276728
3,2015,137921,34672,107977,36639,596855,-1,125025,-1,350454,0,-1,144616,38680,105936
4,2015,15719,-1,15699,18897,139492,-1,-1,-1,91759,0,-1,35633,11354,24279
5,2015,41371,16324,36630,16072,126768,-1,-1,19636,73357,0,-1,55337,14819,40518
6,2015,139417,47859,91013,24169,297832,37681,27264,36224,142734,0,53929,115182,38912,76270
7,2015,822407,119823,664478,797814,-1,0,-1,26830,0,0,37865,1462292,381545,1080747
8,2015,336706,-1,271782,605187,-1,0,-1,9709,0,0,-1,876969,223953,653016
9,2015,485700,86322,392696,192627,41820,0,-1,-1,0,0,-1,585323,157592,427731
10,2015,1250351,335690,1026851,319322,1226036,296446,160863,71336,217413,0,479978,1358107,547453,810654
11,2015,366432,34420,314767,107169,178971,-1,-1,-1,-1,0,-1,421936,173389,248547
12,2015,121570,21534,97619,28316,-1,-1,-1,-1,0,0,-1,125935,46256,79679
13,2015,105900,50662,72966,26002,159576,-1,24781,-1,80383,0,36047,98968,35810,63158
14,2015,106996,27242,85177,31749,236824,-1,33207,-1,-1,0,114450,125111,58429,66681
15,2015,208445,-1,170498,45428,198877,-1,-1,5820,30120,0,-1,215927,101543,114384
16,2015,154539,45170,141125,34056,124925,-1,-1,-1,-1,0,24801,175182,65998,109184
17,2015,26280,9593,22720,13577,23006,-1,-1,-1,-1,0,-1,36297,13145,23153
18,2015,85971,25591,69993,16013,226027,77381,-1,-1,25349,0,-1,86006,25403,60603
19,2015,30932,20553,15963,9352,7900,-1,0,-1,0,0,-1,28282,10227,18055
20,2015,38427,11690,31656,6812,27878,-1,-1,-1,-1,0,12369,38468,14809,23659
78,2015,4861,508,4367,847,3390,0,115,-1,1153,0,2095,5996,2445,3552
21,2015,1525883,764896,983844,234693,2211364,371215,182554,499527,602719,0,555350,1257398,438954,818443
22,2015,61225,44908,37375,4520,23816,-1,-1,-1,-1,0,-1,41896,17403,24492
72,2015,36315,22942,17750,2394,6588,-1,-1,-1,-1,0,0,20144,8281,11863
24,2015,52900,28576,29565,6355,13358,-1,-1,0,5653,0,-1,35920,13082,22838
25,2015,82452,32329,55186,10410,15880,4394,-1,-1,-1,0,-1,65596,22246,43350
26,2015,90737,50250,49075,10236,35042,-1,-1,-1,-1,0,11335,59310,26127,33184
15,2015,63994,29639,48383,7354,134452,-1,-1,-1,34603,0,21302,55737,21637,34101
27,2015,98062,53746,63253,19842,158627,39442,-1,-1,25947,0,51233,83095,31864,51230
28,2015,-1,-1,-1,-1,-1,45938,-1,-1,-1,0,-1,-1,-1,-1
29,2015,97553,25556,73584,22623,354917,82263,36520,-1,216991,0,-1,101017,32181,68836
30,2015,149043,58429,88640,27833,379888,-1,-1,-1,220909,0,-1,126123,42876,83247
31,2015,124026,64850,63384,18698,225909,-1,-1,-1,-1,0,-1,87910,31906,56004
32,2015,138437,52408,84236,18929,260222,0,-1,205555,-1,0,-1,109438,35286,74151
33,2015,63718,17128,45052,9712,32760,-1,-1,-1,-1,0,-1,55860,22760,33100
34,2015,81726,-1,74380,-1,79768,-1,-1,-1,0,0,-1,87105,27552,59553
77,2015,63196,20312,55314,5612,75122,-1,-1,-1,-1,0,-1,71892,18740,53152
75,2015,60466,42781,21553,-1,14707,-1,-1,-1,-1,0,-1,24029,8648,15380
76,2015,28615,12566,19162,6323,9789,-1,-1,-1,3724,0,-1,25485,8071,17414
35,2015,177499,21416,109739,76166,323854,-1,-1,140875,-1,0,138049,236976,86602,150373
36,2015,26340,4973,16072,40343,54091,-1,0,-1,13687,0,25624,68826,22026,46800
37,2015,56799,13265,39027,16881,-1,0,0,-1,-1,0,-1,73964,30332,43631
38,2015,94359,3178,54640,18943,229152,0,-1,-1,-1,0,109406,94186,34244,59942
39,2015,244204,153988,150704,25509,140117,11576,-1,32708,-1,0,95457,176214,61422,114791
40,2015,80497,37881,47777,17223,30798,-1,0,5660,0,0,23933,65001,25459,39542
41,2015,133656,94737,86513,5723,85438,-1,0,21281,0,0,-1,92235,29032,63204
42,2015,19622,13168,11821,1772,10819,0,-1,5737,-1,0,4735,13593,4889,8704
80,2015,10429,8201,4594,791,13063,0,0,-1,-1,0,13003,5384,2043,3342
43,2015,377695,170702,188640,62417,448230,34838,18793,249856,79999,0,64743,259397,94885,164513
44,2015,25006,-1,9581,-1,-1,0,-1,-1,-1,0,-1,13740,5830,7910
45,2015,8713,-1,5768,3930,27951,-1,-1,-1,-1,0,-1,9698,3321,6377
46,2015,2530,837,1394,961,7555,-1,-1,-1,3022,0,0,2354,760,1594
47,2015,6291,-1,-1,-1,25249,0,0,-1,-1,0,-1,3911,-1,-1
48,2015,-1,-1,0,0,-1,0,0,-1,0,0,0,0,0,0
49,2015,5786,3429,2619,-1,10790,-1,0,-1,-1,0,-1,3099,1652,1447
50,2015,136102,66798,60259,12154,192933,-1,-1,175051,0,0,-1,78931,26935,51995
51,2015,2638,-1,-1,608,-1,0,0,0,0,0,-1,2350,-1,1361
52,2015,38791,4717,31477,13927,9405,-1,-1,-1,2580,0,-1,45403,19805,25598
53,2015,51373,-1,18816,10777,30828,-1,-1,15120,-1,0,-1,29593,9235,20357
73,2015,12529,7155,6989,2349,5608,-1,-1,-1,3264,0,0,10085,3557,6528
55,2015,5186,2292,3663,823,14117,4315,-1,0,5268,0,4353,4486,1423,3063
60,2015,6776,3949,3636,-1,4244,-1,-1,0,4074,0,0,4561,1723,2838
61,2015,1609,1287,664,370,2787,-1,0,382,2043,0,0,1033,-1,860
63,2015,1851,801,1028,-1,-1,0,-1,-1,0,0,0,1475,667,808
74,2015,12242,4839,6575,2646,16473,-1,-1,-1,-1,0,0,9221,2559,6662
64,2015,3542,802,2126,-1,11090,6736,-1,-1,-1,0,-1,2511,845,1666
86,2015,56031,18276,29006,6864,30327,-1,1716,22175,-1,0,-1,36946,13968,22978
81,2015,20450,2696,18571,1231,-1,0,-1,-1,0,0,-1,19802,6088,13714
82,2015,4691,-1,4620,756,-1,0,0,-1,0,0,-1,5377,1963,3413
83,2015,13015,-1,11692,-1,0,0,0,0,0,0,0,12145,3477,8668
84,2015,717,-1,717,0,0,0,0,0,0,0,0,717,210,507
85,2015,-1,-1,-1,-1,-1,0,-1,-1,0,0,-1,-1,-1,-1
65,2015,5218,1796,3753,1663,4162,-1,-1,0,-1,0,-1,5849,2361,3488
66,2015,5218,1796,3753,1663,4162,-1,-1,0,-1,0,-1,5849,2361,3488
69,2015,39331,10463,33825,6688,125095,11518,22100,12516,75233,0,-1,42944,11004,31941
0,2016,5999030,2036292,3939539,1479508,8870980,1740325,1736443,1323675,2658046,0,1412491,5419046,1850753,3568293
1,2016,974750,243290,725670,252462,2124343,311589,399496,265835,972191,0,175232,978132,279463,698668
2,2016,522397,108361,382111,141801,629513,-1,178287,84361,321941,0,-1,523912,141104,382808
3,2016,141498,41645,112154,37695,674672,141149,97769,52172,347112,0,-1,149849,40086,109763
4,2016,34164,-1,34727,12214,123145,-1,-1,-1,73968,0,-1,46941,16646,30295
5,2016,112632,36598,94733,31425,270122,75823,34785,-1,112783,0,20581,126158,40910,85248
6,2016,164058,51777,101944,29328,426891,45560,76479,92866,116388,0,95599,131272,40717,90555
7,2016,681994,85181,517629,362301,174754,-1,0,131870,-1,0,-1,879930,253706,626224
8,2016,298475,19679,205790,130589,63162,0,0,-1,0,0,-1,336379,109197,227182
9,2016,383519,65503,311839,231712,111592,-1,0,84775,-1,0,0,543551,144509,399043
10,2016,1389389,445682,958307,305428,1280939,242437,321125,137265,278791,0,301321,1263735,486059,777676
11,2016,424132,141009,287580,92216,233952,-1,-1,-1,-1,0,0,379796,134209,245588
12,2016,109535,24129,86445,39270,53527,28803,-1,-1,-1,0,9433,125715,48611,77104
13,2016,79326,12489,59370,22029,128710,-1,42093,14236,17133,0,30820,81399,35348,46051
14,2016,166635,54678,126008,37314,150255,-1,35027,-1,-1,0,36819,163322,60769,102553
15,2016,244318,91517,177101,41880,261818,-1,-1,61610,-1,0,120621,218981,105177,113804
16,2016,85392,28093,47999,27202,90744,-1,-1,-1,-1,0,13517,75201,25956,49245
17,2016,72029,23394,34390,-1,22000,-1,-1,-1,-1,0,-1,42946,14956,27990
18,2016,113441,39911,81700,21142,282895,64944,52558,-1,98921,0,53769,102841,32420,70422
19,2016,54890,22390,26763,7854,28496,-1,-1,-1,-1,0,-1,34618,14250,20368
20,2016,36165,6725,28731,7368,25050,-1,-1,-1,-1,0,-1,36100,13300,22799
78,2016,3526,1346,2219,597,3491,-1,1559,1148,-1,0,-1,2816,1063,1753
21,2016,1681268,734412,986961,257708,2148107,347998,270524,340820,509732,0,679033,1244669,457362,787308
22,2016,58402,34930,26296,-1,16779,0,-1,9269,-1,0,-1,35100,12251,22849
72,2016,52809,30659,23851,6879,9312,-1,-1,-1,-1,0,0,30729,14128,16601
24,2016,71200,40179,34154,4180,9111,-1,-1,-1,-1,0,-1,38333,13554,24779
25,2016,150019,21213,112013,12693,7685,0,0,-1,-1,0,0,124705,50346,74360
26,2016,137195,32517,94901,10519,48502,-1,-1,-1,-1,0,-1,105419,45815,59604
15,2016,55663,23519,39797,6725,116708,-1,-1,-1,-1,0,41248,46522,23441,23081
27,2016,82742,44498,49474,19615,242994,54974,-1,-1,68064,0,91468,69089,23083,46006
28,2016,151804,21495,102152,51087,162912,-1,-1,-1,-1,0,97252,153239,48924,104315
29,2016,217583,142737,78603,25224,484272,97162,-1,-1,187747,0,-1,103827,40488,63339
30,2016,157475,96507,85606,28345,270515,-1,-1,-1,117509,0,-1,113951,36211,77740
31,2016,114545,49510,70562,23375,182787,-1,-1,17031,-1,0,98442,93938,32397,61541
32,2016,78435,38176,47517,-1,174852,0,-1,98260,0,0,-1,69260,24875,44385
33,2016,91661,36720,62331,6925,-1,-1,-1,-1,-1,0,-1,69256,30591,38665
34,2016,105014,39901,77367,13872,158841,0,-1,-1,-1,0,-1,91240,26651,64589
77,2016,54700,12768,43504,9929,140709,57953,-1,-1,23155,0,-1,53433,17586,35847
75,2016,63295,57059,18430,2508,39705,10808,-1,13225,4908,0,-1,20937,7592,13345
76,2016,38726,12024,20405,5285,11966,-1,-1,-1,-1,0,-1,25691,9429,16262
35,2016,188984,38840,145350,137692,184444,-1,-1,36391,-1,0,89010,283041,86916,196125
36,2016,32558,4888,23961,-1,57132,0,0,-1,-1,0,-1,68100,17009,51091
37,2016,44209,-1,33673,47957,19766,-1,-1,14275,0,0,-1,81630,28384,53246
38,2016,112217,25621,87715,45596,107546,0,-1,-1,-1,0,-1,133311,41523,91788
39,2016,261680,140846,164701,38193,94499,-1,-1,25066,-1,0,67240,202894,77268,125626
40,2016,102891,41845,70027,23464,19415,0,0,-1,-1,0,-1,93491,38055,55436
41,2016,134203,82647,81781,-1,52232,0,-1,-1,-1,0,38576,92579,32495,60084
42,2016,11241,6544,5241,3151,8398,-1,-1,1820,-1,0,5197,8393,3415,4978
80,2016,13345,9810,7652,780,14454,-1,0,3544,0,0,10810,8432,3303,5129
43,2016,728193,334041,367481,98760,-1,-1,-1,373784,-1,0,45353,466242,178656,287586
44,2016,15473,5555,11813,5287,51404,-1,-1,-1,31820,0,-1,17100,6344,10756
45,2016,37502,16193,24228,3425,33634,-1,0,-1,-1,0,-1,27653,11771,15882
46,2016,9539,4042,6942,2095,7088,4710,-1,0,1759,0,-1,9037,3712,5325
47,2016,11890,7727,11347,-1,29740,5324,-1,-1,10791,0,-1,-1,-1,9875
48,2016,2476,-1,-1,-1,-1,0,0,-1,-1,0,0,-1,-1,-1
49,2016,17757,8819,9888,-1,20800,5185,-1,-1,-1,0,-1,11199,4962,6237
50,2016,380292,-1,167765,-1,-1,-1,-1,221278,-1,0,-1,208053,78441,129611
51,2016,2053,873,973,0,-1,0,0,-1,-1,0,-1,973,342,631
52,2016,34646,3291,30848,4739,5963,0,0,-1,5349,0,-1,35588,13354,22233
53,2016,83424,54637,29857,11827,72745,-1,-1,51760,-1,0,-1,41684,13718,27966
73,2016,13842,7979,6997,1705,14771,-1,-1,6473,-1,0,0,8702,2830,5872
55,2016,9056,4013,5985,581,10536,0,-1,0,8182,0,-1,6566,2339,4227
60,2016,12308,6215,4812,994,5619,-1,-1,-1,-1,0,-1,5806,2217,3589
61,2016,3814,2252,-1,-1,8907,1361,1327,-1,0,0,-1,-1,-1,-1
63,2016,3030,2071,1575,-1,2369,0,-1,-1,-1,0,-1,5045,-1,3160
74,2016,25815,9835,19603,5792,35453,-1,-1,0,23474,0,-1,25395,8284,17111
64,2016,9014,1646,6472,1856,25367,-1,-1,11912,-1,0,-1,8327,3031,5296
86,2016,56262,26481,24536,7505,55626,-1,-1,53139,0,0,-1,32041,14842,17199
81,2016,23765,3814,17990,7308,4939,-1,0,-1,-1,0,2590,25298,9835,15463
82,2016,5735,-1,4773,-1,-1,0,0,-1,0,0,-1,-1,-1,5103
83,2016,12963,-1,8819,3015,-1,-1,0,-1,0,0,-1,11834,4045,7789
84,2016,2770,-1,-1,-1,-1,0,0,-1,-1,0,-1,-1,-1,-1
85,2016,2296,-1,2172,0,-1,0,0,-1,0,0,0,2172,821,1351
65,2016,9957,2603,7318,-1,8049,-1,-1,4548,-1,0,-1,8980,2610,6370
66,2016,9957,2603,7318,-1,8049,-1,-1,4548,-1,0,-1,8980,2610,6370
69,2016,59049,7583,48132,17993,107943,-1,-1,-1,15885,0,35539,66125,18878,47246
0,2017,6374135,2444609,3773789,1397334,9339554,1418854,1108508,3105625,2020335,0,1686232,5171123,1905523,3265601
1,2017,751294,232289,425020,178491,3019654,632798,446412,460223,1154415,0,325806,603510,186307,417203
7,2017,593911,83029,347691,181880,319675,0,0,197438,-1,0,-1,529571,167615,361956
10,2017,1948563,730554,1203457,274405,1827265,306113,330566,462918,270315,0,457353,1477861,603640,874222
21,2017,1438597,658184,851755,225128,1911526,333794,220558,715958,340660,0,300556,1076883,403166,673717
35,2017,308123,77196,167208,248709,388873,-1,0,114430,0,0,-1,415917,154508,261409
39,2017,338288,230063,180588,38888,230097,-1,-1,48390,-1,0,165320,219476,78793,140683
43,2017,916374,415779,532824,232975,1546007,90818,57145,1104296,149813,0,143935,765799,280839,484960
81,2017,31528,5482,26405,5165,-1,0,-1,-1,0,0,-1,31570,12210,19360
65,2017,7524,3751,4898,-1,15952,4344,-1,0,-1,0,-1,5472,2585,2886
69,2017,39933,-1,33944,11120,77430,-1,-1,0,-1,0,21341,45064,15860,29204
0,2018,8474242,2402822,5741207,1988236,8654647,954324,689823,2293365,2778738,0,1938397,7729443,2561183,5168260
1,2018,1017221,337791,614815,202581,2822630,398890,266550,299177,1493314,0,364701,817396,246168,571228
7,2018,2423826,173226,1915362,885081,898599,0,-1,594031,-1,0,-1,2800443,814122,1986320
10,2018,1758385,666560,1207262,262067,1481955,279086,186565,215193,323196,0,477915,1469329,557620,911709
21,2018,1782870,642254,1139201,281463,1829944,102549,96775,643263,537370,0,449987,1420664,493342,927322
35,2018,308123,77196,167208,248709,388873,-1,0,114430,0,0,-1,415917,154508,261409
39,2018,341904,223386,196423,28770,259351,0,0,109721,-1,0,145872,225192,79064,146129
43,2018,774963,265365,450240,67492,951535,-1,-1,316871,148994,0,228432,517731,196271,321461
81,2018,30539,5226,24075,4423,-1,0,0,-1,-1,0,-1,28498,10553,17945
65,2018,5855,1424,5237,832,-1,-1,0,-1,-1,0,-1,6069,2160,3909
69,2018,30555,10395,21385,6819,17706,0,-1,-1,14318,0,-1,28204,7375,20829
0,2019,8908838,2323149,5418391,2107900,5738455,576896,391602,2595809,1427802,0,1185413,7526291,2738971,4787320
1,2019,622027,191479,407873,240645,1401961,115453,88834,297586,741415,0,369417,648517,201764,446754
2,2019,280532,46397,196050,132045,645835,-1,-1,-1,321140,0,-1,328095,100278,227817
3,2019,66220,36138,31484,39888,441487,-1,-1,-1,245317,0,143491,71372,19624,51748
4,2019,48269,-1,42511,-1,53327,-1,-1,-1,36457,0,14767,53338,16474,36864
5,2019,13218,-1,4473,11848,32088,-1,-1,-1,16322,0,-1,16321,5405,10916
6,2019,153340,58444,96889,34176,169946,-1,-1,70993,79007,0,-1,131065,42906,88160
87,2019,60449,26417,36465,11861,59278,-1,-1,-1,43173,0,-1,48326,17077,31249
7,2019,2177870,26927,1589317,768410,453578,-1,-1,277569,92314,0,-1,2357727,895502,1462225
8,2019,901682,-1,657083,422545,-1,0,0,-1,0,0,-1,1079628,422624,657004
88,2019,470547,19435,366272,134510,338154,-1,-1,255901,61799,0,0,500782,153644,347138
9,2019,469452,-1,324774,84401,-1,0,-1,-1,0,0,-1,409174,169915,239259
89,2019,119890,-1,101087,56477,34579,0,0,0,-1,0,-1,157564,50539,107025
90,2019,216299,-1,140102,70478,-1,-1,-1,-1,0,0,0,210579,98780,111800
10,2019,1433768,435519,916805,341405,978658,286177,181363,151363,166180,0,270654,1258211,501826,756385
11,2019,147538,14493,104022,58422,49643,-1,-1,-1,-1,0,-1,162443,58920,103523
12,2019,94124,17871,58454,39701,74384,56953,-1,0,-1,0,15534,98155,32512,65642
13,2019,119053,44400,64853,32968,116509,-1,-1,-1,-1,0,-1,97822,39550,58272
14,2019,241252,72458,149793,50502,227992,-1,-1,57162,80641,0,42247,200294,84130,116164
15,2019,252249,99274,162045,44006,178605,-1,-1,35620,-1,0,84784,206050,87545,118506
16,2019,27817,-1,18953,20682,-1,-1,-1,-1,0,0,-1,39635,14455,25180
17,2019,84495,-1,73958,-1,-1,-1,-1,-1,-1,0,-1,85828,42357,43471
18,2019,106677,41377,65388,27789,135809,43352,-1,-1,-1,0,21307,93178,35933,57245
19,2019,-1,-1,-1,-1,-1,-1,-1,-1,0,0,-1,-1,-1,-1
20,2019,-1,-1,-1,4274,-1,0,-1,0,-1,0,-1,18796,9172,-1
91,2019,209607,76847,108340,25586,-1,-1,-1,-1,0,0,-1,133926,47046,86880
111,2019,46943,9173,31740,9721,18008,-1,-1,-1,-1,0,7682,41461,18929,22533
21,2019,1157081,562900,688288,269790,1165085,103898,68974,467508,371018,0,306904,958079,351375,606704
22,2019,-1,-1,-1,1910,-1,-1,-1,-1,-1,0,-1,-1,-1,-1
72,2019,65032,39345,36061,7794,27550,-1,-1,-1,-1,0,-1,43856,21613,22243
93,2019,42865,18462,23718,-1,11109,-1,0,0,-1,0,-1,27681,10450,17232
25,2019,90974,15923,67142,14684,-1,-1,-1,-1,-1,0,0,81826,33040,48786
26,2019,51480,27082,25843,29129,27937,0,-1,-1,0,0,-1,54973,21384,33588
15,2019,50539,-1,45527,-1,48615,-1,-1,0,-1,0,-1,54853,19485,35368
94,2019,45340,-1,-1,17691,-1,0,0,-1,-1,0,-1,45914,17027,28887
28,2019,127107,-1,-1,-1,-1,-1,-1,-1,-1,0,0,-1,32591,-1
29,2019,113817,-1,94942,23721,266409,-1,-1,-1,151947,0,-1,118663,40765,77897
30,2019,101503,59156,-1,15973,158958,-1,-1,-1,-1,0,83021,81580,24440,57140
31,2019,131785,19497,95861,42545,145614,-1,-1,-1,-1,0,-1,138406,44993,93413
32,2019,53597,36678,17504,-1,221541,-1,-1,204961,-1,0,-1,37923,-1,24855
33,2019,39192,24078,21472,17297,26256,-1,0,-1,-1,0,11564,38769,14032,24736
34,2019,-1,-1,-1,-1,-1,-1,0,0,0,0,-1,-1,-1,-1
95,2019,-1,-1,-1,-1,-1,0,0,-1,0,0,0,-1,-1,-1
71,2019,-1,-1,-1,3534,-1,0,0,0,0,0,-1,9557,-1,5424
96,2019,22817,8727,-1,-1,-1,-1,0,-1,-1,0,-1,24661,-1,18602
97,2019,64054,58684,-1,-1,10887,-1,0,-1,0,0,-1,23710,-1,-1
76,2019,22723,12532,11661,7357,-1,-1,-1,0,-1,0,0,19018,7886,11133
98,2019,24623,11284,15667,2178,2570,-1,0,0,-1,0,-1,17846,5992,11854
35,2019,2657725,750469,1336896,374165,917724,0,2977,868636,-1,0,47482,1,565123,8
99,2019,64400,-1,57501,30567,4788,0,-1,-1,0,0,3470,88068,30379,57689
100,2019,18744,-1,4027,3893,0,0,0,0,0,0,0,7920,3168,4752
101,2019,37329,413,6928,2049,0,0,0,0,0,0,0,8977,5845,3132
102,2019,16679,0,2960,285,0,0,0,0,0,0,0,3245,938,2308
103,2019,8707,555,500,423,0,0,0,0,0,0,0,923,495,428
104,2019,95163,9114,39494,137209,2548,0,0,0,0,0,2548,176703,73131,103573
105,2019,54964,208121,38963,25654,27476,0,2526,8505,0,0,18971,64617,27494,37123
106,2019,817401,474298,403385,77034,553378,0,0,549514,-1,0,-1,480420,173970,306450
38,2019,1421450,0,717043,83954,-1,0,0,-1,0,0,-1,800997,226826,574171
107,2019,0,57188,0,304,0,0,0,0,0,0,0,304,254,51
108,2019,122888,750469,66094,12792,48331,0,-1,-1,0,0,-1,78886,22624,56262
39,2019,186318,106384,123375,14883,200735,-1,-1,117072,-1,0,13711,138258,55282,82976
40,2019,113248,71405,73544,4050,108710,-1,-1,58728,-1,0,-1,77593,26608,50986
41,2019,31830,13671,21724,4411,57911,-1,0,-1,-1,0,-1,26135,14288,11847
42,2019,36076,18199,24054,5712,30140,-1,-1,-1,0,0,-1,29766,12576,17190
80,2019,5164,3110,4054,-1,3974,0,-1,635,-1,0,-1,4764,1810,2954
43,2019,618771,239007,314784,71466,597073,57865,36338,405612,45389,0,-1,386250,144132,242118
44,2019,8591,-1,-1,-1,-1,0,-1,-1,0,0,-1,13096,5913,7182
45,2019,19851,8542,12840,4230,12409,-1,-1,-1,0,0,-1,17070,5194,11876
46,2019,6960,2354,5529,-1,5175,-1,0,-1,-1,0,0,6006,1447,4559
47,2019,17688,-1,-1,-1,-1,-1,0,-1,-1,0,-1,20436,9526,10910
48,2019,-1,0,-1,-1,-1,0,0,0,0,0,-1,-1,0,-1
49,2019,13933,-1,-1,-1,-1,-1,0,-1,0,0,0,11395,-1,-1
50,2019,267095,60545,125547,9197,248770,-1,-1,234685,0,0,-1,134744,52649,82095
51,2019,3034,-1,2453,-1,972,-1,0,-1,-1,0,0,2724,1467,-1
52,2019,27928,-1,20297,-1,-1,-1,-1,-1,-1,0,0,31128,12690,18438
53,2019,-1,-1,53035,6737,65177,-1,-1,38274,-1,0,-1,59773,19436,40336
73,2019,23992,4873,19150,3382,15530,-1,-1,-1,-1,0,-1,22532,6858,15674
55,2019,-1,1224,-1,315,4796,-1,883,-1,3718,0,-1,-1,2375,-1
86,2019,47198,21481,24350,6857,-1,-1,-1,-1,0,0,-1,31207,12153,19054
64,2019,7913,4614,5431,3565,19721,12957,-1,-1,-1,0,5886,8996,3009,5987
60,2019,5066,2685,3089,-1,763,-1,0,-1,-1,0,-1,3668,1878,1790
61,2019,6005,-1,-1,-1,-1,0,0,-1,-1,0,-1,-1,1128,-1
63,2019,3415,-1,-1,1048,1597,-1,-1,0,-1,0,-1,2983,1208,-1
109,2019,11087,-1,-1,3643,15857,-1,-1,-1,-1,0,-1,11769,2364,9405
81,2019,14218,-1,12582,2167,-1,0,-1,-1,0,0,-1,14749,5449,9300
82,2019,479,-1,417,0,-1,0,-1,0,0,0,0,417,121,296
83,2019,11506,-1,10602,1599,-1,0,0,0,0,0,-1,12201,4206,7995
84,2019,-1,-1,-1,-1,-1,0,0,-1,0,0,0,-1,-1,-1
85,2019,1373,0,1105,418,0,0,0,0,0,0,0,1523,816,707
65,2019,9327,-1,5386,3838,3724,-1,-1,-1,-1,0,1479,9224,3755,5469
65,2019,9327,-1,5386,3838,3724,-1,-1,-1,-1,0,1479,9224,3755,5469
69,2019,31732,8332,23084,21131,18263,0,-1,-1,-1,0,-1,44215,14764,29451
69,2019,31732,8332,23084,21131,18263,0,-1,-1,-1,0,-1,44215,14764,29451
0,2020,9677225,2548474,6095030,2641629,5668302,1208838,687197,1665727,1578485,0,0,8736659,3281590,5455070
1,2020,622027,191479,407873,240645,1401961,115453,88834,297586,741415,0,0,648517,201764,446754
2,2020,280532,46397,196050,132045,645835,-1,-1,-1,321140,0,0,328095,100278,227817
3,2020,66220,36138,31484,39888,441487,-1,-1,-1,245317,0,0,71372,19624,51748
4,2020,48269,-1,42511,-1,53327,-1,-1,-1,36457,0,0,53338,16474,36864
5,2020,13218,-1,4473,11848,32088,-1,-1,-1,16322,0,0,16321,5405,10916
6,2020,153340,58444,96889,34176,169946,-1,-1,70993,79007,0,0,131065,42906,88160
110,2020,60449,26417,36465,11861,59278,-1,-1,-1,43173,0,0,48326,17077,31249
7,2020,2311670,107737,1756657,958087,-1,-1,0,-1,0,0,0,2714744,993405,1721339
8,2020,886925,-1,674487,366921,-1,-1,0,-1,0,0,0,1041408,337994,703414
88,2020,418386,-1,361075,203705,-1,0,0,-1,0,0,0,564780,208230,356550
9,2020,572228,18631,386161,130400,0,0,0,0,0,0,0,516561,228194,288368
89,2020,165278,-1,140467,139053,0,0,0,0,0,0,0,279521,94180,185341
90,2020,268854,0,194466,118008,0,0,0,0,0,0,0,312474,124808,187666
10,2020,1768439,639707,1239994,358474,1362025,407882,193263,253625,348828,0,0,1598469,648105,950363
11,2020,134884,10955,97224,35428,39476,17697,-1,-1,-1,0,0,132651,56421,76230
12,2020,215410,70611,132429,47585,130544,-1,-1,-1,-1,0,0,180014,77705,102309
13,2020,173947,80661,112405,32274,177566,64511,-1,43961,51683,0,0,144679,52342,92336
14,2020,391131,116353,281511,69029,327242,-1,-1,18233,129398,0,0,350540,140827,209712
15,2020,299222,159208,225863,67898,212812,-1,28900,-1,-1,0,0,293762,133806,159955
16,2020,46702,19614,33014,-1,-1,-1,-1,-1,-1,0,0,60643,15317,45326
17,2020,62021,14964,41488,13370,-1,-1,-1,-1,-1,0,0,54859,23508,31351
18,2020,86612,41809,64275,11416,201920,98293,-1,-1,-1,0,0,75691,24530,51160
19,2020,21324,7815,14983,-1,-1,-1,-1,-1,-1,0,0,20400,9018,-1
20,2020,38034,-1,30642,-1,31023,0,-1,-1,-1,0,0,33993,12358,21635
91,2020,241992,98940,168069,37448,152026,28472,-1,-1,-1,0,0,205516,84303,121213
111,2020,57160,14173,38092,7630,15385,-1,-1,-1,-1,0,0,45721,17968,27754
21,2020,1323329,599157,723641,296343,1356045,288112,227787,354010,317445,0,0,1019983,388339,631644
22,2020,-1,-1,9887,0,0,0,0,0,0,0,0,9887,-1,-1
112,2020,68706,31119,36870,6087,-1,0,0,-1,0,0,0,42958,17490,25468
93,2020,46714,27924,21867,-1,12017,-1,0,-1,-1,0,0,25705,9085,16620
25,2020,135581,55439,76173,33640,17177,0,-1,-1,-1,0,0,109812,42580,67233
26,2020,56271,26331,37380,19783,-1,0,-1,0,-1,0,0,57164,26369,30795
15,2020,19598,6896,10380,-1,8261,-1,-1,-1,-1,0,0,14271,6029,8241
27,2020,34518,27594,11165,8362,71580,-1,-1,-1,-1,0,0,19527,7665,11862
28,2020,104965,-1,46709,43082,22722,0,-1,-1,-1,0,0,89791,40486,49306
29,2020,125382,53948,-1,-1,401443,95849,-1,-1,29942,0,0,87707,25120,62587
30,2020,168301,58181,103958,57758,211721,45206,-1,-1,59845,0,0,161715,54193,107522
31,2020,61954,11121,39721,-1,40276,0,-1,-1,-1,0,0,53473,19242,34231
32,2020,88502,43799,38797,18747,226819,-1,-1,223016,-1,0,0,57544,19810,37734
33,2020,58600,26757,49172,10280,-1,-1,0,-1,-1,0,0,59452,18924,40528
34,2020,28288,-1,19613,-1,-1,0,0,-1,0,0,0,21485,9219,12266
95,2020,26184,13599,-1,-1,-1,0,0,0,0,0,0,-1,-1,-1
71,2020,-1,-1,-1,-1,-1,-1,-1,0,-1,0,0,-1,-1,-1
77,2020,67942,23544,50921,-1,65490,-1,-1,-1,-1,0,0,63441,25123,38318
97,2020,42855,42855,-1,-1,-1,0,0,0,-1,0,0,-1,-1,-1
76,2020,28166,12275,13241,-1,-1,-1,0,0,0,0,0,18088,8517,9572
98,2020,28917,14569,17310,6790,9986,-1,-1,-1,-1,0,0,24100,8567,15533
113,2020,97089,-1,38899,10329,-1,-1,-1,-1,-1,0,0,49228,15422,33806
35,2020,2749591,596272,1442210,661985,475702,-1,-1,337011,-1,0,0,2104195,798286,1305909
99,2020,46135,10678,31733,22744,71565,-1,0,42530,0,0,0,54477,23510,30967
100,2020,22409,0,3476,4449,10248,-1,0,8581,0,0,0,7925,3442,4483
101,2020,43363,23594,2824,2548,-1,0,0,-1,0,0,0,5373,3692,1681
102,2020,84721,0,61410,10622,-1,0,0,-1,0,0,0,72031,29993,42039
103,2020,130792,8756,61340,-1,-1,0,0,0,0,0,0,73574,19300,54275
104,2020,279601,-1,147113,126209,0,0,0,0,0,0,0,273321,137468,135853
105,2020,205506,42234,33419,8247,-1,-1,-1,-1,-1,0,0,41666,15928,25737
106,2020,720285,94347,472748,209033,-1,0,0,0,0,0,0,681781,262324,419457
38,2020,1007449,350669,549543,180564,-1,-1,0,-1,0,0,0,730107,230647,499460
107,2020,123019,-1,37031,77119,-1,0,-1,-1,-1,0,0,114150,53614,60536
108,2020,86311,42394,41574,8216,-1,-1,-1,-1,-1,0,0,49790,18369,31421
39,2020,206933,127148,131505,30814,120793,-1,-1,66439,-1,0,0,162319,66366,95953
41,2020,109958,70154,86835,9512,58290,12686,-1,29787,-1,0,0,96347,39516,56831
40,2020,60328,39431,22397,2616,-1,-1,-1,-1,-1,0,0,25013,9242,15771
42,2020,29302,-1,16863,-1,-1,-1,-1,-1,-1,0,0,-1,15294,-1
80,2020,7345,4505,5410,414,4807,-1,-1,-1,1126,0,0,5824,2314,3511
43,2020,587658,261023,321870,71757,755059,332869,-1,262007,96120,0,0,393627,151386,242241
44,2020,26187,17510,15703,12527,28084,-1,-1,0,-1,0,0,28231,10545,17685
45,2020,28629,-1,18984,4206,3889,-1,-1,3009,0,0,0,23190,6980,16210
46,2020,9506,3822,6133,-1,4771,-1,0,-1,-1,0,0,8357,-1,5883
48,2020,-1,-1,-1,0,-1,0,0,-1,0,0,0,-1,-1,-1
49,2020,38147,25197,-1,-1,34451,-1,0,-1,-1,0,0,-1,7100,-1
50,2020,205870,-1,111352,10314,319573,-1,-1,-1,-1,0,0,121666,49305,72361
51,2020,-1,0,-1,0,0,0,0,0,0,0,0,-1,-1,-1
52,2020,23308,3538,18616,12665,15175,-1,-1,-1,-1,0,0,31281,13196,18085
53,2020,85466,53229,39376,10108,-1,-1,-1,49235,0,0,0,49484,22684,26800
73,2020,18758,14469,11619,764,21585,-1,-1,-1,5176,0,0,12383,4582,7801
55,2020,12043,5845,8720,1110,8346,-1,-1,-1,3018,0,0,9830,2634,7195
86,2020,60286,46138,22780,1649,105281,-1,-1,18189,-1,0,0,24429,8243,16186
64,2020,22176,11777,12987,3904,44096,22564,-1,-1,13372,0,0,16891,6244,10647
60,2020,10272,3790,-1,1975,3225,-1,-1,-1,-1,0,0,9152,3939,5213
61,2020,5747,-1,3051,-1,3128,-1,-1,-1,-1,0,0,3279,1125,2154
63,2020,3243,1041,2680,1237,4476,2142,750,-1,-1,0,0,3917,1593,2324
109,2020,32040,16472,21555,6788,16445,-1,0,0,-1,0,0,28343,8128,20214
47,2020,29850,-1,14958,-1,-1,-1,-1,-1,-1,0,0,15651,6338,-1
81,2020,16465,4405,12260,4483,2649,-1,0,-1,-1,0,0,16743,7268,9475
82,2020,3574,-1,2963,800,-1,-1,0,0,0,0,0,3762,1860,1902
83,2020,10943,2773,7984,-1,-1,0,0,-1,0,0,0,11379,4711,6668
84,2020,960,-1,634,0,0,0,0,0,0,0,0,634,-1,-1
85,2020,988,474,678,289,-1,0,0,-1,-1,0,0,967,414,553
65,2020,14529,2790,8623,4359,8844,-1,-1,-1,-1,0,0,12982,5133,7849
69,2020,46735,13062,35440,13991,12718,-1,-1,-1,-1,0,0,49430,15199,34231
