id,year,horses_total,male_lt_3yrs,male_gte_3yrs,female_lt_3yrs,female_gte_3yrs,
0,2003,1447274,148870,553873,149788,594743
1,2003,2615,0,1540,-1,-1
2,2003,0,0,0,0,0
3,2003,0,0,0,0,0
4,2003,-1,0,-1,0,0
5,2003,1788,0,-1,-1,-1
6,2003,-1,0,-1,-1,-1
7,2003,0,0,0,0,0
8,2003,0,0,0,0,0
9,2003,0,0,0,0,0
10,2003,250679,20848,95763,23121,110947
11,2003,39016,-1,17009,4125,15340
12,2003,22278,1684,4312,-1,14303
13,2003,16724,-1,6597,-1,7624
14,2003,27783,-1,9233,2436,15388
15,2003,29674,2303,5992,3504,17875
16,2003,56529,7398,23322,6720,19089
17,2003,7956,-1,-1,0,3153
18,2003,-1,0,-1,0,-1
19,2003,50520,2948,26108,3388,18076
20,2003,0,0,0,0,0
21,2003,899998,99936,341732,97836,360494
22,2003,-1,0,-1,0,-1
23,2003,35968,3065,13263,-1,17516
24,2003,33285,4621,8437,5421,14805
25,2003,109307,10582,37170,11163,50392
26,2003,128009,13839,49815,15511,48845
15,2003,70944,8964,17426,11000,33553
27,2003,14609,0,10351,-1,-1
28,2003,221516,26297,82155,22865,90199
29,2003,-1,0,0,0,-1
30,2003,-1,0,0,-1,-1
31,2003,158830,19269,68017,17210,54334
32,2003,4532,-1,2850,0,-1
33,2003,17982,1992,10631,861,4498
34,2003,99404,10665,39410,9934,39396
35,2003,-1,0,-1,-1,-1
36,2003,0,0,0,0,0
37,2003,0,0,0,0,0
38,2003,-1,0,-1,-1,-1
39,2003,-1,0,0,0,-1
40,2003,-1,0,0,0,-1
41,2003,0,0,0,0,0
42,2003,0,0,0,0,0
43,2003,292773,28087,113956,28273,122458
44,2003,53550,5975,11984,6906,28685
45,2003,24108,2768,8277,3106,9957
46,2003,8309,-1,2951,-1,4293
47,2003,61832,5289,25432,-1,27930
48,2003,20965,-1,12373,2011,6015
49,2003,-1,0,-1,0,0
50,2003,9800,933,4012,-1,4387
51,2003,2702,-1,2058,-1,-1
52,2003,44747,3814,22839,4275,13819
53,2003,24166,-1,9009,-1,9878
54,2003,11903,1571,4565,1258,4508
55,2003,551,114,94,-1,320
56,2003,3100,306,1225,-1,1283
57,2003,-1,0,-1,0,-1
58,2003,0,0,0,0,0
59,2003,-1,0,-1,-1,0
60,2003,5974,455,1868,-1,3368
61,2003,354,54,229,-1,-1
63,2003,1138,-1,595,-1,294
63,2003,17624,2717,5218,2801,6888
64,2003,1273,-1,604,-1,416
65,2003,0,0,0,0,0
66,2003,0,0,0,0,0
67,2003,859,0,829,0,-1
9,2003,685,0,654,0,-1
68,2003,174,0,174,0,0
69,2003,-1,0,0,-1,0
0,2004,1517585,170707,580163,163408,603308
1,2004,1200,0,1200,0,0
2,2004,0,0,0,0,0
3,2004,0,0,0,0,0
4,2004,-1,0,-1,0,0
5,2004,-1,0,-1,0,0
6,2004,-1,0,-1,0,0
7,2004,0,0,0,0,0
8,2004,0,0,0,0,0
9,2004,0,0,0,0,0
10,2004,257320,24728,94403,25558,112632
11,2004,41757,3330,19085,5641,13701
12,2004,21233,-1,5791,-1,11416
13,2004,-1,-1,-1,-1,-1
14,2004,32276,-1,8187,4020,17506
15,2004,38500,4991,-1,4147,24519
16,2004,49421,7608,18850,4868,18096
17,2004,9306,-1,4561,-1,-1
18,2004,0,0,0,0,0
19,2004,50674,3278,27165,2928,17303
20,2004,0,0,0,0,0
21,2004,959706,118266,370173,106227,365039
22,2004,-1,-1,-1,-1,-1
72,2004,37731,4512,-1,3193,16132
24,2004,35019,5345,8954,2970,17750
25,2004,86949,14259,20858,10532,41299
26,2004,134728,21582,56959,14148,42039
15,2004,72130,11987,18861,9775,31507
27,2004,14501,-1,11033,-1,2003
28,2004,260825,24602,102205,30766,103251
29,2004,-1,-1,0,0,-1
30,2004,-1,0,0,0,-1
31,2004,176101,20388,74913,21858,58942
32,2004,-1,-1,-1,0,-1
33,2004,22238,2545,13716,1578,4399
34,2004,110777,11041,46350,10426,42960
35,2004,0,0,0,0,0
36,2004,0,0,0,0,0
37,2004,0,0,0,0,0
38,2004,0,0,0,0,0
39,2004,-1,-1,0,0,-1
40,2004,-1,-1,0,0,-1
41,2004,0,0,0,0,0
42,2004,0,0,0,0,0
43,2004,298717,27599,114083,31601,125435
44,2004,53884,4950,11092,6924,30919
45,2004,17619,1840,7293,-1,7082
46,2004,6132,-1,3178,-1,1882
47,2004,65316,6023,27161,6402,25731
48,2004,22983,986,15438,1072,5488
49,2004,-1,0,-1,0,0
50,2004,8538,979,3096,836,3627
51,2004,3540,-1,2299,-1,565
52,2004,43969,4972,18355,4721,15921
53,2004,31582,2358,10519,4970,13735
73,2004,7816,1305,1872,-1,4362
55,2004,491,-1,-1,-1,311
56,2004,4677,384,1698,597,1999
57,2004,-1,0,0,0,-1
58,2004,0,0,0,0,0
59,2004,-1,0,-1,0,0
60,2004,8502,-1,2624,1129,4374
61,2004,439,-1,297,-1,-1
63,2004,692,-1,359,-1,225
74,2004,20176,2330,7413,2159,8275
64,2004,1438,-1,416,-1,862
65,2004,0,0,0,0,0
66,2004,0,0,0,0,0
67,2004,380,-1,304,22,27
9,2004,275,-1,200,22,27
68,2004,105,0,105,0,0
69,2004,0,0,0,0,0
0,2005,1569318,164853,598052,174361,632052
1,2005,1894,-1,841,-1,-1
2,2005,-1,-1,0,0,0
3,2005,0,0,0,0,0
4,2005,-1,0,-1,0,-1
5,2005,-1,0,-1,-1,-1
6,2005,-1,-1,-1,-1,-1
7,2005,0,0,0,0,0
8,2005,0,0,0,0,0
9,2005,0,0,0,0,0
10,2005,289895,27691,105195,30760,126250
11,2005,38777,3738,15576,3997,15466
12,2005,21705,-1,4778,-1,14017
13,2005,15870,-1,6345,-1,-1
14,2005,39369,5288,8235,2975,22870
15,2005,43473,4374,9033,8158,21907
16,2005,61748,7834,22681,7888,23347
17,2005,15480,-1,5206,-1,7434
18,2005,-1,-1,-1,0,0
19,2005,53100,2761,33063,2334,14942
20,2005,-1,0,-1,0,0
21,2005,969037,108115,370623,112117,378182
22,2005,-1,-1,-1,-1,1610
72,2005,48913,5091,18712,5840,19269
24,2005,34317,4326,7733,5628,16630
25,2005,87297,9015,26534,11267,40482
26,2005,174410,16572,78105,18867,60867
15,2005,98282,16125,28180,11751,42227
27,2005,12020,827,8977,-1,1748
28,2005,227326,24148,84501,28844,89834
29,2005,-1,0,-1,0,-1
30,2005,-1,0,0,-1,-1
31,2005,150801,18943,58952,18415,54491
32,2005,2036,-1,1567,0,-1
33,2005,20855,2475,12948,-1,4630
34,2005,104563,9387,41216,9118,44842
35,2005,-1,-1,0,0,0
36,2005,0,0,0,0,0
37,2005,-1,-1,0,0,0
38,2005,0,0,0,0,0
39,2005,-1,-1,-1,-1,-1
40,2005,-1,-1,-1,-1,-1
41,2005,0,0,0,0,0
42,2005,0,0,0,0,0
43,2005,307104,28730,120555,30936,126883
44,2005,54359,6379,13130,7178,27672
45,2005,18715,1848,8247,-1,7512
46,2005,7669,993,2810,-1,3550
47,2005,65031,-1,28713,5841,25971
48,2005,23578,1185,12771,1640,7983
49,2005,-1,0,-1,0,0
50,2005,9772,708,3754,1005,4304
51,2005,3921,-1,2473,-1,-1
52,2005,53419,5272,25634,4480,18034
53,2005,30904,4134,7127,5952,13690
73,2005,12537,755,5087,-1,6142
55,2005,411,-1,162,0,226
56,2005,3007,-1,1451,157,1094
57,2005,0,0,0,0,0
58,2005,0,0,0,0,0
59,2005,-1,-1,-1,0,-1
60,2005,5549,387,1444,767,2951
61,2005,292,0,211,-1,64
63,2005,895,172,379,-1,288
74,2005,14628,1701,5586,1406,5935
64,2005,1973,-1,1264,0,649
65,2005,0,0,0,0,0
66,2005,0,0,0,0,0
67,2005,437,-1,387,-1,20
9,2005,279,-1,238,-1,20
68,2005,159,-1,149,0,0
69,2005,0,0,0,0,0
0,2006,1655284,185341,604121,193755,672067
1,2006,2270,0,1769,-1,-1
2,2006,0,0,0,0,0
3,2006,0,0,0,0,0
4,2006,-1,0,-1,0,0
5,2006,1595,0,-1,-1,-1
6,2006,-1,0,-1,0,-1
7,2006,-1,0,-1,0,0
8,2006,-1,0,-1,0,0
9,2006,0,0,0,0,0
10,2006,283813,29651,94841,34150,125170
11,2006,38240,5385,-1,4932,16233
12,2006,18282,-1,4970,2192,10226
13,2006,21246,-1,-1,-1,-1
14,2006,31050,3118,5748,5046,17137
15,2006,43337,3705,7289,9284,23059
16,2006,63300,7966,22693,5506,27135
17,2006,15459,-1,4427,-1,8873
18,2006,-1,0,0,0,-1
19,2006,52800,4081,30238,3779,14702
20,2006,0,0,0,0,0
21,2006,1045458,125374,383746,122967,413371
22,2006,2746,0,-1,-1,1469
72,2006,-1,-1,-1,-1,-1
24,2006,32929,3333,10983,4300,14314
25,2006,90194,8380,25609,11839,44366
26,2006,176665,20835,61663,30381,63785
15,2006,100129,13208,28571,15604,42746
27,2006,8949,-1,5925,0,-1
28,2006,174713,22890,57624,21036,73163
29,2006,-1,0,-1,-1,-1
30,2006,-1,0,0,-1,0
31,2006,76316,8784,35004,5290,27238
32,2006,6455,-1,2335,-1,-1
33,2006,27970,1620,19601,-1,5562
34,2006,118513,13167,48889,9352,47105
75,2006,2301,-1,-1,-1,1060
76,2006,37666,5685,10735,5037,16209
77,2006,182776,24387,73544,16776,68068
35,2006,0,0,0,0,0
36,2006,0,0,0,0,0
37,2006,0,0,0,0,0
38,2006,0,0,0,0,0
39,2006,-1,0,-1,-1,-1
40,2006,-1,0,-1,-1,-1
41,2006,0,0,0,0,0
42,2006,0,0,0,0,0
43,2006,322323,30276,123057,36085,132906
44,2006,60293,8319,12363,8722,30889
45,2006,20063,2224,6038,2307,9493
46,2006,5687,-1,2455,-1,2243
47,2006,60434,4176,26048,5712,24498
48,2006,27601,886,17038,1990,7687
49,2006,-1,-1,-1,0,0
50,2006,11512,1579,5297,1064,3572
51,2006,2565,-1,2214,-1,-1
52,2006,52961,3941,23763,6531,18727
53,2006,36716,5446,10545,5094,15632
73,2006,14520,-1,4598,1806,6763
55,2006,489,-1,104,-1,337
56,2006,3882,176,1877,-1,1694
57,2006,0,0,0,0,0
58,2006,0,0,0,0,0
59,2006,-1,0,-1,-1,-1
60,2006,7081,480,2140,654,3807
61,2006,264,-1,187,0,-1
63,2006,1552,-1,856,169,500
74,2006,12036,-1,4319,1049,5870
64,2006,3581,-1,2427,-1,906
65,2006,0,0,0,0,0
66,2006,0,0,0,0,0
67,2006,579,-1,545,-1,-1
9,2006,342,-1,308,-1,-1
68,2006,237,0,237,0,0
69,2006,-1,-1,0,-1,0
0,2007,1775794,174924,665960,197385,737524
1,2007,-1,-1,3923,-1,-1
2,2007,0,0,0,0,0
3,2007,0,0,0,0,0
4,2007,-1,-1,-1,0,0
5,2007,-1,-1,-1,-1,-1
6,2007,-1,-1,-1,-1,-1
7,2007,-1,0,-1,0,0
8,2007,-1,0,-1,0,0
9,2007,0,0,0,0,0
10,2007,304004,24216,98618,31482,149687
11,2007,39772,-1,12503,4419,19079
12,2007,14982,-1,4674,-1,7580
13,2007,33508,-1,7866,-1,18686
14,2007,68215,4068,14608,7226,42313
15,2007,23499,-1,-1,-1,12118
16,2007,50419,5276,18519,5033,21590
17,2007,-1,0,-1,-1,-1
18,2007,-1,0,0,0,-1
19,2007,56453,2888,29766,5524,18275
20,2007,-1,0,-1,0,0
78,2007,0,0,0,0,0
21,2007,1111943,117936,420115,132880,441012
22,2007,-1,-1,-1,-1,-1
72,2007,-1,-1,-1,0,-1
24,2007,41735,1822,10691,5359,23863
25,2007,85192,5559,29285,10187,40160
26,2007,158697,21684,63146,23213,50654
15,2007,96748,13881,26922,9801,46145
27,2007,13922,-1,10626,-1,-1
28,2007,238094,24035,80604,28203,105251
29,2007,-1,-1,-1,-1,-1
30,2007,-1,0,0,0,-1
31,2007,32334,-1,19013,-1,-1
32,2007,2023,-1,-1,-1,-1
33,2007,40996,2255,25291,3030,10419
34,2007,140720,14757,53758,15426,56779
77,2007,211731,24041,82491,28645,76555
75,2007,-1,-1,-1,-1,-1
76,2007,27810,3491,11492,3880,8947
35,2007,-1,0,0,0,-1
36,2007,0,0,0,0,0
37,2007,0,0,0,0,0
38,2007,-1,0,0,0,-1
39,2007,280,140,140,0,0
40,2007,280,140,140,0,0
41,2007,0,0,0,0,0
42,2007,0,0,0,0,0
79,2007,0,0,0,0,0
80,2007,0,0,0,0,0
43,2007,346335,31620,142794,31955,139966
44,2007,78200,8229,16818,10809,42344
45,2007,27260,1821,9448,4118,11873
46,2007,6388,-1,3797,-1,1952
47,2007,50534,-1,29777,1859,13987
48,2007,17087,-1,11348,-1,5115
49,2007,-1,0,-1,0,-1
50,2007,18379,1702,8641,1546,6490
51,2007,4711,-1,3035,511,-1
52,2007,58268,5718,30145,5319,17086
53,2007,20238,2504,7351,1821,8562
73,2007,11656,1196,2655,1236,6570
55,2007,732,-1,273,-1,313
56,2007,3265,268,991,-1,1603
57,2007,0,0,0,0,0
58,2007,0,0,0,0,0
59,2007,-1,0,-1,-1,-1
60,2007,6724,370,2212,-1,3704
61,2007,378,-1,251,-1,-1
63,2007,1137,-1,626,-1,-1
74,2007,32735,3265,11292,2959,15220
64,2007,4438,-1,1955,-1,2022
81,2007,336,0,336,0,0
82,2007,0,0,0,0,0
83,2007,0,0,0,0,0
84,2007,336,0,336,0,0
85,2007,0,0,0,0,0
65,2007,0,0,0,0,0
66,2007,0,0,0,0,0
69,2007,0,0,0,0,0
0,2008,1787211,165450,715885,163585,742292
1,2008,5427,-1,2312,-1,-1
2,2008,0,0,0,0,0
3,2008,0,0,0,0,0
4,2008,-1,0,-1,0,0
5,2008,-1,-1,-1,-1,-1
6,2008,-1,-1,-1,-1,-1
7,2008,-1,0,-1,0,0
8,2008,-1,0,-1,0,0
9,2008,0,0,0,0,0
10,2008,296372,20566,108957,25729,141120
11,2008,31456,-1,8810,5731,14491
12,2008,17802,-1,8667,-1,6987
13,2008,30454,-1,8712,-1,17307
14,2008,56193,3946,13894,2879,35474
15,2008,22026,2605,4675,3009,11738
16,2008,58835,4447,27194,4049,23145
17,2008,-1,2045,-1,-1,-1
18,2008,-1,0,0,0,-1
19,2008,57025,3303,29363,4129,20230
20,2008,0,0,0,0,0
78,2008,0,0,0,0,0
21,2008,1157906,121749,457756,109523,468878
22,2008,2270,-1,-1,0,1313
72,2008,-1,-1,-1,-1,-1
24,2008,41351,6383,10031,3885,21051
25,2008,74574,7568,27027,8767,31212
26,2008,168308,18198,75727,16144,58240
15,2008,113687,13586,33668,11890,54543
27,2008,17222,-1,13449,-1,-1
28,2008,271017,35245,87035,24518,124219
29,2008,-1,0,0,-1,-1
30,2008,-1,0,-1,-1,0
31,2008,56421,-1,30351,-1,-1
32,2008,-1,0,-1,0,0
33,2008,31802,2510,17942,1765,9585
34,2008,163699,11947,70044,16379,65329
77,2008,170036,17485,73017,16963,62572
75,2008,-1,-1,-1,-1,-1
76,2008,28273,2654,11791,3262,10565
35,2008,0,0,0,0,0
36,2008,0,0,0,0,0
37,2008,0,0,0,0,0
38,2008,0,0,0,0,0
39,2008,-1,-1,-1,-1,-1
40,2008,-1,-1,-1,-1,-1
41,2008,0,0,0,0,0
42,2008,0,0,0,0,0
79,2008,0,0,0,0,0
80,2008,0,0,0,0,0
43,2008,325972,22585,146222,27214,129952
44,2008,60019,3224,19335,6902,30558
45,2008,22941,1623,7998,2038,11283
46,2008,4217,454,2009,0,1755
47,2008,57643,2055,40037,1570,13981
48,2008,24278,-1,12754,-1,8213
49,2008,-1,0,-1,-1,-1
50,2008,18972,-1,8663,1717,7717
51,2008,3434,-1,2523,-1,529
52,2008,52935,5149,26540,5236,16010
53,2008,22648,3267,7332,3348,8701
73,2008,11357,1595,2820,1232,5710
55,2008,566,-1,-1,-1,359
56,2008,2991,-1,740,-1,1835
57,2008,-1,0,0,0,-1
58,2008,0,0,0,0,0
59,2008,-1,0,-1,0,-1
60,2008,5160,-1,1785,-1,2449
61,2008,234,-1,151,-1,-1
63,2008,1041,-1,626,-1,294
74,2008,29410,-1,10270,1837,15613
64,2008,3163,-1,1160,-1,1588
81,2008,-1,0,-1,0,0
82,2008,0,0,0,0,0
83,2008,0,0,0,0,0
84,2008,-1,0,-1,0,0
85,2008,0,0,0,0,0
65,2008,0,0,0,0,0
66,2008,0,0,0,0,0
69,2008,0,0,0,0,0
0,2009,1995306,203979,737369,218797,835162
1,2009,-1,-1,-1,-1,-1
7,2009,0,0,0,0,0
10,2009,352648,31167,123613,37862,160006
21,2009,1299295,145346,470311,151800,531837
35,2009,-1,0,-1,0,0
39,2009,-1,-1,-1,0,-1
43,2009,335709,27099,140008,28080,140521
81,2009,375,0,375,0,0
65,2009,0,0,0,0,0
69,2009,0,0,0,0,0
0,2010,2028233,177439,827719,184440,838634
1,2010,2108,0,1448,-1,-1
2,2010,-1,0,0,0,-1
3,2010,0,0,0,0,0
4,2010,-1,0,0,-1,0
5,2010,950,0,950,0,0
6,2010,-1,0,-1,0,-1
7,2010,0,0,0,0,0
8,2010,0,0,0,0,0
9,2010,0,0,0,0,0
10,2010,396231,34316,135712,31738,194465
11,2010,20669,-1,5274,-1,11751
12,2010,30120,-1,-1,-1,16313
13,2010,35247,4195,11939,3448,15665
14,2010,83301,10070,17265,7839,48128
15,2010,41030,-1,6437,7590,22595
16,2010,88984,8095,42436,6007,32446
17,2010,-1,2234,5656,-1,-1
18,2010,-1,0,0,0,-1
19,2010,67010,2450,35813,2410,26337
20,2010,0,0,0,0,0
78,2010,0,0,0,0,0
21,2010,1176301,108355,503296,109399,455252
22,2010,-1,-1,-1,-1,-1
72,2010,-1,0,-1,0,-1
24,2010,39890,3886,14149,4743,17112
25,2010,97716,6600,37907,7393,45815
26,2010,163650,16194,67570,22771,57115
15,2010,94775,13812,25062,12032,43869
27,2010,14861,-1,9340,-1,-1
28,2010,225664,17497,85030,20207,102931
29,2010,0,0,0,0,0
30,2010,-1,0,0,0,-1
31,2010,76976,4062,42922,6237,23754
32,2010,-1,0,-1,0,-1
33,2010,52372,3205,40011,1876,7280
34,2010,180248,17744,78086,12679,71739
77,2010,174132,17209,84914,13760,58249
75,2010,8124,-1,2397,-1,-1
76,2010,37635,5884,12614,4599,14537
35,2010,0,0,0,0,0
36,2010,0,0,0,0,0
37,2010,0,0,0,0,0
38,2010,0,0,0,0,0
39,2010,-1,-1,-1,-1,-1
40,2010,-1,-1,-1,-1,-1
41,2010,0,0,0,0,0
42,2010,0,0,0,0,0
79,2010,0,0,0,0,0
80,2010,0,0,0,0,0
43,2010,451799,34683,18634,42932,18783
44,2010,66032,-1,26253,7677,27909
45,2010,27426,1659,9586,3021,13160
46,2010,7690,1278,3336,534,2542
47,2010,66273,-1,32529,3791,27771
48,2010,28079,2145,14587,1805,9542
49,2010,0,0,0,0,0
50,2010,17894,1519,6606,1100,8670
51,2010,6007,-1,3532,708,1356
52,2010,81050,7897,41301,8130,23721
53,2010,76664,7402,-1,12143,34395
73,2010,12648,1524,4450,996,5678
55,2010,1112,-1,187,-1,802
56,2010,3291,-1,1257,-1,1728
57,2010,0,0,0,0,0
58,2010,0,0,0,0,0
59,2010,-1,0,-1,-1,-1
60,2010,6312,-1,2360,-1,3056
61,2010,422,-1,340,0,-1
63,2010,1695,-1,1258,-1,-1
74,2010,43575,3297,12477,2149,25653
64,2010,4607,-1,2787,-1,1439
81,2010,-1,0,-1,0,0
82,2010,0,0,0,0,0
83,2010,0,0,0,0,0
84,2010,-1,0,-1,0,0
85,2010,0,0,0,0,0
65,2010,0,0,0,0,0
66,2010,0,0,0,0,0
69,2010,0,0,0,0,0
0,2011,1961949,188164,777921,203732,792131
1,2011,3974,-1,1890,-1,-1
2,2011,0,0,0,0,0
3,2011,-1,0,-1,-1,-1
4,2011,-1,-1,-1,0,-1
5,2011,1525,-1,-1,0,-1
6,2011,-1,0,-1,0,-1
7,2011,-1,0,-1,0,-1
8,2011,-1,0,-1,0,-1
9,2011,0,0,0,0,0
10,2011,432209,35695,143166,49853,203495
11,2011,24718,-1,4509,-1,13037
12,2011,30157,1738,9576,2824,16019
13,2011,37356,-1,11432,7037,16405
14,2011,78171,6533,14238,12265,45136
15,2011,49913,8488,8096,9637,23692
16,2011,98826,5553,47189,10969,35115
17,2011,31507,2728,8216,-1,-1
18,2011,-1,0,-1,-1,-1
19,2011,80797,2788,39477,2840,35692
20,2011,-1,0,-1,0,0
78,2011,-1,0,0,0,-1
21,2011,1143865,120024,473314,116340,434186
22,2011,-1,-1,-1,-1,-1
72,2011,-1,-1,-1,-1,-1
24,2011,44148,5593,13370,6318,18867
25,2011,84659,13224,27142,-1,36595
26,2011,166476,16313,74883,19600,55680
15,2011,107368,14888,29014,15556,47910
27,2011,13000,-1,9846,0,-1
28,2011,202467,23493,70106,22670,86198
29,2011,-1,0,0,0,-1
30,2011,-1,-1,0,-1,-1
31,2011,71998,3492,41333,4331,22842
32,2011,-1,0,-1,0,-1
33,2011,49827,4703,30802,2742,11580
34,2011,138668,10355,66224,7697,54392
77,2011,203274,19344,90668,21259,72003
75,2011,10348,-1,3525,-1,4397
76,2011,40907,5066,13743,6205,15892
35,2011,-1,-1,-1,0,-1
36,2011,0,0,0,0,0
37,2011,-1,0,-1,0,-1
38,2011,-1,-1,-1,0,-1
39,2011,-1,-1,-1,0,-1
40,2011,-1,-1,-1,0,-1
41,2011,0,0,0,0,0
42,2011,0,0,0,0,0
80,2011,0,0,0,0,0
43,2011,376402,31385,156603,37317,151096
44,2011,65362,8816,13549,9517,33479
45,2011,33742,2774,10301,2678,17988
46,2011,6698,797,2842,-1,2840
47,2011,59466,-1,37517,-1,17894
48,2011,21515,-1,10818,-1,7802
49,2011,-1,-1,-1,0,0
50,2011,13747,590,-1,1550,5049
51,2011,7645,-1,4313,854,1991
52,2011,70988,7027,38504,7229,18229
53,2011,33633,2956,-1,4451,16308
73,2011,11555,846,4321,1250,5137
55,2011,869,-1,246,-1,494
56,2011,3746,-1,2097,-1,1273
57,2011,0,0,0,0,0
58,2011,0,0,0,0,0
59,2011,-1,-1,-1,0,-1
60,2011,7716,476,3424,-1,3223
61,2011,355,-1,218,0,-1
63,2011,1723,-1,1410,-1,-1
74,2011,33799,2036,8343,5297,18123
64,2011,2405,-1,1326,-1,835
81,2011,729,-1,681,0,0
82,2011,0,0,0,0,0
83,2011,0,0,0,0,0
84,2011,729,-1,681,0,0
85,2011,0,0,0,0,0
65,2011,-1,-1,-1,-1,-1
66,2011,-1,-1,-1,-1,-1
69,2011,0,0,0,0,0
0,2012,1907047,188941,752925,194684,770497
1,2012,2412,-1,-1,-1,-1
2,2012,0,0,0,0,0
3,2012,0,0,0,0,0
4,2012,-1,0,-1,0,-1
5,2012,-1,-1,-1,0,-1
6,2012,-1,-1,-1,-1,-1
7,2012,-1,0,-1,0,0
8,2012,-1,0,-1,0,0
9,2012,0,0,0,0,0
10,2012,417324,37950,131537,40730,207107
11,2012,27248,-1,8525,-1,10761
12,2012,23531,-1,-1,0,11173
13,2012,35101,3923,8896,4743,17539
14,2012,86221,6994,17117,11053,51057
15,2012,40083,3603,6688,8903,20888
16,2012,98726,10579,40525,7122,40499
17,2012,-1,-1,6036,-1,-1
18,2012,-1,0,0,0,-1
19,2012,72224,4421,32533,4639,30630
20,2012,-1,0,-1,0,0
78,2012,0,0,0,0,0
21,2012,1108850,120422,459181,124258,404989
22,2012,-1,-1,-1,0,-1
72,2012,-1,-1,-1,-1,-1
24,2012,52277,5589,13970,7377,25341
25,2012,89656,9355,35496,13390,31415
26,2012,131487,14217,63469,13508,40292
15,2012,95051,12101,25416,17726,39808
27,2012,10644,-1,9838,-1,-1
28,2012,216832,29762,66737,26821,93513
29,2012,0,0,0,0,0
30,2012,-1,0,0,0,-1
31,2012,76833,5423,40193,9522,21695
32,2012,840,0,-1,0,-1
33,2012,55047,4362,38925,2519,9241
34,2012,129778,12443,59407,8643,49286
77,2012,197112,20637,86584,18104,71787
75,2012,10569,1038,4614,1289,3627
76,2012,36619,4334,12764,4860,14661
35,2012,-1,0,-1,0,0
36,2012,0,0,0,0,0
37,2012,0,0,0,0,0
38,2012,-1,0,-1,0,0
39,2012,-1,-1,-1,-1,-1
40,2012,-1,-1,-1,-1,-1
41,2012,0,0,0,0,0
42,2012,0,0,0,0,0
80,2012,0,0,0,0,0
43,2012,376627,30154,160086,29449,156938
44,2012,63281,6380,16543,5845,34512
45,2012,30725,1998,9403,2300,17024
46,2012,9367,1180,3573,-1,3469
47,2012,68388,-1,32830,4380,27184
48,2012,18889,-1,11670,829,5159
49,2012,-1,0,-1,0,0
50,2012,12791,-1,5502,-1,4981
51,2012,8258,-1,4577,445,2277
52,2012,71159,6105,42819,5332,16903
53,2012,37586,3288,12694,4464,17140
73,2012,8243,-1,3204,843,3581
55,2012,856,175,152,-1,504
60,2012,5543,354,2378,436,2375
61,2012,401,0,370,-1,0
63,2012,2177,-1,-1,-1,505
74,2012,32292,2317,9367,1357,19250
64,2012,4123,-1,2721,-1,954
86,2012,-1,-1,707,-1,1118
81,2012,474,-1,422,0,0
82,2012,0,0,0,0,0
83,2012,0,0,0,0,0
84,2012,474,-1,422,0,0
85,2012,0,0,0,0,0
65,2012,0,0,0,0,0
66,2012,0,0,0,0,0
69,2012,0,0,0,0,0
0,2013,1963010,200936,750708,190600,820766
1,2013,2878,0,1328,-1,-1
2,2013,0,0,0,0,0
3,2013,0,0,0,0,0
4,2013,-1,0,-1,0,0
5,2013,-1,0,-1,-1,-1
6,2013,-1,0,-1,0,-1
7,2013,-1,0,-1,0,0
8,2013,-1,0,-1,0,0
9,2013,0,0,0,0,0
10,2013,404814,37640,127382,36913,202879
11,2013,24214,3445,8574,-1,-1
12,2013,26219,-1,-1,-1,-1
13,2013,29627,3264,10198,3195,12969
14,2013,81308,6960,11802,8881,53665
15,2013,43163,5567,9459,4926,23210
16,2013,105924,7612,42052,8889,47372
17,2013,32881,-1,7885,-1,-1
18,2013,-1,0,-1,0,0
19,2013,60959,5471,28266,4694,22528
20,2013,-1,0,-1,0,0
78,2013,0,0,0,0,0
21,2013,1186437,132003,467073,121140,466222
22,2013,-1,-1,-1,0,-1
72,2013,-1,-1,-1,-1,-1
24,2013,48620,4967,15417,6845,21391
25,2013,88524,7280,35611,8503,37130
26,2013,143139,16966,58729,10961,56483
15,2013,102906,18555,22967,13300,48084
27,2013,14376,-1,11959,-1,-1
28,2013,243009,31290,79293,27985,104441
29,2013,0,0,0,0,0
30,2013,-1,0,-1,0,0
31,2013,81153,-1,37651,8407,27815
32,2013,-1,0,-1,0,-1
33,2013,52223,1587,39448,-1,9949
34,2013,168896,15519,64997,14859,73521
77,2013,189316,21679,79324,22972,65340
75,2013,11331,-1,4937,1219,3810
76,2013,36756,4370,13894,4464,14027
35,2013,-1,0,-1,0,0
36,2013,0,0,0,0,0
37,2013,-1,0,-1,0,0
38,2013,0,0,0,0,0
39,2013,-1,-1,-1,-1,-1
40,2013,-1,-1,-1,-1,-1
41,2013,0,0,0,0,0
42,2013,0,0,0,0,0
80,2013,0,0,0,0,0
43,2013,366008,30793,153768,31782,149666
44,2013,59609,7363,25960,5256,21031
45,2013,27144,1601,7945,2854,14745
46,2013,5863,-1,3273,-1,2018
47,2013,38140,-1,18162,-1,14618
48,2013,19057,-1,11155,-1,5954
49,2013,-1,0,-1,0,0
50,2013,25260,1919,11860,2679,8801
51,2013,8835,-1,4794,1076,2320
52,2013,77092,6738,37008,7742,25604
53,2013,46346,4979,12329,3953,25086
73,2013,8414,798,4003,-1,3452
55,2013,713,-1,-1,-1,422
60,2013,5551,393,3178,-1,1775
61,2013,423,0,389,0,-1
63,2013,1660,-1,1162,-1,-1
74,2013,30307,1801,6958,2902,18647
64,2013,3815,335,1691,-1,1538
86,2013,-1,-1,-1,-1,-1
81,2013,683,0,683,0,0
82,2013,0,0,0,0,0
83,2013,0,0,0,0,0
84,2013,683,0,683,0,0
85,2013,0,0,0,0,0
65,2013,0,0,0,0,0
66,2013,0,0,0,0,0
69,2013,0,0,0,0,0
0,2014,2033115,191629,809155,193497,838834
1,2014,3541,-1,2031,-1,1070
2,2014,0,0,0,0,0
3,2014,0,0,0,0,0
4,2014,1678,0,1272,-1,-1
5,2014,-1,0,-1,0,-1
6,2014,-1,-1,-1,-1,-1
7,2014,0,0,0,0,0
8,2014,0,0,0,0,0
9,2014,0,0,0,0,0
10,2014,420760,33278,130806,35807,220869
11,2014,-1,-1,6889,-1,-1
12,2014,24687,-1,8962,-1,12482
13,2014,30437,-1,6885,4881,15338
14,2014,85440,4992,15422,7182,57845
15,2014,47279,3111,8088,6692,29388
16,2014,101778,7777,48994,7073,37935
17,2014,33308,-1,5339,-1,-1
18,2014,-1,0,-1,0,-1
19,2014,64107,4063,29636,3634,26773
20,2014,-1,0,-1,0,0
78,2014,0,0,0,0,0
21,2014,1222760,132685,502247,121860,465968
22,2014,-1,-1,-1,-1,-1
72,2014,-1,-1,-1,-1,-1
24,2014,50401,4560,14481,8115,23245
25,2014,92093,9093,37404,9780,35815
26,2014,135114,15677,64479,9297,45661
15,2014,99578,13335,25156,12681,48406
27,2014,12851,-1,9501,-1,-1
28,2014,240559,28569,74987,30626,106376
29,2014,0,0,0,0,0
30,2014,-1,-1,0,0,-1
31,2014,78656,4697,43005,8040,22915
32,2014,-1,0,-1,0,-1
33,2014,61733,2986,42782,3578,12387
34,2014,177285,18192,74320,13574,71200
77,2014,214744,26424,96569,18338,73413
75,2014,10719,855,-1,-1,4277
76,2014,40243,5565,13141,5420,16117
35,2014,0,0,0,0,0
36,2014,0,0,0,0,0
37,2014,0,0,0,0,0
38,2014,0,0,0,0,0
39,2014,-1,-1,-1,-1,-1
40,2014,-1,-1,-1,-1,-1
41,2014,0,0,0,0,0
42,2014,0,0,0,0,0
80,2014,0,0,0,0,0
43,2014,382927,24971,172528,35430,149998
44,2014,60166,-1,24797,5508,26670
45,2014,28095,-1,12200,2300,13081
46,2014,7537,-1,3943,-1,2558
47,2014,50143,-1,28877,-1,15458
48,2014,16106,-1,9666,-1,5208
49,2014,-1,0,-1,0,0
50,2014,34665,2677,14453,-1,14409
51,2014,9661,968,5222,811,2660
52,2014,70169,6007,37282,6358,20522
53,2014,49750,4682,13180,7711,24178
73,2014,9629,884,4694,-1,3784
55,2014,706,-1,202,-1,341
60,2014,5880,-1,2668,497,2283
61,2014,251,0,251,0,0
63,2014,1089,-1,-1,-1,-1
74,2014,31317,2127,9488,3290,16412
64,2014,4617,-1,2967,-1,1352
86,2014,-1,-1,1494,-1,-1
81,2014,683,0,683,0,0
82,2014,0,0,0,0,0
83,2014,0,0,0,0,0
84,2014,683,0,683,0,0
85,2014,0,0,0,0,0
65,2014,-1,-1,-1,0,0
66,2014,-1,-1,-1,0,0
69,2014,0,0,0,0,0
0,2015,2082203,190817,838308,191230,861849
1,2015,2168,-1,1468,-1,-1
2,2015,0,0,0,0,0
3,2015,0,0,0,0,0
4,2015,-1,0,-1,0,0
5,2015,-1,0,-1,0,0
6,2015,-1,-1,-1,-1,-1
7,2015,0,0,0,0,0
8,2015,0,0,0,0,0
9,2015,0,0,0,0,0
10,2015,471611,40918,144442,43166,243086
11,2015,32226,-1,11185,-1,-1
12,2015,33539,4007,-1,-1,15588
13,2015,29444,3042,6985,2632,16785
14,2015,78167,3427,13555,6513,54672
15,2015,53989,6761,9008,10358,27862
16,2015,102003,9092,46042,7690,39179
17,2015,-1,2964,-1,-1,-1
18,2015,-1,0,-1,0,0
19,2015,95768,8512,37966,6521,42769
20,2015,-1,0,-1,0,0
78,2015,0,0,0,0,0
21,2015,1242071,124783,526317,119687,471283
22,2015,-1,0,-1,-1,818
72,2015,-1,-1,-1,-1,-1
24,2015,60474,7654,20358,6503,25959
25,2015,96782,8307,35535,-1,42073
26,2015,151963,17575,67379,16607,50403
15,2015,84467,11171,18551,12828,41917
27,2015,16952,-1,16428,0,0
28,2015,239625,23201,91528,25217,99678
29,2015,0,0,0,0,0
30,2015,-1,0,-1,0,0
31,2015,90685,-1,53448,-1,24796
32,2015,874,-1,-1,0,0
33,2015,65139,4193,48445,2627,9874
34,2015,168299,14854,72107,10221,71118
77,2015,204454,21883,79313,20533,82724
75,2015,13650,1918,3960,-1,-1
76,2015,42167,5532,16392,6032,14211
35,2015,0,0,0,0,0
36,2015,0,0,0,0,0
37,2015,0,0,0,0,0
38,2015,0,0,0,0,0
39,2015,-1,-1,-1,0,-1
40,2015,-1,-1,-1,0,-1
41,2015,0,0,0,0,0
42,2015,0,0,0,0,0
80,2015,0,0,0,0,0
43,2015,363841,24803,164230,28216,146592
44,2015,49827,-1,18964,2581,25509
45,2015,29626,-1,14037,-1,12731
46,2015,8796,-1,4351,-1,3582
47,2015,50081,-1,28406,-1,17161
48,2015,18573,-1,11971,-1,-1
49,2015,-1,0,-1,0,0
50,2015,21109,-1,-1,-1,7354
51,2015,10879,-1,5227,1100,3216
52,2015,80817,8788,38109,8223,25697
53,2015,41478,2751,9848,6279,22600
73,2015,10793,902,3625,1402,4864
55,2015,442,-1,-1,-1,310
60,2015,5695,500,3007,-1,1721
61,2015,513,-1,426,0,-1
63,2015,-1,-1,-1,0,-1
74,2015,28374,1486,10267,-1,15063
64,2015,2005,0,-1,-1,923
86,2015,3261,-1,1705,-1,-1
81,2015,1111,0,1068,0,-1
82,2015,0,0,0,0,0
83,2015,0,0,0,0,0
84,2015,1111,0,1068,0,-1
85,2015,0,0,0,0,0
65,2015,0,0,0,0,0
66,2015,0,0,0,0,0
69,2015,-1,0,-1,0,-1
0,2016,2158176,208180,854337,206681,888978
1,2016,3815,-1,-1,-1,1843
2,2016,0,0,0,0,0
3,2016,0,0,0,0,0
4,2016,-1,-1,-1,0,-1
5,2016,-1,0,0,0,-1
6,2016,-1,-1,779,-1,-1
7,2016,-1,0,-1,0,0
8,2016,-1,0,-1,0,0
9,2016,0,0,0,0,0
10,2016,467510,35690,142610,44614,244596
11,2016,-1,-1,9419,-1,-1
12,2016,35441,2117,-1,4063,15899
13,2016,28282,2539,7989,1977,15776
14,2016,79215,2753,18668,10849,46944
15,2016,55118,7583,7943,6687,32905
16,2016,99949,7951,41789,7827,42383
17,2016,-1,-1,6469,-1,-1
18,2016,-1,-1,-1,0,-1
19,2016,96316,5662,36556,7787,46311
20,2016,-1,0,-1,0,0
78,2016,0,0,0,0,0
21,2016,1296520,135992,549414,122629,488484
22,2016,-1,0,0,-1,-1
72,2016,-1,-1,-1,-1,-1
24,2016,60551,6426,20254,6188,27683
25,2016,97093,7784,42812,6859,39637
26,2016,158387,22882,62642,20537,52327
15,2016,88383,14015,21663,9899,42806
27,2016,21528,-1,18218,-1,-1
28,2016,276767,29858,100191,29770,116949
29,2016,0,0,0,0,0
30,2016,-1,0,0,0,-1
31,2016,77478,-1,42751,7164,22076
32,2016,-1,-1,-1,-1,-1
33,2016,70532,4788,51855,2917,10972
34,2016,161942,20240,65765,15068,60869
77,2016,216997,16333,100462,14413,85789
75,2016,-1,-1,3863,-1,-1
76,2016,48497,5994,16983,7027,18493
35,2016,-1,-1,-1,-1,-1
36,2016,0,0,0,0,0
37,2016,-1,-1,-1,-1,-1
38,2016,0,0,0,0,0
39,2016,-1,-1,-1,-1,-1
40,2016,-1,-1,-1,-1,-1
41,2016,0,0,0,0,0
42,2016,0,0,0,0,0
80,2016,0,0,0,0,0
43,2016,386620,35681,159305,38609,153025
44,2016,49608,6730,13192,6305,23381
45,2016,32441,-1,10806,3090,16486
46,2016,9885,1474,3880,-1,3975
47,2016,46539,-1,27318,-1,13164
48,2016,21191,-1,10956,-1,7626
49,2016,-1,0,-1,0,0
50,2016,25309,1856,-1,-1,10430
51,2016,11740,-1,8029,560,2345
52,2016,79438,7550,40592,7226,24070
53,2016,50296,6082,14200,7873,22141
73,2016,9827,620,3906,1019,4282
55,2016,787,-1,319,-1,378
60,2016,6252,929,2670,354,2299
61,2016,710,-1,446,-1,202
63,2016,1947,-1,-1,-1,-1
74,2016,33160,2937,6541,4348,19334
64,2016,2769,-1,1179,-1,1209
86,2016,3101,-1,-1,-1,-1
81,2016,747,0,747,0,0
82,2016,0,0,0,0,0
83,2016,0,0,0,0,0
84,2016,747,0,747,0,0
85,2016,0,0,0,0,0
65,2016,0,0,0,0,0
66,2016,0,0,0,0,0
69,2016,-1,0,-1,0,0
0,2017,2007829,192285,792642,189473,833430
1,2017,-1,-1,-1,-1,-1
7,2017,0,0,0,0,0
10,2017,488626,41797,150702,44457,251671
21,2017,1128901,113570,482257,109098,423975
35,2017,0,0,0,0,0
39,2017,-1,-1,-1,-1,-1
43,2017,371298,35253,153654,31392,150999
81,2017,904,0,904,0,0
65,2017,0,0,0,0,0
69,2017,-1,0,-1,0,-1
0,2018,1930808,170925,839199,162786,757898
1,2018,-1,0,-1,0,0
7,2018,-1,-1,-1,0,0
10,2018,363242,33027,141923,31005,157287
21,2018,1199659,111716,529800,105610,452533
35,2018,0,0,0,0,0
39,2018,-1,-1,1675,-1,-1
43,2018,362208,25663,163535,25611,147399
81,2018,-1,-1,-1,0,-1
65,2018,0,0,0,0,0
69,2018,-1,0,-1,0,0
0,2019,2111134,205172,879800,190113,836049
1,2019,2558,0,2001,0,-1
2,2019,0,0,0,0,0
3,2019,0,0,0,0,0
4,2019,-1,0,-1,0,0
5,2019,-1,0,-1,0,0
6,2019,-1,0,-1,0,-1
87,2019,-1,0,-1,0,0
7,2019,-1,0,-1,0,0
8,2019,0,0,0,0,0
88,2019,0,0,0,0,0
9,2019,-1,0,-1,0,0
89,2019,0,0,0,0,0
90,2019,0,0,0,0,0
10,2019,461620,35896,175186,38642,211895
11,2019,39178,2747,20787,2920,12724
12,2019,36871,0,17528,-1,16091
13,2019,41668,-1,10105,-1,22305
14,2019,26728,-1,6975,-1,18863
15,2019,104713,10131,31240,14346,48997
16,2019,82565,9197,38319,4535,30514
17,2019,-1,-1,-1,-1,-1
18,2019,0,0,0,0,0
19,2019,80808,3502,41906,4228,31173
20,2019,0,0,0,0,0
91,2019,-1,-1,-1,-1,10592
111,2019,0,0,0,0,0
21,2019,1324903,141860,562554,125443,495045
22,2019,-1,-1,0,-1,-1
72,2019,-1,-1,-1,-1,-1
93,2019,47772,4825,11754,6302,24890
25,2019,63567,-1,30134,5961,23757
26,2019,264969,37189,84484,34999,108298
15,2019,76136,15523,12746,10161,37706
94,2019,10725,-1,9430,0,-1
28,2019,255478,27026,95840,27167,105445
29,2019,-1,-1,0,0,-1
30,2019,0,0,0,0,0
31,2019,65910,-1,44412,-1,-1
32,2019,1125,0,871,-1,0
33,2019,65339,3670,40097,-1,17263
34,2019,123436,8161,63974,8471,42830
95,2019,37343,-1,22318,-1,11426
71,2019,38802,4629,18490,4264,11420
96,2019,227798,22160,112722,14144,78772
97,2019,0,0,0,0,0
76,2019,26508,3977,9257,-1,10507
98,2019,11836,788,5391,-1,4531
35,2019,318654,27147,137788,25820,127898
99,2019,46222,5314,12083,5513,23311
100,2019,25241,-1,-1,-1,13172
101,2019,4587,0,-1,-1,-1
102,2019,24292,-1,11516,-1,-1
103,2019,25986,3240,13836,-1,7829
104,2019,-1,0,-1,0,0
105,2019,9961,757,3564,-1,4310
106,2019,9411,-1,7215,-1,1375
38,2019,70625,7731,40750,4953,17191
107,2019,45709,-1,21225,-1,15603
108,2019,9148,-1,3025,-1,4571
39,2019,372,-1,-1,-1,204
40,2019,-1,0,-1,0,-1
41,2019,-1,0,-1,-1,-1
42,2019,2823,-1,2190,0,-1
80,2019,-1,0,-1,0,0
43,2019,930,0,582,-1,-1
44,2019,39712,-1,7440,-1,27496
45,2019,-1,-1,667,0,0
46,2019,0,0,0,0,0
47,2019,0,0,0,0,0
48,2019,-1,-1,667,0,0
49,2019,0,0,0,0,0
50,2019,0,0,0,0,0
51,2019,0,0,0,0,0
52,2019,0,0,0,0,0
53,2019,0,0,0,0,0
73,2019,318654,27147,137788,25820,127898
55,2019,46222,5314,12083,5513,23311
86,2019,25241,-1,-1,-1,13172
64,2019,4587,0,-1,-1,-1
60,2019,24292,-1,11516,-1,-1
61,2019,25986,3240,13836,-1,7829
63,2019,-1,0,-1,0,0
109,2019,9961,757,3564,-1,4310
81,2019,9411,-1,7215,-1,1375
82,2019,70625,7731,40750,4953,17191
83,2019,45709,-1,21225,-1,15603
84,2019,9148,-1,3025,-1,4571
85,2019,372,-1,-1,-1,204
65,2019,-1,0,-1,0,-1
65,2019,-1,0,-1,-1,-1
69,2019,2823,-1,2190,0,-1
69,2019,-1,0,-1,0,0
0,2020,2148492,197627,871950,201274,877642
1,2020,2558,-1,2001,-1,0
2,2020,-1,-1,-1,-1,-1
3,2020,-1,-1,-1,-1,-1
4,2020,0,-1,0,-1,-1
5,2020,0,-1,0,-1,-1
6,2020,0,-1,0,-1,0
110,2020,0,-1,0,-1,-1
7,2020,0,-1,0,-1,-1
8,2020,-1,-1,-1,-1,-1
88,2020,-1,-1,-1,-1,-1
9,2020,-1,-1,-1,-1,-1
89,2020,0,-1,0,-1,-1
90,2020,-1,-1,-1,-1,-1
10,2020,490154,45422,160609,48765,235358
11,2020,35480,0,13296,4624,14976
12,2020,34417,0,0,0,12665
13,2020,37547,4480,9124,0,19845
14,2020,40250,0,7453,3386,24085
15,2020,120966,15537,31017,16446,57966
16,2020,75707,7150,28264,0,32534
17,2020,29554,0,0,0,0
18,2020,-1,-1,-1,-1,-1
19,2020,91932,5239,43479,0,37143
20,2020,-1,-1,-1,-1,-1
91,2020,0,0,0,0,0
111,2020,-1,-1,-1,-1,-1
21,2020,1309923,126457,552752,122989,507725
22,2020,0,-1,-1,-1,0
112,2020,0,0,-1,0,0
93,2020,51498,0,12798,8605,25048
25,2020,68664,9236,29190,0,24848
26,2020,263558,31259,97735,30118,104446
15,2020,84142,16800,14188,12160,40994
27,2020,13114,-1,12418,-1,0
28,2020,253950,16765,104940,19667,112578
29,2020,0,-1,-1,-1,0
30,2020,-1,-1,-1,-1,-1
31,2020,62197,0,41752,0,13995
32,2020,-1,-1,-1,-1,-1
33,2020,68198,4759,41458,3615,18366
34,2020,124487,8738,54541,11470,49739
95,2020,30146,0,16799,0,8979
71,2020,34311,4922,14680,2938,11771
77,2020,205797,17709,95689,19538,72861
97,2020,-1,-1,-1,-1,-1
76,2020,28372,0,12064,2393,9953
98,2020,12707,1391,4500,1259,5557
113,2020,0,-1,-1,0,-1
35,2020,-1,-1,-1,-1,-1
99,2020,-1,-1,-1,-1,-1
100,2020,-1,-1,-1,-1,-1
101,2020,-1,-1,-1,-1,-1
102,2020,-1,-1,-1,-1,-1
103,2020,-1,-1,-1,-1,-1
104,2020,-1,-1,-1,-1,-1
105,2020,-1,-1,-1,-1,-1
106,2020,-1,-1,-1,-1,-1
38,2020,-1,-1,-1,-1,-1
107,2020,-1,-1,-1,-1,-1
108,2020,-1,-1,-1,-1,-1
39,2020,-1,-1,-1,-1,-1
41,2020,-1,-1,-1,-1,-1
40,2020,-1,-1,-1,-1,-1
42,2020,-1,-1,-1,-1,-1
80,2020,-1,-1,-1,-1,-1
43,2020,310310,22572,139433,25629,122677
44,2020,46891,0,12421,5006,22837
45,2020,28925,0,0,0,14832
46,2020,4506,-1,1971,0,0
48,2020,23002,0,10909,0,9291
49,2020,-1,-1,-1,-1,-1
50,2020,8393,0,3938,0,2702
51,2020,20007,0,15471,0,2812
52,2020,69766,5851,43170,4387,16359
53,2020,49657,0,26109,0,16694
73,2020,11922,0,2921,1194,6473
55,2020,368,0,131,-1,206
86,2020,0,-1,0,-1,0
64,2020,1128,-1,919,-1,0
60,2020,2573,0,1964,0,0
61,2020,0,0,0,-1,-1
63,2020,1571,0,0,0,0
109,2020,38654,0,4678,6524,26085
47,2020,34709,0,16376,0,0
81,2020,636,0,577,-1,-1
82,2020,-1,-1,-1,-1,-1
83,2020,-1,-1,-1,-1,-1
84,2020,636,0,577,-1,-1
85,2020,-1,-1,-1,-1,-1
65,2020,-1,-1,-1,-1,-1
69,2020,0,-1,0,-1,-1
