id,year,donkeys_total,male_lt_3yrs,male_gte_3yrs,female_lt_3yrs,female_gte_3yrs,
0,2003,3769871,450726,1311066,448608,1559471
1,2003,368312,38546,171190,31815,126761
2,2003,67522,8577,25262,5096,28586
3,2003,96418,12752,36490,8890,38286
4,2003,63977,5385,27758,6337,24497
5,2003,110224,10482,57300,10299,32143
6,2003,30171,1351,24379,1193,3249
7,2003,14148,1920,3454,1943,6830
8,2003,2418,226,580,294,1317
9,2003,11730,1694,2874,1648,5513
10,2003,1356111,185485,364607,199734,606283
11,2003,179158,25141,59876,24378,69763
12,2003,148431,23418,21337,22012,81664
13,2003,142177,21342,30571,23945,66318
14,2003,267280,30367,83508,40294,113111
15,2003,224749,31880,68982,32272,91616
16,2003,152471,22206,40126,18915,71224
17,2003,142636,19044,33044,22742,67806
18,2003,36688,4461,12791,4093,15343
19,2003,33577,3022,8923,6918,14714
20,2003,28944,4602,5451,4166,14724
21,2003,1605134,180142,587761,179630,657600
22,2003,84685,8077,27334,10025,39248
23,2003,93948,11026,36556,10482,35884
24,2003,9718,-1,2824,-1,5135
25,2003,46559,5516,19206,4022,17815
26,2003,90378,10488,28913,11493,39484
15,2003,140168,20103,40957,20752,58356
27,2003,247430,23503,82532,32246,109149
28,2003,253606,28759,78824,32245,113778
29,2003,140150,12962,62429,13666,51093
30,2003,149545,15865,76126,13814,43740
31,2003,165237,21626,59973,13692,69946
32,2003,44151,3664,15404,3722,21361
33,2003,92321,10580,37527,9315,34900
34,2003,47238,6871,19155,3500,17711
35,2003,86389,11510,38120,6288,30471
36,2003,3565,445,1324,339,1456
37,2003,61222,8302,28680,3914,20327
38,2003,21601,2762,8116,2035,8688
39,2003,40789,4046,23555,3813,9375
40,2003,18356,1426,13346,642,2942
41,2003,18486,2306,7308,2952,5919
42,2003,3948,313,2900,220,514
43,2003,266505,26591,103581,22714,113619
44,2003,39814,4774,18699,2035,14306
45,2003,40029,3423,8541,6501,21564
46,2003,20862,1068,15306,796,3692
47,2003,41332,5876,16184,-1,16676
48,2003,-1,0,-1,0,-1
49,2003,25785,2304,14367,-1,-1
50,2003,6988,966,1854,-1,3597
51,2003,942,-1,905,0,-1
52,2003,-1,0,-1,0,-1
53,2003,10831,-1,5657,-1,-1
54,2003,-1,0,-1,0,-1
55,2003,2138,239,804,147,948
56,2003,396,-1,-1,0,-1
57,2003,2998,258,1316,360,1064
58,2003,2102,-1,895,251,784
59,2003,7219,497,4475,315,1931
60,2003,3062,-1,2436,0,540
61,2003,-1,-1,-1,0,-1
63,2003,0,0,0,0,-1
63,2003,44282,4240,8405,5213,26423
64,2003,15523,1916,1279,2199,10128
65,2003,6483,609,3129,640,2105
66,2003,6483,609,3129,640,2105
67,2003,15884,701,12482,575,2126
9,2003,10416,212,9515,-1,509
68,2003,5468,489,2967,395,1617
69,2003,10118,1177,3187,1455,4299
0,2004,3930227,474177,1295951,501638,1658461
1,2004,386601,36276,169495,36636,144194
2,2004,65516,7217,21542,7861,28896
3,2004,94810,7218,38112,9054,40426
4,2004,68247,6528,29707,6610,25401
5,2004,129324,14223,58152,11413,45536
6,2004,28705,1090,21982,1698,3935
7,2004,12269,1231,3307,1448,6283
8,2004,2008,310,376,240,1081
9,2004,10261,921,2930,1208,5202
10,2004,1400032,198056,347793,217901,636283
11,2004,174215,23999,48652,25701,75864
12,2004,164856,24271,31019,25696,83869
13,2004,160172,21662,39080,26679,72750
14,2004,265043,39520,72011,38095,115417
15,2004,230772,29414,69533,35141,96683
16,2004,161089,25198,33976,24704,77213
17,2004,139668,19776,25647,26760,67484
18,2004,36180,3857,12383,3218,16722
19,2004,38286,6612,8834,7210,15631
20,2004,29750,3746,6658,4698,14649
21,2004,1703911,196344,602012,209835,695721
22,2004,96325,15003,30642,10324,40356
72,2004,96555,10587,33706,14831,37432
24,2004,11171,-1,3704,1567,4769
25,2004,62002,10245,22278,7101,22378
26,2004,102493,14849,28027,15602,44015
15,2004,146436,19971,37497,23355,65613
27,2004,274372,33290,93388,30405,117289
28,2004,266893,29187,88480,33506,115720
29,2004,133968,6834,51277,19562,56296
30,2004,134512,12453,73520,11731,36808
31,2004,173254,21729,60603,17478,73443
32,2004,56265,4969,20687,5537,25072
33,2004,100370,10423,37435,14260,38251
34,2004,49294,5670,20770,4575,18279
35,2004,91547,12246,36427,6987,35888
36,2004,3286,526,1023,379,1358
37,2004,64961,8989,26227,4411,25334
38,2004,23301,2730,9178,2198,9195
39,2004,37517,3324,22492,3180,8521
40,2004,16378,676,13141,760,1801
41,2004,16717,2379,6135,2187,6016
42,2004,4422,269,3216,233,705
43,2004,278435,25028,104921,23708,124777
44,2004,35858,2945,16894,2813,13205
45,2004,41648,5061,7044,4747,24796
46,2004,18090,1638,13108,-1,2943
47,2004,44733,-1,20899,-1,19306
48,2004,1630,0,1630,0,0
49,2004,27491,4009,14452,-1,-1
50,2004,3591,620,1117,-1,1504
51,2004,976,0,976,0,0
52,2004,-1,0,-1,0,-1
53,2004,10063,-1,4746,-1,4130
73,2004,0,0,0,0,0
55,2004,2460,359,690,346,1066
56,2004,564,-1,299,-1,-1
57,2004,3310,272,1349,449,1240
58,2004,4791,805,1679,420,1887
59,2004,7581,296,4961,369,1956
60,2004,2640,-1,1593,-1,-1
61,2004,-1,0,-1,0,0
63,2004,-1,0,-1,0,0
74,2004,53568,4696,11088,5917,31868
64,2004,17685,1880,980,2480,12345
65,2004,6316,484,3040,393,2399
66,2004,6316,484,3040,393,2399
67,2004,4780,244,3645,166,724
9,2004,2689,43,2516,39,91
68,2004,2090,201,1130,127,633
69,2004,8820,943,2821,1384,3671
0,2005,4280542,506308,1450087,501581,1822567
1,2005,387389,40987,161064,39099,146238
2,2005,66199,8453,21654,7500,28592
3,2005,102220,10759,35445,11927,44089
4,2005,70681,7975,23878,8144,30685
5,2005,115251,11515,56880,10069,36788
6,2005,33037,2285,23208,1459,6085
7,2005,12834,1096,5112,1299,5327
8,2005,-1,-1,-1,-1,-1
9,2005,10292,838,4028,936,4490
10,2005,1513891,199382,394310,221069,699131
11,2005,199659,20352,71041,27137,81129
12,2005,172485,25775,28677,28194,89839
13,2005,137916,15392,36480,19292,66752
14,2005,273783,31321,72842,40075,129545
15,2005,272665,39994,92126,29629,110916
16,2005,181315,23813,39763,32963,84776
17,2005,153629,24302,23279,29167,76881
18,2005,45177,5725,16981,3617,18854
19,2005,49091,8181,7757,7389,25764
20,2005,28172,4528,5363,3605,14676
21,2005,1911225,223840,699984,201678,785723
22,2005,109104,10542,47263,8579,42720
72,2005,108685,12993,33532,14380,47780
24,2005,13912,1534,6583,1310,4484
25,2005,54970,5961,23930,5543,19536
26,2005,125486,17766,41956,16636,49128
15,2005,174029,22208,47418,26366,78037
27,2005,294701,31508,101130,29078,132985
28,2005,307648,38762,93502,38009,137375
29,2005,145765,16298,60315,10377,58774
30,2005,167528,19266,87575,12803,47884
31,2005,189914,22385,73670,17332,76528
32,2005,63024,6397,23170,5165,28292
33,2005,116421,13550,42178,14151,46542
34,2005,40039,4671,17761,1948,15658
35,2005,89337,11071,36247,8462,33557
36,2005,2844,366,957,308,1212
37,2005,63971,8395,25295,6490,23791
38,2005,22523,2310,9995,1664,8554
39,2005,39923,4630,22084,2493,10715
40,2005,17272,1690,12351,626,2604
41,2005,17664,2404,6454,1568,7237
42,2005,4987,536,3278,299,874
43,2005,302798,23310,119845,25942,133701
44,2005,41246,3023,18014,4567,15643
45,2005,46365,4150,8026,6666,27523
46,2005,21926,1049,15446,1162,4268
47,2005,41048,2822,19129,-1,17433
48,2005,2408,-1,1880,0,-1
49,2005,34690,1959,21068,-1,10201
50,2005,6072,-1,1367,-1,3101
51,2005,1380,-1,1192,0,0
52,2005,-1,-1,-1,-1,-1
53,2005,11887,-1,7413,-1,2360
73,2005,-1,0,-1,0,-1
55,2005,2652,169,1104,198,1180
56,2005,1059,-1,792,0,180
57,2005,3603,326,1548,400,1328
58,2005,3824,-1,1146,506,1828
59,2005,8062,260,5724,286,1792
60,2005,3317,-1,1758,-1,1112
61,2005,-1,-1,-1,0,0
63,2005,-1,0,-1,0,0
74,2005,55062,4303,11672,5453,33634
64,2005,16900,1888,1689,1594,11730
65,2005,6985,680,3441,388,2475
66,2005,6985,680,3441,388,2475
67,2005,6078,265,4933,129,750
9,2005,3772,60,3528,-1,159
68,2005,2306,205,1406,104,591
69,2005,10083,1046,3067,1022,4948
0,2006,4486171,562785,1491748,545822,1885817
1,2006,434698,46596,177383,52178,158542
2,2006,71328,8817,23918,7751,30842
3,2006,117171,16115,38427,14312,48317
4,2006,69165,8032,24547,10135,26451
5,2006,142137,11466,65934,17801,46936
6,2006,34897,2166,24557,2179,5995
7,2006,11892,1718,3824,1656,4694
8,2006,2415,168,1176,199,871
9,2006,9477,1550,2647,1458,3822
10,2006,1539949,217002,399443,233719,689785
11,2006,194458,24913,67212,22599,79733
12,2006,158690,26874,20493,25197,86126
13,2006,169478,23373,43342,27134,75629
14,2006,288532,40228,69744,48218,130342
15,2006,267009,36923,91662,34010,104414
16,2006,195634,28006,51777,31852,84000
17,2006,146455,19899,22935,27061,76560
18,2006,44331,5447,14049,7254,17581
19,2006,43054,6858,10551,5971,19675
20,2006,32309,4482,7679,4422,15726
21,2006,2054674,256545,725462,221142,851526
22,2006,82188,8596,24402,9773,39417
72,2006,78960,8248,22356,10726,37630
24,2006,16684,2169,7648,-1,5738
25,2006,55803,3966,27214,5134,19489
26,2006,136302,27582,36867,18293,53561
15,2006,193316,31418,44848,29961,87090
27,2006,247529,27845,86839,26300,106545
28,2006,258352,37983,86585,23247,110537
29,2006,185316,19508,67341,22574,75893
30,2006,159366,17293,87321,10605,44146
31,2006,199545,23926,80263,18019,77338
32,2006,62645,3681,28441,4847,25677
33,2006,117001,13117,44258,12924,46701
34,2006,41552,3490,21512,3022,13529
75,2006,21982,2065,9498,2113,8305
76,2006,45903,6464,10504,5612,23323
77,2006,152228,19196,39562,16863,76607
35,2006,98460,12535,36913,9767,39245
36,2006,3755,630,1375,428,1322
37,2006,68410,8907,26062,6781,26661
38,2006,26295,2998,9477,2558,11262
39,2006,39700,4284,22398,3356,9663
40,2006,17257,1331,12516,946,2465
41,2006,16543,2393,6016,2075,6060
42,2006,5899,561,3866,335,1138
43,2006,283100,21551,115152,22066,124331
44,2006,38269,2038,14055,3635,18541
45,2006,43585,2929,9850,4155,26651
46,2006,19626,911,15673,-1,2706
47,2006,33731,-1,19175,2023,10170
48,2006,2385,-1,2149,0,0
49,2006,26894,1362,17107,-1,7265
50,2006,7313,896,1828,-1,4234
51,2006,1090,0,1090,0,0
52,2006,-1,0,-1,0,-1
53,2006,13378,1330,7994,0,4054
73,2006,-1,0,-1,0,-1
55,2006,2234,184,1112,-1,838
56,2006,903,-1,635,-1,-1
57,2006,3758,285,1669,352,1453
58,2006,3480,-1,1318,-1,1676
59,2006,9676,435,6555,430,2257
60,2006,1934,-1,1307,-1,-1
61,2006,-1,0,-1,0,0
63,2006,-1,0,-1,0,0
74,2006,53440,5955,9882,6754,30849
64,2006,20497,2066,3061,2264,13106
65,2006,6832,773,3126,595,2337
66,2006,6832,773,3126,595,2337
67,2006,6091,170,5172,70,680
9,2006,3864,-1,3683,0,148
68,2006,2227,137,1489,70,532
69,2006,10775,1612,2875,1274,5015
0,2007,5572931,622295,1780997,591983,2577655
1,2007,462497,53019,193374,50551,165553
2,2007,71149,7887,25307,8651,29304
3,2007,135312,15609,49554,17061,53088
4,2007,88435,13313,35130,8845,31147
5,2007,131674,15372,55251,14068,46983
6,2007,35927,838,28132,1925,5032
7,2007,32897,4312,10776,5726,12084
8,2007,12505,1079,4031,1462,5933
9,2007,20392,-1,6745,-1,6151
10,2007,1804408,259406,508893,251538,784571
11,2007,234250,32994,73502,29204,98550
12,2007,215634,34700,33465,36885,110585
13,2007,171602,27235,39349,26943,78075
14,2007,340490,50412,109075,41731,139272
15,2007,279757,36924,99224,30212,113398
16,2007,248379,35302,59207,37133,116736
17,2007,172570,22822,48430,30140,71178
18,2007,58481,7511,19817,5411,25741
19,2007,49563,7263,17199,8070,17031
20,2007,31859,4058,9119,5534,13148
78,2007,1823,186,508,274,855
21,2007,2197828,252984,840802,236244,867798
22,2007,101998,11211,29329,13275,48184
72,2007,75463,10776,21487,9627,33573
24,2007,18362,2678,8875,1794,5015
25,2007,52663,-1,31647,5304,12783
26,2007,117955,14075,45922,13938,44019
15,2007,193810,28356,55500,26595,83358
27,2007,254834,27232,104854,23765,98983
28,2007,300601,37800,107351,30710,124741
29,2007,183068,21601,77525,23030,60913
30,2007,214940,25360,100587,16731,72262
31,2007,188114,16975,79755,15824,75561
32,2007,55411,3961,25674,3168,22608
33,2007,125612,14123,50427,12623,48439
34,2007,55816,7042,21441,6082,21253
77,2007,179831,19942,53557,23165,83167
75,2007,29282,2888,12393,3348,10652
76,2007,50067,6035,14479,7265,22288
35,2007,-1,12677,42001,8632,-1
36,2007,16896,2279,6284,2373,5960
37,2007,54196,6683,22436,3516,21561
38,2007,-1,3714,13281,2743,-1
39,2007,50738,4888,28595,3933,13322
40,2007,21076,1387,15661,742,3287
41,2007,21230,2933,7540,2583,8175
42,2007,5741,-1,4242,-1,989
79,2007,367,72,71,73,152
80,2007,2325,282,1082,242,720
43,2007,364985,32383,147820,32793,151988
44,2007,50692,3445,23774,4958,18514
45,2007,57080,5047,16129,6801,29103
46,2007,18175,1332,12028,657,4158
47,2007,66752,-1,29862,4783,24553
48,2007,-1,0,-1,0,0
49,2007,24707,1556,17169,-1,-1
50,2007,9873,940,2561,1652,4721
51,2007,1458,-1,1345,0,-1
52,2007,-1,0,-1,0,-1
53,2007,18513,-1,5944,2539,8775
73,2007,-1,0,-1,0,0
55,2007,2717,162,980,227,1349
56,2007,1167,0,957,0,-1
57,2007,4415,440,2019,342,1614
58,2007,6492,629,3257,-1,2467
59,2007,12537,437,9100,347,2652
60,2007,2655,-1,1537,-1,782
61,2007,-1,0,-1,-1,-1
63,2007,-1,0,-1,0,0
74,2007,53677,6211,11385,6251,29830
64,2007,28449,3150,4883,3015,17400
81,2007,-1,-1,-1,0,-1
82,2007,-1,0,-1,0,0
83,2007,0,0,0,0,0
84,2007,-1,0,-1,0,0
85,2007,-1,-1,0,0,-1
65,2007,8328,415,4665,459,2790
66,2007,8328,415,4665,459,2790
69,2007,14083,2203,3719,2107,6054
0,2008,5421895,588004,1964280,568306,2301305
1,2008,463492,52052,200776,46958,163706
2,2008,86697,10380,33702,7438,35178
3,2008,141815,16096,53822,17043,54854
4,2008,79210,8851,35389,8872,26098
5,2008,123099,15011,52590,12258,43240
6,2008,32670,1714,25273,1347,4336
7,2008,26451,2769,7338,3438,12906
8,2008,13519,1324,4430,1622,6144
9,2008,12932,1445,2908,1816,6763
10,2008,2017935,242339,629497,252492,893607
11,2008,272655,31760,108953,28895,103047
12,2008,221188,30693,35987,37170,117337
13,2008,200294,25101,55163,26478,93552
14,2008,405213,45329,132373,43498,184013
15,2008,303991,32725,115394,36304,119569
16,2008,280711,34377,76903,35353,134078
17,2008,181096,23254,57612,26887,73344
18,2008,70515,8454,23693,7607,30760
19,2008,57619,8749,17714,7635,23522
20,2008,22305,1558,5009,2394,13344
78,2008,2349,339,697,271,1041
21,2008,2395374,256387,896086,228310,1014591
22,2008,103668,14089,30586,11564,47429
72,2008,81697,8162,23855,11957,37723
24,2008,14931,1864,5195,2154,5718
25,2008,49489,2624,31959,-1,13333
26,2008,126949,20235,36962,16691,53061
15,2008,198267,24295,57989,22984,92998
27,2008,262517,22151,121093,19127,100146
28,2008,403445,39967,139291,39911,184275
29,2008,183056,23804,67241,17678,74333
30,2008,249960,27094,96745,23507,102613
31,2008,169645,16343,69920,13312,70069
32,2008,83953,7366,36773,5235,34579
33,2008,111839,13186,46710,9310,42633
34,2008,88242,10765,37833,6491,33152
77,2008,191027,17279,65538,18178,90031
75,2008,28346,2693,14147,2295,9211
76,2008,48344,4467,14248,6342,23287
35,2008,96670,8869,49582,5539,32678
36,2008,10513,834,4992,765,3922
37,2008,52285,5160,28737,2612,15775
38,2008,33872,2875,15854,2162,12981
39,2008,48789,4128,26004,4364,14293
40,2008,23300,1177,15743,1083,5297
41,2008,18062,2311,6181,2625,6946
42,2008,4480,309,2975,-1,941
79,2008,475,60,235,-1,109
80,2008,2473,272,870,331,1000
43,2008,351126,19250,146272,24484,161120
44,2008,56665,2750,26157,2426,25332
45,2008,46558,2740,14271,5046,24500
46,2008,18208,-1,12264,1194,4308
47,2008,54066,-1,24982,5035,-1
48,2008,1793,0,1793,0,0
49,2008,25196,-1,17598,-1,6268
50,2008,7831,-1,2359,-1,4248
51,2008,2781,-1,2604,-1,-1
52,2008,-1,0,-1,0,-1
53,2008,17386,-1,5473,1609,8708
73,2008,-1,0,-1,0,0
55,2008,2877,257,746,286,1589
56,2008,2094,-1,813,-1,963
57,2008,3974,341,1877,314,1442
58,2008,5989,403,3003,-1,2003
59,2008,10359,340,8001,210,1807
60,2008,2179,372,1171,0,636
61,2008,379,-1,250,-1,-1
63,2008,-1,0,-1,0,0
74,2008,61412,3987,15843,3573,38009
64,2008,27929,2299,4624,2794,18212
81,2008,-1,0,-1,0,0
82,2008,-1,0,-1,0,0
83,2008,0,0,0,0,0
84,2008,-1,0,-1,0,0
85,2008,0,0,0,0,0
65,2008,0,0,0,0,0
66,2008,8736,753,4494,650,2838
69,2008,8736,753,4494,650,2838
0,2009,5715129,603774,2132521,612937,2365897
1,2009,456093,48293,209257,38867,159677
7,2009,36992,3708,11361,3005,18917
10,2009,2108347,248472,689439,271415,899020
21,2009,2494536,255681,962328,251876,1024651
35,2009,118089,15761,44334,11640,46354
39,2009,52718,4791,28163,4963,14800
43,2009,424931,25217,178398,28720,192596
81,2009,-1,0,-1,0,0
65,2009,9091,541,5054,548,2949
69,2009,13979,1310,3834,1904,6931
0,2010,6209665,664381,2257591,660993,2626700
1,2010,568121,57285,248432,51182,211222
2,2010,99275,9575,41126,8286,40288
3,2010,151308,14453,57704,13959,65192
4,2010,97376,11439,44420,7667,33851
5,2010,160761,16119,70767,17221,56654
6,2010,59401,5698,34416,4049,15238
7,2010,65951,5744,19791,6300,34116
8,2010,43688,3702,14340,3967,21679
9,2010,22264,2042,5451,2333,12438
10,2010,2241741,285375,685555,281117,989694
11,2010,299598,32281,130577,27140,109600
12,2010,289085,39168,58841,37987,153089
13,2010,189149,20093,49034,28036,91987
14,2010,380298,47236,101925,58743,172393
15,2010,341720,46629,130842,38849,125401
16,2010,342470,49187,84874,45632,162777
17,2010,221158,27318,69298,26321,98221
18,2010,73068,7170,30230,6228,29441
19,2010,62762,10594,19550,6469,26149
20,2010,38524,5267,8792,5322,19142
78,2010,3908,431,1594,389,1494
21,2010,2617107,262904,988143,268650,1097410
22,2010,93673,11362,24589,11057,46666
72,2010,95178,10624,38410,8495,37649
24,2010,27270,5438,11523,2366,7943
25,2010,72667,6522,31267,6376,28503
26,2010,175126,18078,56846,24329,75873
15,2010,211537,27802,55712,32246,95777
27,2010,255548,21798,115197,22960,95594
28,2010,356047,34756,129899,32268,159124
29,2010,217267,17312,87417,19457,93081
30,2010,294703,29510,120460,28516,116217
31,2010,214437,20196,96692,15211,82338
32,2010,71968,5843,32043,5587,28495
33,2010,175142,17363,59205,20605,77969
34,2010,68312,8096,26362,5753,28100
77,2010,191312,16198,72739,20328,82047
75,2010,30142,1865,13144,3937,11196
76,2010,66779,10144,16637,9159,30839
35,2010,100367,7195,49854,6100,37218
36,2010,8225,548,3922,634,3120
37,2010,39290,4510,15907,3312,15561
38,2010,52852,2136,30026,2154,18537
39,2010,64639,6204,32858,5866,19710
40,2010,30557,1293,20320,1818,7126
41,2010,25137,4209,6905,3521,10503
42,2010,5603,240,4466,180,716
79,2010,0,0,0,0,0
80,2010,3341,462,1167,347,1365
43,2010,526621,3755,22401,39305,22574
44,2010,87555,7512,35901,6357,37785
45,2010,76279,5653,23773,7949,38904
46,2010,19725,1446,13743,697,3839
47,2010,70059,4095,44248,5793,15923
48,2010,7698,0,6799,-1,-1
49,2010,29290,-1,24244,-1,-1
50,2010,-1,-1,-1,-1,12455
51,2010,1764,0,1764,0,0
52,2010,-1,-1,-1,-1,-1
53,2010,40028,-1,20787,-1,16547
73,2010,-1,0,-1,0,0
55,2010,3633,404,1462,280,1488
56,2010,-1,-1,-1,-1,-1
57,2010,4588,414,2091,461,1622
58,2010,6833,967,3109,536,2221
59,2010,11917,-1,9805,279,1691
60,2010,2965,-1,2112,-1,-1
61,2010,349,-1,-1,-1,-1
63,2010,-1,-1,-1,0,0
74,2010,90155,6974,14864,6905,61412
64,2010,40038,4524,6189,4221,25104
81,2010,-1,0,-1,0,0
82,2010,-1,0,-1,0,0
83,2010,0,0,0,0,0
84,2010,-1,0,-1,0,0
85,2010,0,0,0,0,0
65,2010,0,0,0,0,0
66,2010,9679,567,4942,637,3532
69,2010,14992,1554,3553,1837,8047
0,2011,6438435,795584,2191302,754383,2697166
1,2011,578273,71415,239105,60592,207161
2,2011,122168,13243,43888,11789,53248
3,2011,149524,15837,61199,16937,55551
4,2011,94222,14961,36107,10717,32437
5,2011,159999,22760,66301,17059,53879
6,2011,52361,4614,31611,4090,12046
7,2011,57796,6982,19810,8050,22954
8,2011,28653,3229,8482,4670,12272
9,2011,29143,3753,11328,3380,10682
10,2011,2309433,321540,672412,315060,1000420
11,2011,353184,42066,134226,36752,140140
12,2011,238926,35675,42839,34560,125852
13,2011,227985,35628,49381,31384,111592
14,2011,352493,58677,79048,58717,156051
15,2011,357598,44966,139457,45119,128055
16,2011,331607,47691,84525,46729,152663
17,2011,255009,33345,78042,35293,108329
18,2011,78104,8474,31540,9097,28993
19,2011,68166,8825,22073,10863,26405
20,2011,43159,5809,10205,6155,20990
78,2011,3203,384,1077,392,1349
21,2011,2776094,337066,946790,316737,1175501
22,2011,119332,14117,33437,17054,54724
72,2011,91397,10744,36237,8239,36177
24,2011,29006,3154,8554,5030,12269
25,2011,77146,7989,29934,6009,33214
26,2011,208698,29569,62628,27610,88890
15,2011,254553,40153,55974,37866,120559
27,2011,247399,27950,98318,24491,96639
28,2011,369218,50238,106657,53944,158380
29,2011,203721,19536,81694,19583,82909
30,2011,294412,35432,113551,31608,113822
31,2011,222044,25070,93803,18793,84378
32,2011,77241,6861,29293,7041,34046
33,2011,167889,22675,47190,21551,76473
34,2011,85481,5426,36973,5054,38028
77,2011,223303,23566,75253,22030,102453
75,2011,35972,3378,18379,2648,11567
76,2011,69281,11208,18915,8186,30972
35,2011,102971,9648,40205,9932,43186
36,2011,7591,841,3127,889,2735
37,2011,48892,4988,16800,6086,21018
38,2011,46488,3819,20278,2958,19433
39,2011,67102,7800,37729,5091,16482
40,2011,34151,3742,22216,1861,6332
41,2011,25978,3361,11027,2940,8650
42,2011,4757,365,3772,-1,534
80,2011,2216,332,715,203,966
43,2011,521257,37865,226797,35772,220823
44,2011,72335,5585,24749,6831,35170
45,2011,85299,4104,27550,8992,44653
46,2011,23691,2104,18047,-1,3111
47,2011,84718,-1,54932,-1,20083
48,2011,5946,-1,4943,-1,-1
49,2011,32611,-1,27055,-1,-1
50,2011,18012,2411,5931,2429,7242
51,2011,3427,0,3427,0,0
52,2011,-1,0,-1,0,-1
53,2011,44477,2232,18145,-1,22510
73,2011,-1,0,481,-1,-1
55,2011,3492,251,1033,516,1691
56,2011,-1,-1,-1,-1,-1
57,2011,4037,367,1698,345,1628
58,2011,6648,-1,3281,748,2235
59,2011,12142,534,8726,-1,2098
60,2011,1634,-1,1300,0,-1
61,2011,665,-1,276,-1,318
63,2011,-1,0,-1,0,0
74,2011,82848,7192,16700,6741,52215
64,2011,32745,3236,4831,3050,21628
81,2011,-1,-1,-1,-1,0
82,2011,-1,-1,-1,-1,0
83,2011,0,0,0,0,0
84,2011,-1,0,-1,0,0
85,2011,0,0,0,0,0
65,2011,9170,839,4782,781,2768
66,2011,9170,839,4782,781,2768
69,2011,16115,2404,3497,2342,7871
0,2012,6748357,773962,2371789,784337,2818268
1,2012,692179,80875,285951,77397,247956
2,2012,163638,21069,50183,17936,74451
3,2012,185966,19466,76016,22222,68262
4,2012,113680,14455,49757,12577,36891
5,2012,173030,21895,73432,21020,56683
6,2012,55865,3989,36564,3642,11670
7,2012,65284,8113,21171,7180,28821
8,2012,34485,4997,8321,4376,16791
9,2012,30799,3115,12850,2804,12030
10,2012,2398190,318060,702865,326798,1050467
11,2012,376841,50991,141940,44658,139252
12,2012,267333,38433,57601,39358,131941
13,2012,198291,33140,42728,30680,91743
14,2012,380608,51110,104058,51462,173978
15,2012,357383,39731,140764,38439,138450
16,2012,358934,50183,81881,57322,169548
17,2012,265963,32108,64897,42422,126536
18,2012,69575,7838,30179,6595,24964
19,2012,76388,9383,27870,9158,29977
20,2012,43315,4688,9872,6169,22585
78,2012,3559,455,1074,534,1495
21,2012,2810612,306103,1023786,316716,1164006
22,2012,113441,14222,31486,15195,52538
72,2012,84711,11605,30955,9435,32716
24,2012,36604,3938,14506,4727,13433
25,2012,73917,5348,35023,8089,25457
26,2012,212712,25941,70962,27266,88543
15,2012,244823,39405,58128,36579,110710
27,2012,284583,26607,118785,25361,113830
28,2012,396233,39902,135560,51285,169486
29,2012,218419,22696,86424,19191,90109
30,2012,261985,26798,97284,33513,104390
31,2012,223336,19396,91278,24531,88130
32,2012,73224,6849,31031,7565,27780
33,2012,195043,22652,71459,17873,83060
34,2012,74477,7079,32028,6914,28456
77,2012,208118,21948,76682,17070,92418
75,2012,41093,3152,21285,3178,13478
76,2012,67892,8567,20909,8944,29473
35,2012,130730,12634,55569,11004,51522
36,2012,9256,891,3849,808,3707
37,2012,70913,7344,27098,6921,29550
38,2012,50561,4399,24621,3276,18265
39,2012,64679,7143,37946,4313,15276
40,2012,29766,2203,21737,713,5112
41,2012,25877,4325,9565,3271,8716
42,2012,6547,351,5456,-1,611
80,2012,2489,265,1188,198,839
43,2012,558990,38100,233773,38432,248686
44,2012,81489,7081,27191,4361,42856
45,2012,89108,5587,28114,5217,50190
46,2012,26274,1839,19365,-1,4340
47,2012,54093,-1,37187,-1,11340
48,2012,3834,0,3108,-1,-1
49,2012,40385,-1,35146,-1,-1
50,2012,28716,2819,8221,4350,13327
51,2012,2736,0,2736,0,0
52,2012,-1,0,-1,0,-1
53,2012,46059,1189,21496,4939,18435
73,2012,-1,-1,-1,0,0
55,2012,3688,400,951,439,1899
60,2012,1994,-1,1327,-1,497
61,2012,967,-1,288,-1,498
63,2012,-1,-1,-1,0,-1
74,2012,98807,6862,18870,8181,64894
64,2012,38947,3486,6965,4326,24170
86,2012,38328,3440,20006,2676,12206
81,2012,-1,-1,-1,0,-1
82,2012,-1,-1,-1,0,-1
83,2012,0,0,0,0,0
84,2012,-1,0,-1,0,0
85,2012,0,0,0,0,0
65,2012,11110,749,6207,630,3524
66,2012,11110,749,6207,630,3524
69,2012,16118,2140,4125,1867,7986
0,2013,6953077,799054,2474712,774382,2904929
1,2013,697421,77898,293751,72566,253206
2,2013,187372,20866,67307,22134,77066
3,2013,167433,20702,62384,15766,68581
4,2013,113275,11824,55748,10456,35247
5,2013,165179,19534,65828,21234,58584
6,2013,64162,4972,42484,2976,13729
7,2013,103830,18065,30888,8498,46380
8,2013,59056,12679,16093,4469,25816
9,2013,44774,5386,14795,4029,20564
10,2013,2428758,298132,741687,325000,1063939
11,2013,407665,53063,150827,52287,151489
12,2013,287397,36900,57583,39040,153874
13,2013,181450,27234,40479,30071,83664
14,2013,364070,40687,96181,53163,174039
15,2013,373205,37852,163743,37893,133717
16,2013,356727,44187,102641,49142,160758
17,2013,253060,30920,64994,37249,119896
18,2013,76817,7416,34365,7123,27914
19,2013,77007,13297,17710,13275,32725
20,2013,47852,6147,11940,5307,24458
78,2013,3509,429,1225,449,1405
21,2013,2898282,339350,1035123,309071,1214738
22,2013,131282,16833,31060,15556,67833
72,2013,76566,9200,29574,8727,29065
24,2013,36360,3732,13569,4492,14567
25,2013,72118,5454,37096,4543,25025
26,2013,224516,28805,68602,30607,96502
15,2013,247866,40005,50426,39949,117486
27,2013,309109,29259,129171,30717,119962
28,2013,406514,52607,136179,44794,172933
29,2013,221329,21235,89913,21543,88638
30,2013,252465,30037,97132,21754,103542
31,2013,236775,26419,99923,19648,90785
32,2013,76297,6805,35080,5671,28741
33,2013,197242,24793,63544,20959,87946
34,2013,82778,8942,30966,8471,34399
77,2013,205270,20668,75827,17475,91301
75,2013,48069,4181,22618,4402,16868
76,2013,73726,10375,24442,9764,29145
35,2013,156011,16318,63469,13554,62670
36,2013,6761,729,2732,674,2626
37,2013,80428,7485,33968,6585,32390
38,2013,68822,8104,26770,6295,27654
39,2013,68484,7086,38097,5337,17964
40,2013,31696,3082,20631,1577,6406
41,2013,28090,3317,12067,3221,9484
42,2013,6367,393,4781,248,945
80,2013,2332,295,618,291,1128
43,2013,571191,39089,260916,37158,234027
44,2013,82911,8492,34259,4685,35476
45,2013,92820,7211,27464,6476,51669
46,2013,29610,1306,23883,818,3603
47,2013,60520,-1,51082,-1,7085
48,2013,4211,0,3616,0,-1
49,2013,38061,-1,32129,-1,-1
50,2013,35955,4268,12244,-1,16433
51,2013,2540,0,2320,-1,-1
52,2013,1237,0,1042,0,-1
53,2013,45774,-1,24103,2857,17207
73,2013,2214,0,-1,-1,-1
55,2013,3971,357,1364,239,2011
60,2013,2451,0,1619,-1,554
61,2013,1130,0,789,-1,305
63,2013,712,-1,618,0,0
74,2013,92934,6833,16375,8870,60857
64,2013,40379,4326,7237,5747,23068
86,2013,33759,2208,18832,2142,10577
81,2013,-1,-1,-1,0,0
82,2013,-1,-1,-1,0,0
83,2013,0,0,0,0,0
84,2013,-1,0,-1,0,0
85,2013,0,0,0,0,0
65,2013,11620,736,6857,1018,3009
66,2013,11620,736,6857,1018,3009
69,2013,17132,2326,3632,2179,8995
0,2014,7428037,878673,2534740,866126,3148498
1,2014,753450,88693,298452,77453,288852
2,2014,225910,27790,75825,24442,97853
3,2014,187459,23508,69686,17116,77150
4,2014,124476,14162,54933,12842,42538
5,2014,153040,17124,60718,17837,57361
6,2014,62564,6108,37290,5216,13950
7,2014,124787,17199,37292,15067,55228
8,2014,64851,9656,15918,9162,30116
9,2014,59936,7544,21374,5906,25113
10,2014,2677429,365698,759906,357548,1194277
11,2014,442752,59907,142557,56976,183313
12,2014,317194,45977,62955,48864,159399
13,2014,186071,27655,42466,24104,91847
14,2014,437477,53939,114060,62026,207451
15,2014,413128,49124,171249,39167,153587
16,2014,374735,52179,98453,56327,167777
17,2014,295509,48958,66555,43033,136964
18,2014,82697,9717,31468,6241,35271
19,2014,73555,13625,16262,12638,31030
20,2014,51452,4334,13041,7688,26389
78,2014,2859,284,840,485,1251
21,2014,3007027,337185,1054837,347488,1267517
22,2014,120625,14167,23197,21836,61425
72,2014,87444,10662,33248,9380,34154
24,2014,50505,6898,15720,3659,24228
25,2014,71880,4187,35278,6225,26191
26,2014,233636,27110,74864,34111,97551
15,2014,265557,33199,64321,39411,128626
27,2014,330286,32718,129472,37860,130235
28,2014,421733,43507,149965,52011,176249
29,2014,220639,23481,88252,23068,85838
30,2014,264290,35146,98418,26122,104604
31,2014,232879,27986,97721,20551,86621
32,2014,84736,9560,26192,9019,39965
33,2014,208251,23654,76022,20359,88215
34,2014,79805,8047,26560,9051,36147
77,2014,210339,23370,66441,21415,99113
75,2014,50247,3997,25080,4103,17067
76,2014,74175,9493,24087,9307,31289
35,2014,136159,13027,56627,11641,54864
36,2014,5975,712,2078,725,2460
37,2014,73152,8673,27821,6994,29663
38,2014,57032,3642,26729,3921,22740
39,2014,67702,6032,40987,6430,14253
40,2014,32650,2192,24986,1216,4256
41,2014,27434,3511,10469,4818,8636
42,2014,5839,156,4896,-1,658
80,2014,1780,173,636,267,703
43,2014,630492,47445,275001,47287,260760
44,2014,103125,9458,38371,9398,45898
45,2014,101309,10474,31492,10026,49316
46,2014,27196,1067,22651,-1,3064
47,2014,69941,-1,56967,-1,9877
48,2014,-1,0,-1,0,-1
49,2014,37353,-1,30036,-1,-1
50,2014,26205,3098,6762,2523,13822
51,2014,2576,0,2576,0,0
52,2014,-1,-1,847,0,-1
53,2014,66422,-1,32547,4626,26624
73,2014,-1,0,-1,0,0
55,2014,4089,365,892,513,2320
60,2014,2788,-1,2040,-1,457
61,2014,1200,178,467,-1,528
63,2014,1578,-1,1131,-1,-1
74,2014,104883,8326,18878,10748,66931
64,2014,39379,4296,6992,4035,24056
86,2014,36699,3166,18972,2598,11964
81,2014,-1,-1,-1,0,0
82,2014,-1,-1,-1,0,0
83,2014,0,0,0,0,0
84,2014,-1,0,-1,0,0
85,2014,0,0,0,0,0
65,2014,11445,688,6217,851,3689
66,2014,11445,688,6217,851,3689
69,2014,18699,2668,4613,2361,9057
0,2015,7881394,917536,2801054,885945,3276859
1,2015,802807,89481,325402,85644,302280
2,2015,252051,34275,71518,37802,108455
3,2015,182837,18020,74409,13110,77298
4,2015,130963,14815,61988,12431,41729
5,2015,165890,16512,70261,17631,61485
6,2015,71067,5859,47227,4670,13312
7,2015,133481,18201,35619,16764,62896
8,2015,58816,10425,16475,8196,23720
9,2015,74665,7776,19144,8568,39176
10,2015,2829592,375040,870168,370591,1213793
11,2015,454024,51002,176946,55451,170625
12,2015,329814,52575,56782,48395,172062
13,2015,206089,30611,52350,23079,100049
14,2015,477859,65734,138742,54820,218563
15,2015,422108,50610,177244,42525,151730
16,2015,420535,56859,118962,62093,182621
17,2015,300221,43341,74098,52328,130454
18,2015,83306,7816,38062,7555,29873
19,2015,85998,10837,23913,17793,33455
20,2015,46351,5309,11877,6214,22951
78,2015,3288,346,1193,339,1410
21,2015,3214317,354319,1168876,349763,1341359
22,2015,133495,16969,29167,19199,68160
72,2015,92257,9958,37000,12067,33232
24,2015,41786,3999,12430,6188,19170
25,2015,77767,6953,41200,4320,25293
26,2015,254862,31285,86680,36304,100593
15,2015,288011,41666,71274,40355,134715
27,2015,336766,32406,139595,28998,135767
28,2015,463231,50958,161200,47481,203591
29,2015,216819,19189,86975,22816,87839
30,2015,272535,31510,91909,27922,121194
31,2015,239705,26444,107013,23124,83125
32,2015,73762,6354,34285,5860,27264
33,2015,229197,26785,79677,23012,99724
34,2015,97997,10038,43732,7098,37129
77,2015,258862,24369,91057,29555,113881
75,2015,51179,3895,27163,4207,15913
76,2015,86085,11540,28519,11257,34769
35,2015,148724,14686,67665,10025,56348
36,2015,7358,774,3106,587,2890
37,2015,69948,7434,27406,5803,29305
38,2015,71418,6478,37153,3635,24153
39,2015,76558,8126,44941,6447,17044
40,2015,41674,3431,29590,1805,6847
41,2015,28118,4064,10843,4292,8919
42,2015,5187,-1,3866,-1,737
80,2015,1580,156,642,241,540
43,2015,641163,53671,274793,42984,269716
44,2015,95306,6814,37683,5627,45182
45,2015,111247,13628,38862,8370,50387
46,2015,35303,1510,27509,-1,6003
47,2015,71128,-1,51324,-1,13199
48,2015,3490,-1,2070,-1,-1
49,2015,36585,3235,28793,-1,-1
50,2015,26215,4153,7177,3042,11843
51,2015,2216,0,1967,-1,-1
52,2015,870,0,-1,0,-1
53,2015,60124,3448,25890,3572,27213
73,2015,-1,0,-1,0,0
55,2015,4937,471,1302,783,2381
60,2015,3371,-1,2707,0,549
61,2015,1257,-1,543,143,496
63,2015,1922,-1,1425,-1,-1
74,2015,108913,10434,19753,8748,69977
64,2015,37760,3499,6278,3692,24290
86,2015,39477,3120,19784,3121,13452
81,2015,-1,-1,-1,0,0
82,2015,-1,-1,-1,0,0
83,2015,0,0,0,0,0
84,2015,0,0,0,0,0
85,2015,0,0,0,0,0
65,2015,13696,1048,7375,943,4329
66,2015,13696,1048,7375,943,4329
69,2015,19772,2924,4970,2784,9094
0,2016,8439220,969529,2987369,934283,3548040
1,2016,838053,92757,342098,95951,307247
2,2016,256530,31737,79772,39434,105587
3,2016,194044,22143,72376,20531,78994
4,2016,142817,12383,69282,12583,48569
5,2016,174192,18744,79411,17779,58259
6,2016,70469,7749,41258,5624,15837
7,2016,101656,12269,35420,12023,41944
8,2016,42351,4792,17211,4573,15775
9,2016,59305,7477,18209,7450,26169
10,2016,2991598,394378,912408,364888,1319923
11,2016,501696,67868,191939,49076,192813
12,2016,346082,49193,64102,45235,187552
13,2016,211951,26444,57847,26686,100974
14,2016,505225,73381,126678,64373,240793
15,2016,448478,50896,195779,45763,156039
16,2016,425397,56702,122085,53314,193297
17,2016,318751,40907,82464,52503,142877
18,2016,87807,9462,34468,7883,35994
19,2016,93052,12921,23714,14081,42336
20,2016,48856,5976,12040,5429,25410
78,2016,4304,628,1291,545,1839
21,2016,3446746,385950,1220250,374193,1466353
22,2016,144892,18822,38325,19601,68144
72,2016,94605,12581,33129,11163,37733
24,2016,50242,5675,12738,6939,24891
25,2016,104922,12703,45410,10814,35995
26,2016,269075,30911,83082,40094,114989
15,2016,311996,50465,69406,47261,144863
27,2016,363150,30794,157883,35070,139404
28,2016,509410,56755,175730,51489,225436
29,2016,224443,17712,87228,22211,97292
30,2016,266206,33307,91746,24139,117014
31,2016,265454,27718,113529,25723,98485
32,2016,81023,10008,28218,9137,33660
33,2016,248323,27685,93601,27760,99276
34,2016,98020,9673,43707,7939,36700
77,2016,269293,25259,82732,21503,139800
75,2016,61214,5489,34620,3653,17452
76,2016,84477,10392,29166,9699,35220
35,2016,139361,11877,63463,12752,51269
36,2016,7367,659,3135,764,2809
37,2016,61993,6287,25008,6091,24606
38,2016,70001,4931,35319,5897,23853
39,2016,77737,6666,47599,6121,17351
40,2016,48125,3668,33175,2798,8484
41,2016,22208,2696,8865,2860,7787
42,2016,5977,-1,5077,203,483
80,2016,1427,88,481,260,598
43,2016,810603,63074,352769,65610,329150
44,2016,94357,8722,32214,9939,43481
45,2016,122834,12544,41861,11940,56490
46,2016,43666,2345,33327,1381,6613
47,2016,99350,-1,75354,4493,15971
48,2016,5709,0,4623,0,-1
49,2016,40672,2178,33452,-1,-1
50,2016,-1,-1,-1,-1,-1
51,2016,2403,-1,2329,0,0
52,2016,2226,-1,1520,0,-1
53,2016,65441,2955,31684,5862,24940
73,2016,2381,0,2277,0,-1
55,2016,5588,582,1332,547,3127
60,2016,2713,-1,1855,-1,474
61,2016,1039,-1,283,128,534
63,2016,1116,0,1022,0,-1
74,2016,126539,11853,20363,10191,84132
64,2016,44147,3502,8719,4794,27132
86,2016,46391,3804,27765,2988,11835
81,2016,1739,0,1598,-1,-1
82,2016,-1,0,-1,-1,-1
83,2016,0,0,0,0,0
84,2016,-1,0,-1,0,0
85,2016,0,0,0,0,0
65,2016,13380,932,7006,1121,4322
66,2016,13380,932,7006,1121,4322
69,2016,18348,1626,4759,1575,10388
0,2017,8845589,1037931,3154052,1027342,3626264
1,2017,886103,94555,370861,101641,319047
7,2017,125671,13182,41787,21118,49584
10,2017,3279179,462166,956462,436217,1424334
21,2017,3419932,371085,1277551,377098,1394198
35,2017,200639,25537,87054,17604,70444
39,2017,82228,9378,50406,7039,15405
43,2017,811105,57315,355250,62303,336237
81,2017,2150,-1,1549,0,-1
65,2017,14356,972,8519,1084,3780
69,2017,24226,3538,4612,3238,12837
0,2018,9655441,1130591,3273497,1105310,4146043
1,2018,978642,120544,404817,95659,357622
7,2018,446904,54775,127994,47743,216392
10,2018,3529748,505253,1063180,461941,1499375
21,2018,3641131,356745,1236052,407577,1640758
35,2018,200639,25537,87054,17604,70444
39,2018,88533,10113,45819,6818,25783
43,2018,735018,53714,295139,64426,321739
81,2018,700,-1,526,-1,-1
65,2018,14889,1291,7956,-1,4647
69,2018,19238,2581,4961,2498,9198
0,2019,9987762,116964,3709224,107266,4036238
1,2019,901002,949290,414921,808441,310308
2,2019,268072,30256,109119,24979,103718
3,2019,179470,19385,85643,11257,63186
4,2019,146425,13564,74528,16176,42157
5,2019,70266,8743,17816,9807,33901
6,2019,72760,5277,40816,5434,21233
87,2019,164009,17704,87000,13191,46113
7,2019,317065,36650,136685,19727,124004
8,2019,131122,14087,53229,8643,55164
88,2019,61328,5785,41071,2795,11677
9,2019,66580,7696,26601,4485,27798
89,2019,18227,2392,5976,1290,8569
90,2019,39808,6690,9808,2514,20797
10,2019,3435729,481979,1054544,418515,1480691
11,2019,170950,22446,53776,23160,71568
12,2019,390254,63616,98821,46770,181048
13,2019,276042,37184,83607,36471,118780
14,2019,582451,78145,176396,74546,253365
15,2019,568261,86705,193502,66887,221166
16,2019,400113,45032,147524,47459,160098
17,2019,370073,55210,69408,51555,193900
18,2019,124121,13424,55433,10158,45106
19,2019,86535,13715,35779,10656,26384
20,2019,44834,5543,12423,6100,20767
91,2019,392546,58679,103795,44300,185772
111,2019,29549,2279,24080,-1,2737
21,2019,3640642,402882,1338995,413860,1484905
22,2019,163492,16230,35262,21864,90136
72,2019,121636,16522,41096,13583,50436
93,2019,42853,7272,24062,4254,7266
25,2019,179228,10740,89876,16190,62423
26,2019,237825,35349,46497,39013,116966
15,2019,302663,42215,67829,46724,145895
94,2019,275713,33152,107248,29118,106194
28,2019,580221,62735,207249,65619,244619
29,2019,232898,19071,92476,23465,97887
30,2019,257223,24628,135818,17901,78876
31,2019,280712,22190,152697,27022,78803
32,2019,63225,5259,22945,8142,26878
33,2019,171433,19157,51873,17750,82654
34,2019,76531,7812,27157,-1,29878
95,2019,24239,7508,13355,-1,-1
71,2019,179055,21791,59056,22665,75544
96,2019,257659,26890,98659,26811,105299
97,2019,67504,5379,22618,-1,-1
76,2019,101067,15970,36697,11311,37088
98,2019,25465,3013,6526,3093,12833
35,2019,772584,80844,355961,62015,273764
99,2019,17022,1605,9060,1310,5046
100,2019,79373,13216,37750,4776,23632
101,2019,54489,3836,35098,2276,13279
102,2019,43197,5860,18614,6329,12394
103,2019,28621,3533,12397,2888,9803
104,2019,61099,11210,20803,8145,20941
105,2019,1397,125,940,194,137
106,2019,182942,11562,79407,11365,80608
38,2019,279496,26139,133426,22178,97753
107,2019,2370,282,1269,287,532
108,2019,22577,3475,7197,2267,9638
39,2019,62584,7015,37408,5260,12901
40,2019,21108,2877,7909,2924,7398
41,2019,32924,2634,24378,1857,4055
42,2019,7474,-1,4713,-1,-1
80,2019,1078,152,408,194,325
43,2019,818595,59480,356873,68228,334013
44,2019,122201,8600,51823,15397,46381
45,2019,171007,13185,69329,10011,78482
46,2019,54961,3935,42327,-1,7746
47,2019,69612,-1,54981,-1,10505
48,2019,3068,-1,2751,0,0
49,2019,47540,3658,30680,-1,-1
50,2019,21910,2005,5893,3718,10294
51,2019,1892,0,1892,0,0
52,2019,-1,-1,-1,-1,-1
53,2019,53180,-1,21307,-1,20461
73,2019,1935,-1,1054,-1,-1
55,2019,5357,352,1427,-1,3023
86,2019,41117,4013,23377,4207,9520
64,2019,54358,3918,11329,6736,32376
60,2019,4870,-1,3816,-1,462
61,2019,1065,-1,-1,-1,693
63,2019,801,0,736,0,-1
109,2019,155075,10712,28771,14035,101556
81,2019,-1,-1,-1,0,-1
82,2019,-1,-1,-1,0,-1
83,2019,0,0,0,0,0
84,2019,0,0,0,0,0
85,2019,0,0,0,0,0
65,2019,14649,2115,7390,1447,3697
65,2019,14649,2115,7390,1447,3697
69,2019,24702,3695,6331,2764,11911
69,2019,24702,3695,6331,2764,11911
0,2020,10791896,123266,3870705,115281,4535714
1,2020,901002,94929,414921,80844,310308
2,2020,268072,30256,109119,24979,103718
3,2020,179470,19385,85643,11257,63186
4,2020,146425,13564,74528,16176,42157
5,2020,70266,8743,17816,9807,33901
6,2020,72760,5277,40816,5434,21233
110,2020,164009,17704,87000,13191,46113
7,2020,308835,33670,106819,40421,127926
8,2020,125497,15071,35608,20477,54340
88,2020,59030,3765,36550,3786,14929
9,2020,61033,7408,15570,8455,29601
89,2020,24433,2379,7602,2172,12280
90,2020,38842,5047,11489,5531,16776
10,2020,3725454,488039,1113346,447789,1676280
11,2020,187465,30333,51627,26562,78943
12,2020,406620,48289,108939,48279,201112
13,2020,293698,39500,88919,34410,130869
14,2020,664223,94092,199478,76505,294147
15,2020,574419,64362,207523,64149,238386
16,2020,426018,43493,151114,48627,182784
17,2020,443573,67626,94261,66324,215363
18,2020,122909,16974,42662,11386,51887
19,2020,79037,11525,27084,8621,31807
20,2020,60037,8118,10055,7982,33882
91,2020,437989,62558,105413,54466,215552
111,2020,29465,1170,26269,0,0
21,2020,3900800,437623,1384774,410582,1667821
22,2020,190279,29833,26021,22238,112187
112,2020,132271,16709,46442,15089,54031
93,2020,35240,3276,15519,3247,13198
25,2020,191054,13877,106969,10051,60157
26,2020,265736,36365,50363,43853,135155
15,2020,318765,49979,60682,47122,160982
27,2020,292307,32943,118486,23454,117423
28,2020,601475,56228,216018,57674,271556
29,2020,281157,31342,96164,35767,117885
30,2020,300707,34269,133644,24063,108731
31,2020,136014,12686,67753,8274,47301
32,2020,65075,7338,28729,6943,22065
33,2020,197111,24039,58870,25882,88320
34,2020,90614,7792,38272,7669,36881
95,2020,39903,6214,20174,0,12211
71,2020,194274,26667,56849,24446,86312
77,2020,258017,21166,89581,31122,116148
97,2020,49067,0,23412,0,0
76,2020,124369,13080,58147,8770,44373
98,2020,27275,2935,7570,4059,12711
113,2020,110089,6989,65109,8404,29588
35,2020,978813,101242,453185,85570,338815
99,2020,19026,2186,8405,1488,6948
100,2020,68965,8673,33634,4356,22302
101,2020,52394,3917,33681,1554,13241
102,2020,60141,9580,20229,5926,24405
103,2020,63205,10416,24393,6865,21530
104,2020,116513,9010,61709,10237,35557
105,2020,30786,2491,13905,3121,11268
106,2020,182522,17793,78381,19072,67275
38,2020,306407,31578,145761,27072,101996
107,2020,63662,4402,25212,4588,29461
108,2020,15193,1196,7874,1290,4832
39,2020,47763,4111,28967,2564,12120
41,2020,21150,1817,9061,1928,8344
40,2020,20315,1329,17110,0,1775
42,2020,4362,0,2236,0,0
80,2020,1937,298,560,314,766
43,2020,814761,64708,297298,77738,375016
44,2020,134513,8534,48842,14296,62841
45,2020,184731,13216,65294,14099,92122
46,2020,53774,0,41676,0,7321
48,2020,3575,-1,3575,-1,-1
49,2020,54449,7707,34914,0,9752
50,2020,43616,6417,11073,7841,18285
51,2020,0,-1,0,-1,-1
52,2020,6647,0,0,0,0
53,2020,53491,4815,16111,0,23987
73,2020,2296,0,1913,-1,0
55,2020,6912,469,1327,563,4553
86,2020,35999,2872,23377,0,7832
64,2020,59791,7113,10615,8166,33898
60,2020,3937,0,3238,0,0
61,2020,1103,0,0,0,773
63,2020,857,-1,787,0,-1
109,2020,168352,9361,29430,18209,111352
47,2020,65282,0,52342,0,7998
81,2020,647,0,521,0,0
82,2020,548,0,422,0,0
83,2020,-1,-1,-1,-1,-1
84,2020,0,-1,0,-1,-1
85,2020,-1,-1,-1,-1,-1
65,2020,16547,1829,8792,1172,4754
69,2020,31992,4167,9739,3497,14589
