id,year,donkeys_death_disease,donkeys_death_other,total_deaths,male_deaths,female_deaths,
0,2005,200792,55954,256746,121827,134919
1,2005,16487,8529,25016,12977,12039
2,2005,2457,1796,4253,1931,2322
3,2005,4851,-1,5349,2548,2801
4,2005,2362,1268,3630,2002,1628
5,2005,4880,3758,8638,4772,3865
6,2005,1938,-1,3146,1724,1423
7,2005,266,-1,502,-1,261
8,2005,-1,0,-1,-1,-1
9,2005,198,-1,434,-1,243
10,2005,59217,18385,77602,29470,48132
11,2005,8866,2859,11725,6417,5309
12,2005,8638,-1,10010,2955,7055
13,2005,4815,-1,5918,2792,3126
14,2005,5812,4017,9829,2877,6952
15,2005,7908,4079,11987,3084,8903
16,2005,9654,1437,11091,5047,6043
17,2005,7479,2638,10117,3101,7016
18,2005,2191,348,2539,1446,1094
19,2005,3436,-1,3608,1334,2274
20,2005,-1,-1,778,417,-1
21,2005,100764,23669,124433,63610,60823
22,2005,7705,-1,8207,4146,4061
72,2005,15840,-1,17070,-1,3799
24,2005,-1,-1,-1,763,-1
25,2005,5638,-1,6319,3706,2613
26,2005,10175,2396,12572,5052,7519
15,2005,7114,1516,8630,3534,5096
27,2005,8956,2174,11130,4136,6994
28,2005,12541,-1,18388,9077,9311
29,2005,6506,1419,7926,4664,3262
30,2005,4689,-1,5388,2608,2780
31,2005,7215,4468,11683,5705,5978
32,2005,2234,-1,2765,-1,1608
33,2005,7937,1253,9191,4018,5173
34,2005,3044,-1,3628,1772,-1
35,2005,607,560,1167,677,490
36,2005,33,65,98,45,54
37,2005,-1,-1,-1,-1,-1
38,2005,-1,-1,613,-1,-1
39,2005,5442,648,6090,4021,2069
40,2005,1386,-1,1576,1275,-1
41,2005,2837,343,3180,1551,1629
42,2005,1219,-1,1334,1194,-1
43,2005,16761,3353,20114,9904,10210
44,2005,1264,-1,2560,1844,-1
45,2005,2335,-1,2711,758,1953
46,2005,559,0,559,448,-1
47,2005,3881,-1,4665,-1,3422
48,2005,-1,0,-1,-1,0
49,2005,1314,0,1314,877,-1
50,2005,-1,0,-1,-1,-1
51,2005,-1,0,-1,-1,0
52,2005,-1,-1,-1,-1,-1
53,2005,1370,0,1370,1155,-1
73,2005,0,0,0,0,0
55,2005,-1,-1,-1,-1,-1
56,2005,-1,0,-1,-1,0
57,2005,124,-1,139,80,59
58,2005,538,0,538,420,-1
59,2005,200,0,200,-1,-1
60,2005,-1,0,-1,-1,0
61,2005,0,0,0,0,0
63,2005,0,-1,-1,0,-1
74,2005,1989,524,2513,945,1568
64,2005,699,-1,859,-1,751
65,2005,222,-1,266,221,-1
66,2005,222,-1,266,221,-1
67,2005,345,98,442,299,143
9,2005,246,-1,271,218,-1
68,2005,98,-1,171,81,-1
69,2005,-1,432,1114,-1,707
0,2006,208950,73856,282806,136711,146095
1,2006,10495,10684,21178,11297,9881
2,2006,1156,1033,2189,962,1227
3,2006,3600,1890,5490,1973,3517
4,2006,909,1800,2710,1844,866
5,2006,3446,5569,9015,5373,3642
6,2006,1383,-1,1775,1146,-1
7,2006,315,-1,496,192,303
8,2006,-1,-1,-1,-1,-1
9,2006,301,-1,459,170,289
10,2006,59976,19464,79440,33504,45937
11,2006,12544,-1,14751,7983,6768
12,2006,4898,-1,6512,-1,4998
13,2006,4593,3629,8221,3007,5214
14,2006,3970,-1,5039,2774,-1
15,2006,8100,3843,11943,6545,5398
16,2006,11861,2965,14826,5179,9647
17,2006,5970,1715,7685,1431,6254
18,2006,3932,693,4625,2400,2225
19,2006,2682,-1,3645,1929,1716
20,2006,1425,768,2193,742,1452
21,2006,111837,37324,149161,73868,75293
22,2006,6194,-1,6636,1885,4751
72,2006,11125,-1,12850,-1,4134
24,2006,-1,-1,-1,-1,-1
25,2006,4660,-1,5714,4007,1707
26,2006,3840,3104,6944,3061,3884
15,2006,10184,4500,14683,6331,8353
27,2006,11523,3106,14629,6756,7873
28,2006,15098,6778,21876,11911,9965
29,2006,7439,2461,9899,3903,5996
30,2006,3624,-1,5645,3078,2567
31,2006,11510,4037,15547,7370,8177
32,2006,2873,1936,4809,2786,2023
33,2006,4491,1353,5844,3761,2083
34,2006,-1,-1,-1,-1,-1
75,2006,4006,564,4570,-1,1964
76,2006,4741,378,5119,2162,2957
77,2006,9013,2816,11829,4725,7105
35,2006,-1,2632,4852,2427,2425
36,2006,177,145,322,168,154
37,2006,-1,-1,-1,-1,-1
38,2006,-1,2374,2596,-1,1095
39,2006,6857,404,7262,5107,2155
40,2006,2337,331,2667,1970,698
41,2006,-1,-1,-1,-1,-1
42,2006,658,0,658,629,-1
43,2006,16483,2852,19334,9768,9566
44,2006,3016,-1,3637,1958,-1
45,2006,3275,0,3275,1426,1849
46,2006,567,-1,790,563,-1
47,2006,-1,-1,-1,-1,-1
48,2006,802,-1,1051,-1,-1
49,2006,-1,0,-1,847,-1
50,2006,375,0,375,0,375
51,2006,-1,-1,-1,-1,0
52,2006,-1,-1,-1,-1,0
53,2006,-1,0,-1,-1,0
73,2006,-1,0,-1,-1,-1
55,2006,-1,0,-1,-1,-1
56,2006,-1,0,-1,-1,-1
57,2006,201,-1,270,136,135
58,2006,313,0,313,251,-1
59,2006,361,-1,403,-1,316
60,2006,703,-1,791,470,321
61,2006,-1,0,-1,-1,0
63,2006,-1,0,-1,-1,0
74,2006,954,-1,1556,671,885
64,2006,541,0,541,-1,374
65,2006,376,0,376,216,160
66,2006,376,0,376,216,160
67,2006,251,69,320,264,57
9,2006,150,40,190,181,-1
68,2006,101,-1,130,-1,47
69,2006,-1,247,387,-1,318
0,2007,255682,88075,343756,168025,175731
1,2007,15188,18398,33586,14627,18959
2,2007,1222,-1,1537,-1,1253
3,2007,4218,-1,4845,2276,2569
4,2007,3239,2252,5491,4016,1476
5,2007,5527,-1,19392,6186,-1
6,2007,981,1340,2321,1865,-1
7,2007,1469,-1,1809,442,1367
8,2007,-1,-1,-1,-1,-1
9,2007,400,-1,542,-1,399
10,2007,90109,30122,120232,58735,61497
11,2007,15361,-1,23545,13415,10130
12,2007,8403,2961,11364,4901,6464
13,2007,7773,3309,11082,5152,5930
14,2007,4628,3556,8183,4346,3838
15,2007,17666,4876,22542,10462,12080
16,2007,10041,3287,13327,4290,9037
17,2007,18752,2816,21567,-1,10687
18,2007,3467,-1,4215,2453,1762
19,2007,3586,-1,3937,-1,1265
20,2007,-1,0,-1,-1,-1
78,2007,-1,-1,81,-1,-1
21,2007,110533,31238,141771,68093,73678
22,2007,8627,2441,11069,3380,7689
72,2007,10825,1496,12321,7810,4511
24,2007,1516,0,1516,-1,-1
25,2007,4503,0,4503,4503,0
26,2007,5974,2205,8179,4666,3514
15,2007,5915,1658,7574,2533,5041
27,2007,10616,-1,14901,7541,7360
28,2007,10060,2794,12855,6328,6527
29,2007,4554,2502,7056,3497,3559
30,2007,8788,5342,14130,7115,7015
31,2007,13467,3100,16567,7523,9044
32,2007,2512,-1,2689,-1,2055
33,2007,7197,-1,7702,3326,4377
34,2007,2003,-1,3652,1610,-1
77,2007,6299,2340,8639,2883,5756
75,2007,2323,-1,2461,1359,1102
76,2007,5352,606,5958,2339,3619
35,2007,1845,777,2622,1232,1390
36,2007,247,306,553,305,248
37,2007,-1,-1,804,-1,-1
38,2007,1107,-1,1265,621,644
39,2007,8940,616,9556,5907,3649
40,2007,1218,217,1435,1165,270
41,2007,6071,367,6437,3529,2909
42,2007,1346,-1,1378,1028,-1
79,2007,49,0,49,-1,-1
80,2007,257,0,257,165,-1
43,2007,27086,-1,33535,18650,14884
44,2007,-1,-1,-1,-1,-1
45,2007,2027,-1,2223,1641,-1
46,2007,-1,-1,-1,0,-1
47,2007,4094,0,4094,2611,-1
48,2007,-1,0,-1,-1,0
49,2007,1338,0,1338,886,-1
50,2007,-1,0,-1,-1,-1
51,2007,-1,0,-1,-1,0
52,2007,-1,-1,-1,-1,-1
53,2007,1978,-1,2743,1182,1562
73,2007,0,0,0,0,0
55,2007,214,0,214,-1,161
56,2007,-1,0,-1,-1,0
57,2007,118,-1,159,102,-1
58,2007,-1,0,-1,0,-1
59,2007,495,-1,587,410,177
60,2007,625,-1,708,621,-1
61,2007,-1,0,-1,-1,0
63,2007,0,0,0,0,0
74,2007,839,0,839,-1,-1
64,2007,1168,-1,1506,-1,1090
81,2007,0,0,0,0,0
82,2007,0,0,0,0,0
83,2007,0,0,0,0,0
84,2007,0,0,0,0,0
85,2007,0,0,0,0,0
65,2007,267,-1,287,203,-1
66,2007,267,-1,287,203,-1
69,2007,245,113,359,136,223
0,2008,327740,105011,432751,217387,215364
1,2008,11113,9313,20426,10609,9817
2,2008,1799,1090,2889,1070,1819
3,2008,2927,1984,4911,2621,2290
4,2008,1231,-1,2015,1351,664
5,2008,4005,5387,9393,4517,4876
6,2008,1150,-1,1218,1049,-1
7,2008,1781,-1,2461,869,1591
8,2008,-1,-1,-1,-1,-1
9,2008,1299,-1,1427,-1,-1
10,2008,119967,40495,160462,81604,78858
11,2008,8544,2385,10929,6813,4115
12,2008,5697,2309,8006,3183,4823
13,2008,18703,6328,25030,8675,16355
14,2008,19899,14202,34101,17303,16799
15,2008,26057,5303,31360,16774,14587
16,2008,12860,-1,18542,6839,11703
17,2008,8607,-1,10610,5699,4911
18,2008,3228,661,3889,1682,2207
19,2008,-1,-1,-1,-1,1777
20,2008,1615,-1,2443,899,1543
78,2008,-1,-1,102,63,-1
21,2008,154411,47485,201897,100066,101831
22,2008,7022,-1,7999,2636,5363
72,2008,9605,2118,11723,5859,5864
24,2008,2663,0,2663,1106,1556
25,2008,7120,-1,7432,6402,-1
26,2008,12774,5012,17786,9093,8694
15,2008,7430,3649,11080,3900,7180
27,2008,9522,3963,13484,8054,5431
28,2008,21390,4183,25572,11357,14215
29,2008,11572,3763,15335,7116,8219
30,2008,13448,2929,16376,9983,6393
31,2008,11473,7710,19182,9168,10015
32,2008,-1,-1,-1,-1,-1
33,2008,5469,2696,8165,3482,4683
34,2008,4447,-1,5183,3319,-1
77,2008,18612,6813,25426,11457,13968
75,2008,2943,-1,3073,1852,1221
76,2008,7099,897,7996,3708,4288
35,2008,2457,2511,4968,2730,2238
36,2008,1349,-1,2047,1122,-1
37,2008,-1,-1,-1,1152,-1
38,2008,-1,-1,1046,-1,-1
39,2008,8143,651,8794,4229,-1
40,2008,1348,-1,1653,-1,651
41,2008,5735,323,6058,2501,-1
42,2008,505,0,505,378,-1
79,2008,132,-1,142,56,87
80,2008,422,-1,436,293,143
43,2008,29008,3659,32667,16844,15823
44,2008,-1,-1,4179,2018,2161
45,2008,2967,-1,3189,1654,-1
46,2008,1002,0,1002,558,-1
47,2008,-1,-1,-1,2103,-1
48,2008,0,-1,-1,-1,0
49,2008,1578,0,1578,1578,0
50,2008,-1,-1,-1,-1,0
51,2008,413,0,413,413,0
52,2008,-1,-1,-1,-1,-1
53,2008,3285,0,3285,-1,921
73,2008,0,0,0,0,0
55,2008,-1,0,-1,-1,-1
56,2008,-1,0,-1,0,-1
57,2008,286,-1,364,162,202
58,2008,-1,0,-1,0,-1
59,2008,-1,-1,302,224,-1
60,2008,-1,-1,-1,-1,0
61,2008,-1,0,-1,-1,0
63,2008,-1,0,-1,-1,0
74,2008,2877,-1,3555,1182,2373
64,2008,2284,325,2609,791,1818
81,2008,0,0,0,0,0
82,2008,0,0,0,0,0
83,2008,0,0,0,0,0
84,2008,0,0,0,0,0
85,2008,0,0,0,0,0
65,2008,333,-1,354,179,175
66,2008,333,-1,354,179,175
69,2008,526,196,722,254,468
0,2009,294763,57594,352357,181204,171154
1,2009,22255,10095,32350,15280,17070
7,2009,1825,-1,2048,1075,974
10,2009,108589,17878,126467,67100,59366
21,2009,130506,24246,154752,79489,75263
35,2009,2533,785,3317,1981,1337
39,2009,7406,389,7794,4757,3038
43,2009,21008,3860,24868,11098,13771
81,2009,-1,0,-1,-1,0
65,2009,325,-1,346,288,-1
69,2009,250,-1,349,-1,279
0,2010,366931,76859,443790,223533,220257
1,2010,19056,8747,27804,13801,14003
2,2010,3796,949,4745,2722,2023
3,2010,6903,-1,7410,2663,4747
4,2010,1479,1185,2663,1479,1185
5,2010,4704,4908,9612,5504,4108
6,2010,2175,-1,3374,1433,-1
7,2010,3138,-1,3525,1164,2361
8,2010,-1,0,-1,-1,-1
9,2010,-1,-1,1620,377,-1
10,2010,133864,36564,170428,83118,87310
11,2010,17291,5915,23206,12687,10519
12,2010,16716,4078,20794,8441,12353
13,2010,8697,2340,11038,4043,6995
14,2010,15979,4269,20248,10596,9651
15,2010,17528,8035,25563,12699,12863
16,2010,23052,6414,29466,12100,17366
17,2010,16414,2298,18713,7678,11034
18,2010,4403,1829,6232,3069,3163
19,2010,13233,1089,14322,-1,2672
20,2010,539,-1,750,-1,-1
78,2010,-1,86,98,49,-1
21,2010,165026,24903,189928,93843,96085
22,2010,8943,-1,9743,4415,5328
72,2010,15050,834,15884,9092,6792
24,2010,5644,-1,6067,2913,3155
25,2010,12341,0,12341,-1,-1
26,2010,5844,-1,7384,3044,4340
15,2010,7817,2040,9857,3169,6688
27,2010,9807,2791,12598,8781,3817
28,2010,17142,3653,20795,8662,12133
29,2010,13741,2343,16084,7078,9006
30,2010,20273,-1,22255,13387,8868
31,2010,15134,3056,18190,9679,8511
32,2010,2827,-1,3738,-1,3282
33,2010,7570,-1,8740,2423,6318
34,2010,2416,1097,3513,1212,2300
77,2010,7058,-1,8821,2985,5836
75,2010,6477,0,6477,3371,3106
76,2010,6942,-1,7442,4228,3214
35,2010,1929,1064,2992,2165,828
36,2010,813,-1,1125,665,460
37,2010,-1,-1,-1,-1,291
38,2010,970,-1,1141,1065,-1
39,2010,18324,1613,19937,11958,7979
40,2010,2507,-1,3461,2288,1172
41,2010,11093,-1,11610,6142,5467
42,2010,2738,-1,2838,-1,-1
79,2010,0,0,0,0,0
80,2010,1987,-1,2029,1001,1028
43,2010,24505,3265,27770,16456,11314
44,2010,2784,-1,4329,2039,-1
45,2010,3778,936,4715,1626,3088
46,2010,1222,0,1222,765,457
47,2010,-1,0,-1,-1,0
48,2010,-1,0,-1,-1,0
49,2010,3337,-1,3566,3091,-1
50,2010,-1,-1,-1,-1,-1
51,2010,0,0,0,0,0
52,2010,-1,0,-1,-1,0
53,2010,4201,-1,4471,2553,1918
73,2010,0,0,0,0,0
55,2010,272,0,272,-1,152
56,2010,-1,0,-1,-1,-1
57,2010,179,0,179,113,67
58,2010,-1,-1,-1,-1,-1
59,2010,600,-1,663,430,-1
60,2010,376,0,376,376,0
61,2010,-1,0,-1,-1,-1
63,2010,-1,0,-1,-1,0
74,2010,1631,0,1631,-1,938
64,2010,1624,0,1624,-1,1268
81,2010,-1,0,-1,-1,0
82,2010,-1,0,-1,-1,0
83,2010,0,0,0,0,0
84,2010,0,0,0,0,0
85,2010,0,0,0,0,0
65,2010,365,-1,390,342,-1
66,2010,365,-1,390,342,-1
69,2010,194,292,486,157,329
0,2011,380977,110014,490991,226851,264140
1,2011,16537,10649,27187,15286,11901
2,2011,3505,1784,5289,2245,3044
3,2011,4277,2662,6940,3460,3479
4,2011,1263,2752,4015,2647,-1
5,2011,4813,1830,6643,4057,2586
6,2011,2679,1621,4301,2877,1424
7,2011,2139,-1,2605,907,1697
8,2011,-1,-1,2404,847,-1
9,2011,-1,0,-1,-1,-1
10,2011,135169,42106,177275,75931,101344
11,2011,20996,3218,24214,12544,11671
12,2011,11950,2187,14137,5780,8357
13,2011,8846,4625,13471,5244,8227
14,2011,14605,8250,22855,8255,14600
15,2011,17135,9025,26160,15986,10174
16,2011,27824,9243,37068,13218,23850
17,2011,21902,2878,24779,7592,17188
18,2011,4872,-1,6508,2527,3981
19,2011,-1,0,-1,-1,-1
20,2011,2046,1017,3062,1434,1628
78,2011,39,28,68,38,-1
21,2011,185307,42906,228213,102198,126015
22,2011,8302,-1,9905,4856,5049
72,2011,11932,-1,12421,6017,6405
24,2011,2700,-1,3152,1826,1326
25,2011,7419,-1,8265,4538,3727
26,2011,13904,3157,17060,6347,10714
15,2011,10671,2982,13652,5041,8611
27,2011,11787,6170,17957,9650,8307
28,2011,24190,5087,29277,11742,17534
29,2011,12323,2415,14738,8458,6281
30,2011,23358,3731,27089,7078,20012
31,2011,8955,3634,12589,6947,5642
32,2011,2849,2728,5576,2850,2726
33,2011,15696,2438,18134,7179,10955
34,2011,3699,-1,4914,1466,3448
77,2011,15553,4763,20315,11238,9077
75,2011,5904,508,6412,3619,2793
76,2011,6064,690,6754,3346,3408
35,2011,1346,7375,8721,4640,4081
36,2011,239,126,365,161,204
37,2011,-1,-1,-1,-1,-1
38,2011,-1,7062,8016,4375,3641
39,2011,11664,524,12188,8091,4097
40,2011,2520,524,3044,2735,-1
41,2011,6949,0,6949,3694,3255
42,2011,1044,0,1044,1029,-1
80,2011,1151,0,1151,633,518
43,2011,27684,5595,33279,18987,14291
44,2011,3742,906,4648,2647,-1
45,2011,2519,-1,3489,1010,2479
46,2011,1094,-1,1323,1063,-1
47,2011,3615,-1,4246,3633,-1
48,2011,-1,-1,-1,-1,0
49,2011,3347,0,3347,3122,-1
50,2011,-1,-1,-1,-1,-1
51,2011,772,-1,821,676,-1
52,2011,-1,0,-1,-1,0
53,2011,-1,-1,2399,-1,-1
73,2011,-1,-1,591,488,-1
55,2011,124,0,124,-1,-1
56,2011,-1,-1,-1,-1,-1
57,2011,164,-1,212,151,-1
58,2011,-1,0,-1,0,-1
59,2011,405,249,654,294,360
60,2011,-1,0,-1,-1,0
61,2011,-1,-1,-1,0,-1
63,2011,-1,0,-1,-1,0
74,2011,2755,-1,3015,715,2300
64,2011,1264,-1,1547,-1,1372
81,2011,-1,-1,-1,-1,-1
82,2011,-1,0,-1,-1,0
83,2011,0,0,0,0,0
84,2011,0,0,0,0,0
85,2011,0,-1,-1,0,-1
65,2011,604,194,798,543,255
66,2011,604,194,798,543,255
69,2011,476,189,665,216,449
0,2012,335417,98277,445311,200057,245254
1,2012,25306,10830,36136,19977,16159
2,2012,8258,2876,11134,5960,5174
3,2012,7581,4748,12329,6334,5996
4,2012,2307,-1,3160,1819,1341
5,2012,5363,1236,6600,4101,2499
6,2012,1796,-1,2913,1764,1150
7,2012,4034,1166,5200,2558,2641
8,2012,3761,-1,4496,2040,2456
9,2012,-1,-1,704,519,-1
10,2012,131272,30508,173396,72496,100901
11,2012,18485,6095,24580,10192,14388
12,2012,7637,-1,20913,7464,13450
13,2012,6329,3504,9832,4020,5812
14,2012,11349,2482,13831,5913,7918
15,2012,21825,6838,28663,13294,15369
16,2012,30603,4411,35014,13951,21063
17,2012,19865,3135,22999,8214,14786
18,2012,3522,444,3965,1632,2334
19,2012,10641,-1,11862,7178,4684
20,2012,816,-1,1404,457,947
78,2012,199,133,332,181,151
21,2012,142629,41430,184059,81034,103025
22,2012,7737,1672,9408,2764,6644
72,2012,6158,1115,7272,4069,3203
24,2012,5184,-1,5744,3528,2216
25,2012,4684,-1,5416,2117,3299
26,2012,8626,1279,9905,4342,5563
15,2012,13591,2420,16011,6694,9317
27,2012,11976,7084,19060,10129,8931
28,2012,17400,6235,23635,8619,15016
29,2012,18926,4267,23194,8610,14584
30,2012,11525,2105,13630,7326,6303
31,2012,8617,5324,13941,6568,7373
32,2012,2725,1247,3973,1833,2139
33,2012,5609,1742,7350,2599,4752
34,2012,-1,-1,1395,878,-1
77,2012,8463,-1,12446,4720,7726
75,2012,5087,-1,5345,3635,1711
76,2012,5285,1048,6333,2603,3730
35,2012,1004,847,1851,644,1207
36,2012,555,-1,760,311,449
37,2012,-1,-1,412,-1,-1
38,2012,234,-1,679,-1,-1
39,2012,12179,1427,13606,7794,5812
40,2012,2879,443,3321,2342,979
41,2012,6179,775,6954,2658,4296
42,2012,2180,-1,2390,-1,-1
80,2012,941,0,941,608,333
43,2012,17983,11782,29765,14928,14837
44,2012,-1,1899,3351,1708,-1
45,2012,4182,-1,4937,-1,4112
46,2012,1457,-1,1598,1478,-1
47,2012,-1,-1,5294,-1,-1
48,2012,-1,0,-1,-1,0
49,2012,1701,0,1701,1220,-1
50,2012,-1,-1,-1,-1,-1
51,2012,339,0,339,-1,-1
52,2012,-1,-1,-1,-1,-1
53,2012,-1,-1,1783,-1,-1
73,2012,-1,0,-1,-1,0
55,2012,245,-1,-1,-1,-1
60,2012,-1,0,-1,-1,-1
61,2012,-1,-1,-1,-1,-1
63,2012,-1,0,-1,-1,0
74,2012,-1,-1,1561,-1,-1
64,2012,941,-1,1353,-1,1037
86,2012,1233,-1,1603,-1,1098
81,2012,-1,0,-1,-1,0
82,2012,-1,0,-1,-1,0
83,2012,0,0,0,0,0
84,2012,0,0,0,0,0
85,2012,0,0,0,0,0
65,2012,451,-1,513,291,222
66,2012,451,-1,513,291,222
69,2012,378,224,603,154,449
0,2013,315183,118475,433658,199286,234372
1,2013,21384,12328,33712,16437,17275
2,2013,8316,5993,14309,5995,8314
3,2013,4763,1345,6108,2402,3707
4,2013,3073,1506,4579,3197,1382
5,2013,3095,-1,5331,-1,3115
6,2013,2137,1248,3385,2628,757
7,2013,6139,8115,14255,4820,9435
8,2013,5916,7957,13873,4820,9053
9,2013,-1,-1,-1,0,-1
10,2013,124158,46603,170761,74157,96604
11,2013,16150,5998,22147,11326,10822
12,2013,13709,2951,16660,4999,11661
13,2013,8184,4011,12194,4883,7312
14,2013,22500,3822,26322,10444,15878
15,2013,17452,11982,29434,13500,15934
16,2013,20355,9879,30234,13650,16583
17,2013,13665,5683,19348,6764,12584
18,2013,3210,895,4105,2320,1785
19,2013,6961,-1,7514,5515,1999
20,2013,1919,-1,2650,722,1928
78,2013,53,-1,152,35,117
21,2013,127346,38845,166191,79356,86835
22,2013,8595,-1,9191,4515,4675
72,2013,4364,857,5222,2949,2273
24,2013,4254,-1,4444,1962,2482
25,2013,8665,-1,9454,4941,4513
26,2013,7690,2773,10463,5908,4555
15,2013,11234,5129,16362,4460,11902
27,2013,11929,3151,15079,8220,6859
28,2013,11511,4948,16459,4447,12012
29,2013,10202,2975,13178,6338,6840
30,2013,10100,6619,16718,9705,7014
31,2013,10062,2420,12481,5973,6509
32,2013,1146,-1,1405,-1,-1
33,2013,7584,2151,9735,6067,3667
34,2013,-1,-1,3576,-1,1865
77,2013,6623,3554,10177,5203,4974
75,2013,5688,-1,6970,4027,2943
76,2013,4628,-1,5278,2160,3119
35,2013,1404,1312,2716,1812,904
36,2013,-1,-1,-1,-1,-1
37,2013,-1,-1,1270,817,453
38,2013,671,-1,917,672,-1
39,2013,10429,2734,13163,8256,4907
40,2013,2736,1030,3767,2656,1110
41,2013,5300,1189,6489,3014,3474
42,2013,1555,469,2024,1909,-1
80,2013,839,-1,884,676,208
43,2013,23214,8358,31572,13675,17897
44,2013,2142,2597,4739,2544,2195
45,2013,4068,-1,4664,-1,3430
46,2013,934,0,934,-1,-1
47,2013,-1,-1,-1,-1,0
48,2013,-1,-1,-1,-1,0
49,2013,1410,0,1410,979,-1
50,2013,4631,-1,-1,-1,3045
51,2013,-1,0,-1,-1,0
52,2013,-1,-1,-1,-1,-1
53,2013,-1,0,-1,0,-1
73,2013,-1,-1,-1,-1,0
55,2013,-1,-1,156,-1,-1
60,2013,-1,0,-1,-1,0
61,2013,-1,0,-1,-1,0
63,2013,-1,0,-1,-1,-1
74,2013,1250,-1,1417,-1,1227
64,2013,1229,311,1540,344,1196
86,2013,662,0,662,662,0
81,2013,-1,0,-1,-1,0
82,2013,-1,0,-1,-1,0
83,2013,0,0,0,0,0
84,2013,-1,0,-1,-1,0
85,2013,0,0,0,0,0
65,2013,646,0,646,481,-1
66,2013,646,0,646,481,-1
69,2013,331,179,511,160,351
0,2014,336071,90869,426940,203062,223878
1,2014,19130,11138,30268,14121,16147
2,2014,4419,5181,9600,4417,5183
3,2014,6301,-1,7793,2895,4898
4,2014,3410,864,4274,2552,1722
5,2014,1970,2372,4342,1578,2764
6,2014,3030,1230,4259,2679,1581
7,2014,2724,2905,5629,3401,-1
8,2014,-1,-1,-1,-1,-1
9,2014,-1,-1,2070,1499,-1
10,2014,126724,37337,164060,75892,88168
11,2014,13105,3844,16949,9784,7165
12,2014,13792,-1,14628,3544,11084
13,2014,9858,2639,12497,5587,6909
14,2014,20412,5100,25513,11017,14496
15,2014,17666,14602,32269,18493,13776
16,2014,19797,3913,23710,9843,13868
17,2014,18822,3294,22116,8974,13142
18,2014,3042,1614,4656,2360,2296
19,2014,7969,-1,8151,5214,2937
20,2014,2187,-1,3390,961,2429
78,2014,73,107,180,115,65
21,2014,140276,32188,172464,78246,94218
22,2014,7477,-1,8040,4156,3884
72,2014,10819,1843,12662,-1,4336
24,2014,3585,-1,4818,2531,2287
25,2014,6688,-1,7163,3829,3333
26,2014,9398,2938,12336,5587,6749
15,2014,8315,-1,10983,4647,6336
27,2014,11745,4019,15764,6958,8806
28,2014,18532,6443,24975,8453,16522
29,2014,8557,2368,10925,5535,5390
30,2014,10942,-1,12309,5516,6794
31,2014,7524,2773,10297,4682,5615
32,2014,972,-1,1094,-1,-1
33,2014,8415,1234,9649,4276,5373
34,2014,5853,-1,6995,-1,4560
77,2014,12851,1456,14307,5683,8624
75,2014,4228,-1,4852,2775,2077
76,2014,4376,919,5295,2443,2851
35,2014,-1,1135,-1,1795,-1
36,2014,-1,-1,138,-1,-1
37,2014,-1,962,-1,1363,-1
38,2014,-1,-1,-1,-1,-1
39,2014,21137,1137,22273,16839,5435
40,2014,-1,-1,-1,-1,-1
41,2014,6073,-1,6585,3803,2783
42,2014,3246,291,3536,3300,-1
80,2014,420,-1,437,273,164
43,2014,22632,4854,27486,12336,15150
44,2014,1816,-1,2850,-1,2206
45,2014,6203,0,6203,2122,4081
46,2014,883,-1,1268,1145,-1
47,2014,-1,0,-1,-1,0
48,2014,0,-1,-1,-1,0
49,2014,-1,-1,-1,-1,-1
50,2014,-1,-1,-1,-1,-1
51,2014,481,0,481,481,0
52,2014,0,-1,-1,-1,0
53,2014,5172,-1,5500,2297,3203
73,2014,-1,0,-1,-1,0
55,2014,154,-1,187,-1,-1
60,2014,-1,0,-1,-1,0
61,2014,-1,0,-1,-1,-1
63,2014,-1,0,-1,-1,0
74,2014,1820,1038,2858,921,1937
64,2014,1622,0,1622,376,1246
86,2014,1029,0,1029,669,-1
81,2014,-1,0,-1,-1,0
82,2014,0,0,0,0,0
83,2014,0,0,0,0,0
84,2014,-1,0,-1,-1,0
85,2014,0,0,0,0,0
65,2014,239,-1,277,180,-1
66,2014,239,-1,277,180,-1
69,2014,-1,-1,597,-1,365
0,2015,342795,102757,455617,210521,245096
1,2015,22929,11790,35308,19794,15514
2,2015,7247,3175,10422,5598,4824
3,2015,7549,1258,8808,4337,4471
4,2015,2713,1510,4349,1863,2487
5,2015,4500,4754,9716,6593,3123
6,2015,920,1093,2013,1404,-1
7,2015,7600,6906,14505,6382,8123
8,2015,-1,-1,-1,-1,4776
9,2015,4474,-1,6523,3175,3348
10,2015,139336,45937,187440,84440,103000
11,2015,23500,5235,28735,15921,12814
12,2015,8903,-1,12357,3417,8941
13,2015,7194,4810,12004,4595,7409
14,2015,13886,-1,17804,9004,8800
15,2015,19870,8141,28012,15271,12740
16,2015,28711,7202,35913,13737,22176
17,2015,24447,-1,35927,14959,20967
18,2015,4160,1439,5599,2567,3032
19,2015,7668,-1,9277,4037,5241
20,2015,894,693,1587,877,710
78,2015,103,92,224,55,170
21,2015,132718,30189,169113,75160,93953
22,2015,5719,-1,6145,3529,2616
72,2015,10502,0,10502,6168,4334
24,2015,4117,-1,5019,1835,3184
25,2015,7682,-1,8085,3158,4927
26,2015,14027,3046,17073,7611,9462
15,2015,9440,2118,11558,4772,6787
27,2015,8860,6942,15802,7366,8436
28,2015,8898,5351,14249,3871,10379
29,2015,5340,1726,7419,3448,3971
30,2015,9549,-1,11542,5728,5814
31,2015,9937,1315,12051,5549,6502
32,2015,3711,1662,5700,2475,3225
33,2015,7711,-1,8464,3258,5206
34,2015,3452,-1,3725,-1,1849
77,2015,13548,3809,20481,6220,14260
75,2015,4247,0,4290,3619,670
76,2015,5979,1030,7009,4678,2331
35,2015,1838,749,3322,1637,1684
36,2015,426,368,968,497,471
37,2015,1011,-1,1769,556,-1
38,2015,-1,-1,-1,-1,0
39,2015,16077,1932,18009,10981,7028
40,2015,5011,-1,6270,5035,1235
41,2015,9140,615,9755,4084,5672
42,2015,1614,-1,1656,1601,-1
80,2015,312,-1,328,262,66
43,2015,20416,4672,25309,10923,14385
44,2015,2417,-1,-1,-1,-1
45,2015,4472,-1,5367,1629,3738
46,2015,1072,0,1072,798,-1
47,2015,-1,0,-1,-1,0
48,2015,0,0,0,0,0
49,2015,-1,0,-1,-1,-1
50,2015,-1,-1,-1,-1,-1
51,2015,-1,-1,-1,-1,0
52,2015,0,0,0,0,0
53,2015,2693,0,2693,1281,-1
73,2015,-1,0,-1,-1,0
55,2015,365,0,365,-1,250
60,2015,0,0,0,0,0
61,2015,-1,0,-1,-1,-1
63,2015,-1,0,-1,-1,0
74,2015,3423,695,4118,1642,2476
64,2015,903,-1,978,377,601
86,2015,1691,-1,1950,727,1224
81,2015,-1,-1,-1,-1,-1
82,2015,-1,-1,-1,-1,0
83,2015,0,0,0,0,0
84,2015,-1,0,-1,-1,-1
85,2015,0,0,0,0,0
65,2015,425,-1,680,482,198
66,2015,425,-1,680,482,198
69,2015,1271,-1,1710,530,1180
0,2016,366304,116054,482358,222975,259384
1,2016,28176,13576,41752,20681,21070
2,2016,9828,5450,15278,6618,8660
3,2016,7321,-1,9272,4721,4551
4,2016,4025,1590,5614,2993,2621
5,2016,5909,3167,9076,5053,4023
6,2016,-1,1419,2511,1297,1214
7,2016,10196,-1,16614,7039,-1
8,2016,-1,-1,-1,-1,-1
9,2016,-1,-1,-1,6343,-1
10,2016,147253,44018,191271,85671,105600
11,2016,26423,2322,28745,15183,13561
12,2016,19531,7899,27430,7591,19839
13,2016,4698,2061,6759,2359,4400
14,2016,18392,3204,21595,10210,11386
15,2016,14060,9022,23082,13474,9608
16,2016,23928,8125,32054,15336,16717
17,2016,27930,-1,36933,15672,-1
18,2016,4034,1625,5658,1905,3753
19,2016,5960,-1,6488,3314,3174
20,2016,2212,-1,2325,-1,1741
78,2016,87,-1,204,42,162
21,2016,134141,38870,173010,77394,95616
22,2016,4967,1379,6346,2807,3539
72,2016,11224,1284,12508,8895,3613
24,2016,5216,-1,6297,2455,3842
25,2016,6039,0,6039,-1,3592
26,2016,10891,3824,14715,7110,7605
15,2016,8335,2412,10748,1760,8987
27,2016,8775,6834,15609,5206,10403
28,2016,13054,5872,18926,8982,9944
29,2016,11663,-1,12898,5020,7878
30,2016,8098,2503,10601,2543,8058
31,2016,12242,-1,15729,7429,8300
32,2016,1922,-1,2290,-1,932
33,2016,6589,-1,8093,3112,4981
34,2016,-1,-1,-1,-1,-1
77,2016,5904,-1,6410,3430,2980
75,2016,4521,-1,4889,2908,1981
76,2016,5652,716,6369,2622,3747
35,2016,3295,-1,-1,-1,2852
36,2016,495,401,896,377,518
37,2016,-1,-1,1113,881,-1
38,2016,-1,-1,-1,-1,-1
39,2016,13569,1962,15531,10398,5133
40,2016,3466,1699,5165,4229,-1
41,2016,8130,-1,8349,4626,3723
42,2016,1430,-1,1475,1304,171
80,2016,542,0,542,240,302
43,2016,26905,7616,34521,16894,17627
44,2016,2350,-1,3959,1576,2383
45,2016,5809,-1,6639,2399,4240
46,2016,770,-1,1172,1058,-1
47,2016,0,0,0,0,0
48,2016,-1,-1,-1,-1,0
49,2016,1548,-1,1838,1597,-1
50,2016,3234,-1,3553,2309,1244
51,2016,-1,-1,-1,-1,0
52,2016,-1,0,-1,-1,-1
53,2016,5409,-1,5684,2484,-1
73,2016,-1,-1,-1,-1,-1
55,2016,326,-1,484,-1,353
60,2016,-1,-1,-1,-1,-1
61,2016,-1,0,-1,-1,-1
63,2016,0,0,0,0,0
74,2016,3412,-1,5561,2756,2805
64,2016,1602,-1,2536,-1,1848
86,2016,834,-1,950,-1,718
81,2016,-1,0,-1,-1,0
82,2016,-1,0,-1,-1,0
83,2016,0,0,0,0,0
84,2016,-1,0,-1,-1,0
85,2016,0,0,0,0,0
65,2016,610,-1,712,342,370
66,2016,610,-1,712,342,370
69,2016,1922,332,2254,713,1541
0,2017,374321,106451,480772,223126,257646
1,2017,21655,24794,46449,29873,16576
7,2017,13108,4842,17950,-1,10496
10,2017,115123,30634,145757,62562,83195
21,2017,144516,24662,169178,76414,92764
35,2017,-1,-1,5934,-1,-1
39,2017,13151,1232,14383,6379,8004
43,2017,61898,15869,77768,37430,40338
81,2017,-1,0,-1,-1,0
65,2017,1982,-1,2129,1619,-1
69,2017,-1,-1,683,353,-1
0,2018,441620,137465,579085,277642,301443
1,2018,25987,10812,36799,17984,18814
7,2018,27288,35858,63146,24795,38351
10,2018,160999,50253,211252,84817,126436
21,2018,174424,29367,203791,115103,88688
35,2018,-1,-1,5934,-1,-1
39,2018,14289,1260,15548,8282,7266
43,2018,35686,5664,41351,25517,15834
81,2018,-1,0,-1,-1,-1
65,2018,-1,-1,517,451,-1
69,2018,555,-1,575,-1,499
0,2019,321045,183448,504494,262965,241528
1,2019,19272,16986,36258,18499,17759
2,2019,8449,-1,15882,6781,-1
3,2019,2740,-1,3946,3101,-1
4,2019,2351,1614,3965,1272,2693
5,2019,1452,802,2254,-1,1252
6,2019,2079,978,3057,2319,-1
87,2019,2200,4953,7153,4023,3130
7,2019,8861,8401,17262,12719,4543
8,2019,-1,-1,-1,-1,-1
88,2019,5441,1385,6826,4748,2078
9,2019,-1,-1,-1,-1,-1
89,2019,-1,-1,407,358,-1
90,2019,-1,-1,-1,-1,-1
10,2019,115393,77033,192426,86392,106034
11,2019,10329,4162,14492,4687,9804
12,2019,9247,7993,17240,7076,10164
13,2019,8319,2743,11062,3687,7375
14,2019,7675,-1,14201,5156,9046
15,2019,9468,16823,26292,13032,13259
16,2019,27400,12717,40118,23522,16596
17,2019,15736,5532,21268,8041,13227
18,2019,5533,2905,8437,4513,3924
19,2019,2190,2403,4593,2932,1660
20,2019,1532,1673,3205,-1,2208
91,2019,16194,13115,29309,10960,18349
111,2019,1769,-1,2210,1789,-1
21,2019,124852,57251,182103,95561,86542
22,2019,12832,3445,16277,8015,8262
72,2019,6121,2560,8681,5619,3062
93,2019,-1,-1,4652,2514,-1
25,2019,10439,-1,13501,7091,-1
26,2019,13524,7006,20530,10992,9538
15,2019,9556,3476,13032,3891,9141
94,2019,4106,2142,6248,3584,2664
28,2019,8839,4447,13286,8911,-1
29,2019,9244,6429,15672,6768,8905
30,2019,11547,4668,16214,5952,10263
31,2019,3330,-1,5809,4156,1653
32,2019,-1,-1,-1,-1,-1
33,2019,2911,3257,6168,2016,4152
34,2019,0,0,0,0,0
95,2019,0,-1,-1,-1,0
71,2019,6467,3417,9884,4321,5563
96,2019,2960,-1,6102,-1,-1
97,2019,-1,-1,-1,-1,-1
76,2019,15616,-1,18122,16156,1966
98,2019,-1,-1,1334,-1,-1
35,2019,13528,5157,18685,11581,7104
99,2019,-1,-1,618,534,-1
100,2019,-1,-1,-1,-1,-1
101,2019,0,-1,-1,-1,0
102,2019,0,0,0,0,0
103,2019,0,0,0,0,0
104,2019,0,2844,2844,1258,1586
105,2019,0,504,504,379,125
106,2019,-1,-1,6271,3399,-1
38,2019,6904,-1,7104,5110,-1
107,2019,0,51,51,0,51
108,2019,515,-1,571,318,-1
39,2019,8868,-1,9348,5272,4077
40,2019,5086,-1,5523,3034,2489
41,2019,-1,0,-1,-1,-1
42,2019,2158,0,2158,-1,-1
80,2019,316,-1,359,126,233
43,2019,29058,-1,46132,31605,14526
44,2019,-1,0,-1,-1,0
45,2019,5717,-1,6964,5346,-1
46,2019,939,-1,1417,1417,0
47,2019,-1,-1,-1,-1,-1
48,2019,-1,0,-1,-1,0
49,2019,-1,-1,-1,-1,-1
50,2019,-1,0,-1,-1,-1
51,2019,-1,-1,-1,-1,0
52,2019,0,0,0,0,0
53,2019,10169,-1,12151,6306,-1
73,2019,0,-1,-1,0,-1
55,2019,-1,0,-1,-1,-1
86,2019,-1,-1,4039,-1,-1
64,2019,1011,-1,1116,-1,1015
60,2019,-1,0,-1,0,-1
61,2019,-1,-1,-1,-1,-1
63,2019,-1,0,-1,-1,0
109,2019,-1,-1,-1,-1,-1
81,2019,-1,0,-1,-1,0
82,2019,-1,0,-1,-1,0
83,2019,0,0,0,0,0
84,2019,0,0,0,0,0
85,2019,0,0,0,0,0
65,2019,-1,456,0,0,0
65,2019,-1,456,0,0,0
69,2019,996,610,0,0,0
69,2019,996,610,0,0,0
0,2020,411553,1629808,630603,323831,306772
1,2020,19272,92980,36258,18499,17759
2,2020,8449,-1,15882,6781,-1
3,2020,2740,20263,3946,3101,-1
4,2020,2351,28416,3965,1272,2693
5,2020,1452,12102,2254,-1,1252
6,2020,2079,-1,3057,2319,-1
110,2020,2200,12667,7153,4023,3130
7,2020,8570,480930,20146,10109,10037
8,2020,2385,174711,3707,1779,1928
88,2020,1764,49457,6568,4295,2273
9,2020,2411,105686,4884,2188,2696
89,2020,1511,88634,3081,1057,2024
90,2020,498,62443,1906,790,1116
10,2020,187023,260971,274831,131660,143171
11,2020,4952,22186,12202,5361,6841
12,2020,20975,30102,29566,12033,17533
13,2020,10338,14920,16352,8819,7533
14,2020,19873,30627,27448,15167,12281
15,2020,34895,56331,49853,21835,28017
16,2020,26232,29695,43013,24791,18222
17,2020,31393,35473,44493,15885,28608
18,2020,4379,8964,6357,2149,4208
19,2020,5230,5964,7677,4183,3494
20,2020,2589,-1,4247,2184,2063
91,2020,22798,22960,29435,15323,14112
111,2020,3369,-1,4189,3931,-1
21,2020,137284,324632,199310,109476,89834
22,2020,9661,-1,15749,-1,8023
112,2020,6823,10563,7806,3480,4326
93,2020,6184,8938,6184,3684,-1
25,2020,18704,29951,22359,13270,9089
26,2020,10950,54382,14758,6787,7970
15,2020,13272,-1,19458,8878,10580
27,2020,4252,11623,6830,3380,3450
28,2020,5063,20276,15724,-1,5901
29,2020,5309,-1,7461,2583,4877
30,2020,11900,13897,19499,10998,8501
31,2020,3375,4151,4859,4138,-1
32,2020,-1,-1,-1,-1,-1
33,2020,4377,3651,6758,-1,4765
34,2020,-1,-1,-1,-1,-1
95,2020,-1,3080,-1,-1,0
71,2020,6723,24154,12414,6965,5449
77,2020,5902,-1,7287,2982,-1
97,2020,-1,-1,-1,-1,-1
76,2020,6700,1697,9140,7262,1878
98,2020,1134,5522,1556,552,-1
113,2020,-1,-1,4581,2504,-1
35,2020,9587,350601,39072,16790,22282
99,2020,-1,6936,556,-1,-1
100,2020,0,9755,-1,-1,-1
101,2020,0,-1,-1,0,-1
102,2020,409,7734,1807,1041,766
103,2020,-1,8757,-1,-1,-1
104,2020,2715,39390,-1,6378,-1
105,2020,0,-1,-1,-1,0
106,2020,3173,96273,7140,3484,3656
38,2020,2883,101687,-1,2977,-1
107,2020,-1,70764,3845,2216,1628
108,2020,-1,4314,-1,-1,-1
39,2020,8970,3520,10994,7921,3073
41,2020,5325,-1,5544,3369,2175
40,2020,-1,-1,2754,2754,0
42,2020,-1,-1,-1,-1,-1
80,2020,538,789,662,431,230
43,2020,36080,107514,44435,24657,19779
44,2020,5391,17157,5843,3307,-1
45,2020,10580,3946,11932,5815,6116
46,2020,3092,3238,3592,3102,-1
48,2020,-1,-1,-1,-1,0
49,2020,-1,-1,-1,-1,0
50,2020,-1,7879,-1,-1,-1
51,2020,0,4417,0,0,0
52,2020,-1,17412,-1,-1,0
53,2020,-1,13488,-1,-1,-1
73,2020,-1,9101,-1,-1,0
55,2020,338,470,411,273,138
86,2020,-1,1871,-1,-1,-1
64,2020,2771,3148,3631,1522,2109
60,2020,-1,-1,-1,970,-1
61,2020,-1,-1,-1,0,-1
63,2020,-1,-1,-1,-1,0
109,2020,3310,18194,6623,2404,4219
47,2020,-1,-1,-1,-1,0
81,2020,-1,1047,-1,-1,-1
82,2020,-1,0,-1,-1,-1
83,2020,0,-1,-1,-1,0
84,2020,0,-1,0,0,0
85,2020,0,-1,0,0,0
65,2020,1023,-1,1109,917,-1
69,2020,-1,4944,831,-1,624
