id,year,total_laying_hens_indigenous,avg_indigenous_egg_period_peryear,avg_period_length_indigenous,avg_indigenous_egg_period_perhen,total_egg_prod_indigenous,total_laying_hens_hybrid,avg_hybrid_egg_period_peryear,avg_period_length_hybrid,avg_hybrid_egg_period_perhen,total_egg_prod_hybrid,total_laying_hens_exotic,avg_exotic_egg_period_peryear,avg_period_length_exotic,avg_exotic_egg_period_perhen,total_egg_prod_exotic,
0,2016,17352213,4,21,12,92692202,1044820,5,42,35,12747424,1515251,0,159,137,22126477
1,2016,1315399,4,21,12,8273718,201628,5,34,26,2225380,488288,0,180,158,8735031
2,2016,450282,3,19,12,2167625,70512,3,28,22,472343,109154,0,141,129,1802358
3,2016,294756,5,21,12,1990998,47135,6,26,18,544189,134904,0,194,171,2503269
4,2016,197260,6,23,13,1674646,40647,6,48,32,525911,102455,0,194,161,1880519
5,2016,215175,5,23,13,1694904,22362,9,51,41,494177,107767,0,197,176,2067432
6,2016,157927,4,20,12,745545,20971,4,32,26,188760,34008,0,142,127,481453
7,2016,35480,4,23,12,206253,-1,-1,-1,-1,-1,-1,0,-1,-1,-1
8,2016,0,0,0,0,0,0,0,0,0,0,0,0,0,0,0
9,2016,35480,4,23,12,206253,-1,-1,-1,-1,-1,-1,0,-1,-1,-1
10,2016,5110976,4,22,12,28696316,350752,5,35,28,3978751,642860,0,168,142,9040603
11,2016,1243286,3,20,12,5677930,39853,4,22,18,326310,74355,0,190,152,1233347
12,2016,539037,4,22,12,2588424,36549,6,30,24,466577,50674,0,244,205,1070457
13,2016,307343,4,23,12,1520020,9328,3,-1,-1,-1,56594,0,111,99,611415
14,2016,576809,4,23,12,3560559,53001,4,30,25,523513,170091,0,129,113,1710473
15,2016,692184,5,22,12,4340538,63181,5,33,22,686351,134086,0,188,159,2144232
16,2016,412407,5,25,14,3531692,49890,6,52,44,837605,40665,0,167,139,668299
17,2016,862225,4,22,13,4645313,72194,4,36,31,811058,71679,0,153,133,914989
18,2016,83806,4,22,11,480345,3685,5,49,44,37922,12952,0,110,97,110771
19,2016,316472,4,21,13,1891437,21726,4,32,28,194752,25257,0,177,136,437513
20,2016,69815,4,23,12,416906,-1,4,27,26,-1,-1,0,-1,-1,-1
78,2016,7591,5,21,11,43154,278,4,30,22,2307,698,0,125,122,6020
21,2016,6976846,4,21,12,38148906,220897,5,38,32,2581696,148908,0,108,96,1664778
22,2016,353696,3,18,10,1191520,15483,4,27,21,138938,6024,0,29,27,14972
72,2016,264049,3,18,10,793237,7581,4,39,31,83477,2405,0,32,28,3930
24,2016,425981,3,19,11,1582034,9209,5,37,33,103827,14158,0,102,90,142463
25,2016,703958,3,19,10,2696997,13444,6,24,20,164903,19187,0,38,36,56240
26,2016,578978,5,22,12,4105301,28509,6,28,21,325531,20713,0,126,120,361455
15,2016,513664,5,25,14,3785149,20709,4,67,58,209386,24131,0,174,161,368418
27,2016,454094,5,23,13,3037353,17611,6,32,27,367439,-1,0,-1,-1,-1
28,2016,730149,5,24,14,5499264,43697,5,47,36,534723,7312,0,-1,-1,-1
29,2016,439223,4,20,12,2416006,7290,5,25,22,132232,8951,0,73,76,75171
30,2016,525910,4,21,11,2374995,6819,3,-1,-1,-1,-1,0,-1,-1,-1
31,2016,237407,4,23,14,1394143,11646,4,34,33,99791,8962,0,183,151,-1
32,2016,146940,4,20,13,745311,576,4,19,18,4745,0,0,-1,-1,-1
33,2016,389607,4,23,13,2628557,19755,2,45,42,164060,14140,0,72,62,90869
34,2016,331822,3,21,14,1564334,-1,-1,-1,-1,-1,-1,0,-1,-1,-1
77,2016,426212,4,22,14,2660707,-1,-1,-1,-1,-1,-1,0,-1,-1,-1
75,2016,310730,3,18,10,1093354,7701,5,23,20,77141,-1,0,-1,-1,-1
76,2016,144426,3,21,12,580644,3784,6,-1,-1,36400,-1,0,-1,-1,-1
35,2016,45956,4,19,12,229974,0,0,-1,-1,0,-1,0,-1,-1,-1
36,2016,2142,4,18,9,9273,0,0,-1,-1,0,0,0,-1,-1,-1
37,2016,4816,5,16,10,18899,0,0,0,0,0,0,0,0,0,0
38,2016,38998,4,19,13,201802,0,0,0,0,0,-1,0,0,0,0
39,2016,272868,3,18,11,1224499,5224,4,22,16,51407,1908,0,-1,-1,-1
40,2016,129841,3,18,11,540959,3175,4,24,17,18473,-1,0,-1,-1,-1
41,2016,106890,3,19,11,553553,-1,-1,18,15,-1,-1,0,-1,-1,-1
42,2016,21893,3,18,10,72667,-1,-1,-1,-1,-1,-1,0,-1,-1,-1
80,2016,14244,3,17,11,57321,-1,-1,-1,-1,-1,195,0,31,31,534
43,2016,3430513,3,20,11,15168852,260926,4,58,52,3860881,229773,0,127,108,2632105
44,2016,222295,5,22,12,1267507,26353,5,71,65,386455,50014,0,149,125,681930
45,2016,300959,3,21,11,1390201,19118,6,78,69,590053,24818,0,229,180,458488
46,2016,139711,4,19,11,642337,29805,5,36,30,461314,8302,0,120,101,101974
47,2016,677344,3,20,12,3245944,31287,5,39,36,529270,-1,0,133,120,-1
48,2016,112137,3,21,12,580792,9210,3,29,24,69827,-1,0,20,20,-1
49,2016,279094,3,18,10,1037639,14362,3,28,22,119778,27181,0,39,38,121512
50,2016,218302,4,19,11,997498,16116,4,30,26,143327,-1,0,-1,-1,-1
51,2016,49855,3,19,11,234710,2426,4,23,19,14868,8003,0,-1,-1,-1
52,2016,324576,3,18,10,1102523,-1,-1,-1,-1,-1,16757,0,32,26,36454
53,2016,337477,4,19,11,1363848,47321,4,30,28,514431,8141,0,22,21,20305
73,2016,166939,3,19,11,751989,2586,3,23,19,-1,6816,0,88,86,49017
55,2016,25029,4,20,11,132151,-1,4,23,19,2592,2603,0,129,109,29689
60,2016,76744,4,18,10,276336,-1,4,-1,-1,-1,4400,0,33,32,14390
61,2016,19482,3,19,11,87139,2083,3,24,21,16488,1337,0,28,26,4467
63,2016,36996,3,17,9,118112,-1,-1,-1,-1,-1,558,0,46,-1,-1
74,2016,259982,4,21,12,1190288,43148,3,165,147,839735,28385,0,226,191,530773
64,2016,59980,4,20,11,253048,1543,2,38,34,8734,3839,0,175,138,51202
86,2016,123611,3,19,11,496790,8714,3,-1,-1,77231,-1,0,-1,-1,-1
81,2016,92500,3,17,11,396434,-1,-1,-1,-1,-1,1801,0,112,109,26581
82,2016,44345,3,17,11,178106,-1,-1,-1,-1,-1,-1,0,-1,-1,-1
83,2016,18295,3,16,12,80358,0,0,0,0,0,0,0,0,0,0
84,2016,16348,3,20,11,80479,387,-1,-1,-1,-1,1417,0,118,114,26119
85,2016,13512,3,13,11,57490,0,-1,-1,-1,-1,0,0,0,0,0
65,2016,30576,4,21,11,144470,-1,-1,-1,-1,-1,0,0,0,0,0
66,2016,30576,4,21,11,144470,-1,-1,-1,-1,-1,0,0,0,0,0
69,2016,41099,4,20,12,202780,1462,4,-1,35,12162,-1,0,-1,-1,-1
0,2017,16073113,4,21,12,85918543,1290727,4,45,38,16137806,2216330,0,169,133,34707761
1,2017,1257254,4,22,12,8713979,192750,5,31,22,2274050,758718,0,232,174,15535571
7,2017,51268,4,21,11,300548,-1,-1,-1,-1,-1,-1,0,-1,-1,-1
10,2017,4774746,4,22,12,27366500,382985,4,39,32,3906535,884976,0,163,131,13396184
21,2017,6197152,4,21,12,32208440,355328,4,61,54,4195738,316187,0,88,76,3050525
35,2017,77123,4,19,12,443519,0,-1,-1,-1,-1,-1,0,-1,-1,-1
39,2017,365214,3,18,11,1504410,3663,3,19,17,9759,3420,0,111,90,28920
43,2017,3198693,3,19,11,14635695,347860,5,45,40,5636541,236745,0,132,108,2605012
81,2017,73505,4,16,11,349324,-1,4,19,18,-1,4118,0,51,44,16767
65,2017,34817,4,21,11,190786,-1,-1,-1,-1,-1,-1,0,-1,-1,-1
69,2017,43341,4,19,10,205342,-1,-1,-1,-1,-1,-1,0,-1,-1,-1
0,2018,15617027,4,21,12,82243437,1701391,5,49,40,30593697,2231411,0,175,144,38636328
1,2018,1221746,4,22,13,7969275,243531,5,35,26,3387532,673643,0,209,178,12798981
7,2018,48646,4,21,12,228494,645,-1,20,20,-1,-1,0,-1,-1,-1
10,2018,4693955,4,23,12,26023293,446479,4,41,33,4020118,750657,0,197,154,13215589
21,2018,6454167,4,21,12,33387667,653217,5,60,54,12230939,552387,0,133,114,9745673
35,2018,77123,4,19,12,443519,0,-1,-1,-1,-1,-1,0,-1,-1,-1
39,2018,313929,3,18,12,1330901,3901,-1,-1,-1,-1,2454,0,-1,-1,-1
43,2018,2636891,3,20,11,12113130,347096,5,48,38,-1,227620,0,113,95,2565444
81,2018,109379,3,16,11,469942,3159,4,37,24,31535,8669,0,89,77,98094
65,2018,26131,3,20,11,119391,1763,-1,-1,-1,-1,-1,0,-1,-1,-1
69,2018,35059,4,20,11,157825,-1,5,20,14,-1,3715,0,22,22,7739
0,2019,13410657,5,23,13,110569380,2586610,10,62,51,176443288,2006602,0,143,120,29808501
1,2019,1203229,6,25,15,14635953,239038,17,72,51,68194142,648191,0,188,143,10744457
2,2019,507588,6,21,13,3734169,50447,24,71,52,-1,106018,0,194,136,1403877
3,2019,257971,5,29,18,3100088,64718,6,81,54,2034877,106547,0,181,141,1985248
4,2019,63379,12,45,25,2619210,77043,7,83,56,3619889,237567,0,153,130,3454786
5,2019,84131,6,24,14,751021,-1,-1,32,24,-1,25963,0,216,178,467951
6,2019,160594,5,23,13,1298902,23946,6,29,22,-1,10359,0,63,47,-1
87,2019,129566,8,30,18,3132563,18406,-1,-1,-1,-1,161736,0,234,164,3374207
7,2019,22581,6,21,16,206449,-1,-1,-1,-1,-1,-1,0,-1,-1,-1
8,2019,-1,-1,-1,-1,-1,0,0,0,0,0,-1,0,-1,-1,-1
88,2019,10515,-1,-1,-1,101132,0,0,0,0,0,-1,0,-1,-1,-1
9,2019,-1,-1,-1,-1,-1,-1,-1,-1,-1,-1,0,0,0,0,0
89,2019,-1,-1,-1,-1,-1,0,0,0,0,0,0,0,0,0,0
90,2019,4367410,5,24,13,36801619,0,0,0,0,0,0,0,0,0,0
10,2019,321571,4,24,13,2277114,636929,11,62,49,36344226,532208,0,176,146,8754617
11,2019,424548,4,23,12,2497536,5499,-1,-1,-1,168381,21641,0,224,-1,524669
12,2019,268352,6,25,13,3227049,29822,6,27,21,387749,87613,0,197,162,1704924
13,2019,553885,5,24,12,4296458,104704,7,32,23,1838580,55515,0,301,213,1314748
14,2019,543644,5,26,13,4426943,125256,14,80,60,-1,-1,0,-1,-1,156692
15,2019,429187,7,25,14,6574511,175474,12,74,66,-1,110381,0,188,170,2051054
16,2019,645412,4,24,15,4714824,31246,-1,59,46,-1,44414,0,160,138,795236
17,2019,121529,4,22,11,632021,61233,5,39,33,624310,58991,0,129,110,812956
18,2019,288898,5,23,14,2295915,17383,-1,-1,-1,485351,3997,0,-1,103,-1
19,2019,79016,5,26,14,484119,21203,-1,47,41,-1,41238,0,87,67,209711
20,2019,636474,4,23,13,4949221,10126,-1,-1,-1,186749,-1,0,-1,-1,-1
91,2019,54894,4,25,15,425909,52695,5,75,60,1373684,76183,0,160,133,1052770
111,2019,5278021,5,22,13,42277217,2289,5,-1,-1,33744,4552,0,141,118,59402
21,2019,313077,4,18,12,1919480,1138330,9,58,48,43396864,658495,0,96,92,8421936
22,2019,207911,3,19,10,691906,58626,3,49,44,567021,-1,0,-1,-1,-1
72,2019,254351,6,22,11,2101276,42127,-1,35,30,-1,-1,0,-1,-1,-1
93,2019,646556,4,20,11,2981733,94939,12,90,63,3267896,19983,0,44,29,80436
25,2019,380242,5,24,13,3391755,56411,5,33,27,588039,35363,0,105,100,493628
26,2019,212989,5,27,16,2184411,134717,8,63,55,-1,27516,0,67,77,444748
15,2019,230498,6,26,14,1978275,77413,-1,83,69,-1,63892,0,129,109,789167
94,2019,415253,6,25,14,5832276,73710,5,34,27,786629,-1,0,-1,-1,-1
28,2019,318550,5,21,13,2155675,185224,9,52,44,9104002,141766,0,90,92,2180975
29,2019,585307,6,21,11,4168416,12694,-1,30,22,-1,53281,0,73,65,445869
30,2019,205198,-1,26,16,-1,17716,-1,22,18,-1,-1,0,60,52,208667
31,2019,62324,6,25,14,600246,24307,-1,45,42,-1,36187,0,90,77,275626
32,2019,144379,5,25,16,1378906,-1,16,-1,-1,-1,0,0,-1,-1,-1
33,2019,338406,5,22,16,2629906,125466,5,45,36,2183827,61580,0,157,148,1363232
34,2019,90120,4,25,16,806275,-1,-1,-1,-1,-1,-1,0,-1,-1,-1
95,2019,173320,5,25,13,1225764,-1,5,-1,-1,331198,-1,0,-1,-1,-1
71,2019,244578,5,24,14,1927193,55398,4,63,50,977925,13962,0,170,112,146944
96,2019,249861,3,19,11,835443,62727,5,55,49,1109718,50522,0,47,42,242574
97,2019,113973,3,23,13,546031,55473,2,164,-1,1185729,-1,0,-1,-1,-1
76,2019,91129,3,20,11,316576,13641,5,33,29,301126,3206,0,-1,-1,-1
98,2019,13410657,5,23,13,110569380,11620,29,105,95,-1,8346,0,160,144,148111
35,2019,91490,4,20,14,645376,1124,-1,11,9,-1,-1,0,20,17,6864
99,2019,2246,3,18,10,7664,0,0,0,0,0,-1,0,-1,-1,-1
100,2019,6042,-1,26,17,-1,0,0,0,0,0,0,0,0,0,0
101,2019,-1,-1,-1,-1,-1,0,-1,-1,-1,-1,0,0,-1,-1,-1
102,2019,-1,-1,-1,-1,-1,1124,5,13,10,5395,0,0,0,0,0
103,2019,20851,4,27,15,122128,0,-1,-1,-1,-1,0,0,-1,-1,-1
104,2019,53574,3,18,14,248179,0,-1,-1,-1,-1,0,0,0,0,0
105,2019,5874,4,25,17,47613,0,0,0,0,0,0,0,0,0,0
106,2019,197744,3,20,12,927832,0,0,0,0,0,0,0,0,0,0
38,2019,86246,3,19,11,394810,0,0,0,0,0,0,0,0,0,0
107,2019,79559,3,23,13,368936,0,0,0,0,0,0,0,0,0,0
108,2019,25505,3,18,11,132836,0,0,0,0,0,0,0,46,34,5394
39,2019,6434,3,18,11,31249,0,-1,-1,-1,-1,8178,0,79,77,106517
40,2019,2105111,4,22,13,14080286,4057,-1,-1,-1,66411,1904,0,-1,-1,-1
41,2019,104864,6,24,13,1057218,-1,-1,-1,16,-1,3970,0,80,79,66890
42,2019,209426,3,25,14,1215129,-1,-1,-1,-1,-1,-1,0,-1,-1,-1
80,2019,69635,4,21,11,308168,-1,-1,-1,-1,-1,170,0,-1,-1,-1
43,2019,451470,5,24,14,4159712,-1,-1,-1,-1,-1,135911,0,90,86,1578109
44,2019,47355,4,21,13,226557,552975,8,69,56,2808134,15642,0,104,98,258307
45,2019,141067,4,18,10,718988,125850,5,65,55,1915460,-1,0,-1,-1,-1
46,2019,79836,4,20,13,396450,35593,-1,173,149,-1,-1,0,-1,-1,-1
47,2019,21809,4,20,12,127955,30142,-1,102,76,-1,15900,0,-1,-1,-1
48,2019,239952,3,19,11,942733,63248,4,71,61,1772436,-1,0,-1,21,12638
49,2019,206159,4,21,12,1176038,11454,4,47,42,159305,16445,0,-1,-1,-1
50,2019,86933,5,21,13,795610,20600,4,44,40,458086,0,0,-1,-1,-1
51,2019,19148,5,21,12,122658,29735,8,41,36,884090,16830,0,86,101,201761
52,2019,142826,5,22,13,1090421,9273,-1,41,27,-1,36184,0,97,89,-1
53,2019,41383,5,22,12,277679,17504,7,31,23,-1,-1,0,-1,-1,-1
73,2019,50344,4,20,11,291352,92829,6,33,26,1743101,9378,0,129,129,219516
55,2019,9422,5,21,13,68999,3512,-1,30,21,-1,1301,0,50,45,11610
86,2019,26797,4,19,11,131665,1791,9,-1,-1,19315,-1,0,-1,-1,-1
64,2019,156684,4,24,13,972954,23536,7,39,37,496137,-1,0,-1,-1,-1
60,2019,63047,3,18,12,255371,5495,5,53,46,118537,3126,0,30,26,30338
61,2019,6041,3,17,12,24018,8932,4,21,20,170723,0,0,-1,-1,-1
63,2019,34405,3,17,12,134996,3498,8,26,25,97483,-1,0,-1,-1,-1
109,2019,14483,3,19,12,66060,1930,2,62,57,19037,6377,0,-1,-1,-1
81,2019,8118,3,17,12,30296,68053,-1,114,86,-1,0,0,0,0,0
82,2019,39005,4,21,12,279222,9032,6,35,30,120910,0,0,0,0,0
83,2019,39005,4,21,12,279222,-1,-1,-1,-1,-1,0,0,0,0,0
84,2019,43020,6,20,11,-1,0,0,0,0,0,0,0,0,0,0
85,2019,43020,6,20,11,-1,8997,6,36,31,120695,0,0,0,0,0
65,2019,91490,4,20,14,645376,0,0,-1,-1,0,-1,0,-1,-1,40503
65,2019,2246,3,18,10,7664,-1,-1,-1,-1,-1,-1,0,-1,-1,40503
69,2019,6042,-1,26,17,-1,-1,-1,-1,-1,-1,17444,0,74,71,109026
69,2019,-1,-1,-1,-1,-1,2982,2,116,-1,54292,17444,0,74,71,109026
0,2020,14287489,5,23,13,123623566,2883037,9,62,48,210564137,2353446,0,162,128,34606373
1,2020,1203229,6,25,15,14643915,239038,17,72,51,68194142,648191,0,188,143,10744457
2,2020,507588,6,21,13,3742131,50447,24,71,52,-1,106018,0,194,136,1403877
3,2020,257971,5,29,18,3100088,64718,6,81,54,2034877,106547,0,181,141,1985248
4,2020,63379,12,45,25,2619210,77043,7,83,56,3619889,237567,0,153,130,3454786
5,2020,84131,6,24,14,751021,-1,-1,32,24,-1,25963,0,216,178,467951
6,2020,160594,5,23,13,1298902,23946,6,29,22,-1,10359,0,63,47,-1
110,2020,129566,8,30,18,3132563,18406,-1,-1,-1,-1,161736,0,234,164,3374207
7,2020,19551,4,24,15,134252,-1,-1,-1,-1,-1,-1,0,-1,-1,-1
8,2020,-1,-1,-1,-1,-1,0,0,0,0,0,-1,0,-1,-1,-1
88,2020,-1,-1,-1,-1,-1,-1,-1,-1,-1,-1,-1,0,-1,-1,-1
9,2020,14113,5,23,15,100734,-1,-1,-1,-1,-1,-1,0,-1,-1,-1
89,2020,-1,-1,-1,-1,-1,0,0,0,0,0,0,0,0,0,0
90,2020,3962,4,22,13,22838,0,0,0,0,0,0,0,0,0,0
10,2020,4807891,5,24,13,46537277,718171,8,70,51,22953902,667578,0,186,145,11721066
11,2020,286616,3,23,12,1607213,9381,4,24,18,83283,38185,0,216,179,961421
12,2020,492959,6,27,14,5056130,38274,14,57,46,-1,101407,0,208,158,1770377
13,2020,269681,5,23,11,1746754,82156,5,108,83,1886574,-1,0,181,130,551379
14,2020,502821,5,22,12,3485934,163713,5,76,55,3033742,47207,0,136,95,490429
15,2020,633069,6,22,12,5251318,225450,-1,54,29,6499554,95265,0,185,141,1620159
16,2020,480658,6,27,15,6511756,34472,-1,53,43,-1,107540,0,187,148,1843479
17,2020,942571,4,23,14,5871917,64375,4,64,52,768253,95313,0,183,146,1843559
18,2020,107917,5,28,14,871475,20130,-1,181,146,521753,-1,0,78,42,-1
19,2020,329677,5,25,15,2577810,17896,4,60,41,265138,40348,0,115,96,418698
20,2020,71694,6,25,13,-1,6929,6,29,21,93150,-1,0,187,167,-1
91,2020,625566,4,24,14,-1,50358,3,44,36,554558,89588,0,213,169,1933583
111,2020,64664,6,27,17,-1,5037,5,54,45,59347,5390,0,217,161,98210
21,2020,5372672,5,23,13,41761759,1230772,10,59,47,95456757,832129,0,128,105,9413756
22,2020,300447,3,17,10,1004192,62879,7,36,31,1034360,1705,0,0,0,0
112,2020,188163,3,19,10,621374,44875,4,76,66,935129,0,0,0,0,0
93,2020,180259,7,31,12,-1,80929,9,61,39,2197864,37110,0,112,80,373682
25,2020,619707,4,20,11,3926444,106344,7,39,32,1829024,9825,0,130,119,154705
26,2020,322332,8,26,15,5015261,155773,7,103,87,-1,39189,0,-1,-1,770659
15,2020,160871,8,27,14,2009326,82618,21,63,43,-1,63208,0,192,157,1314551
27,2020,220989,5,26,14,1828219,81021,6,30,25,1243638,30889,0,102,45,242144
28,2020,519098,6,24,14,4932088,180131,8,38,29,4724432,208983,0,128,112,2609048
29,2020,446845,5,22,13,3315523,21334,-1,25,20,-1,33700,0,73,61,228374
30,2020,862496,4,21,11,3979192,30305,5,42,40,421981,81151,0,87,80,580039
31,2020,136643,6,24,16,2381270,15076,-1,63,61,-1,-1,0,-1,-1,110717
32,2020,60583,6,27,17,798405,0,7,26,22,287744,0,0,28,27,51846
33,2020,98919,7,24,13,994913,100203,6,62,46,2098610,61319,0,162,135,845596
34,2020,350190,4,19,14,2651182,-1,-1,-1,-1,-1,-1,0,21,19,27662
95,2020,98240,4,30,20,662592,10773,-1,32,27,-1,-1,0,-1,-1,-1
71,2020,147180,5,29,15,1307688,97322,5,53,43,-1,-1,0,126,89,-1
77,2020,265738,7,25,14,2239200,53166,-1,40,38,-1,31541,0,-1,-1,-1
97,2020,165576,3,18,10,558048,-1,3,-1,-1,713004,-1,0,0,0,0
76,2020,112905,3,23,12,526076,21088,8,57,48,751299,-1,0,-1,-1,-1
98,2020,78652,4,21,11,338628,25553,-1,199,147,-1,-1,0,-1,-1,-1
113,2020,36840,6,24,15,450090,-1,-1,-1,-1,-1,6938,0,-1,-1,-1
35,2020,89562,6,20,13,909805,0,5,21,20,7760,-1,0,45,43,6281
99,2020,4626,9,24,16,-1,0,0,0,0,0,-1,0,-1,-1,-1
100,2020,6264,-1,17,11,-1,0,0,0,0,0,0,0,0,0,0
101,2020,-1,-1,-1,-1,-1,0,0,0,0,0,0,0,0,0,0
102,2020,-1,-1,-1,-1,-1,0,0,0,0,0,0,0,0,0,0
103,2020,1618,20,20,20,64704,0,0,20,20,0,0,0,0,0,0
104,2020,12643,4,20,14,72591,0,0,0,0,0,0,0,0,0,0
105,2020,-1,-1,-1,-1,-1,0,0,0,0,0,0,0,0,0,0
106,2020,12471,5,18,-1,80657,0,0,0,0,0,0,0,0,0,0
38,2020,46402,6,20,13,388110,0,0,-1,-1,0,0,0,0,0,0
107,2020,-1,-1,-1,-1,-1,0,0,0,0,0,0,0,0,0,0
108,2020,5539,5,21,15,76806,0,5,26,24,7760,0,0,32,30,3927
39,2020,228913,3,20,12,1249237,4271,3,-1,-1,-1,7452,0,47,-1,-1
41,2020,96949,3,20,12,461675,-1,-1,-1,-1,-1,-1,0,29,29,-1
40,2020,74610,3,20,12,414755,3420,2,-1,-1,-1,3492,0,-1,-1,-1
42,2020,49644,4,22,14,337060,0,0,0,0,0,-1,0,-1,-1,-1
80,2020,7711,3,20,12,35747,-1,-1,-1,-1,-1,721,0,35,34,-1
43,2020,1815735,4,23,13,14068682,601762,6,57,45,20104541,129225,0,121,104,1990896
44,2020,120441,5,29,16,1214207,105751,5,68,56,2670849,17937,0,109,92,309845
45,2020,238104,3,22,12,1090688,39213,3,65,54,692456,-1,0,-1,-1,-1
46,2020,64458,5,25,14,640120,35249,-1,65,48,-1,-1,0,-1,-1,-1
48,2020,48055,4,24,14,348039,16303,5,43,38,296999,4052,0,-1,-1,-1
49,2020,210650,5,21,11,1071001,29697,-1,30,25,539228,-1,0,32,27,53612
50,2020,95878,4,22,13,496638,33766,6,29,26,683745,-1,0,-1,-1,-1
51,2020,51452,3,20,12,190574,-1,-1,-1,-1,-1,17216,0,134,97,170173
52,2020,218786,4,25,14,-1,31291,5,25,20,448817,39356,0,164,145,-1
53,2020,220895,4,22,12,1101101,117928,5,41,33,1892449,-1,0,-1,-1,-1
73,2020,91188,4,23,12,492728,12207,4,31,29,111887,7619,0,156,135,127687
55,2020,27551,4,20,11,164595,1849,15,29,25,-1,497,0,171,127,-1
86,2020,98564,5,22,13,826389,61836,6,25,22,859584,-1,0,-1,-1,-1
64,2020,56502,4,21,11,370467,11535,4,48,43,106440,-1,0,-1,-1,-1
60,2020,64577,4,19,10,320604,4797,5,19,17,57021,2094,0,-1,-1,-1
61,2020,10861,4,22,13,77691,5389,5,30,23,62090,-1,0,-1,-1,-1
63,2020,30830,6,22,11,196227,3930,7,25,24,77268,-1,0,-1,-1,-1
109,2020,166943,5,28,17,-1,77539,5,132,95,1495478,-1,0,-1,-1,-1
47,2020,592023,4,23,13,3363788,77999,5,39,37,1520216,50254,0,-1,-1,-1
81,2020,68727,4,18,13,329266,4212,4,-1,-1,-1,2123,0,156,139,49723
82,2020,14338,4,17,13,76936,201,-1,-1,-1,3763,-1,0,-1,-1,-1
83,2020,34300,4,17,12,138716,0,-1,-1,-1,-1,0,0,0,0,0
84,2020,11330,3,18,13,60399,3150,4,-1,-1,-1,1891,0,183,161,-1
85,2020,8759,4,18,14,53216,-1,-1,-1,-1,-1,0,0,0,0,0
65,2020,40083,4,24,13,404548,-1,5,15,12,9200,-1,0,-1,-1,-1
69,2020,49102,4,20,11,221036,4703,-1,-1,-1,-1,12576,0,66,55,74588
0,2004,9969634,4,20,12,97458301,0,0,0,0,0,235903,1,126,119,5325790
1,2004,845322,5,20,13,7574344,0,0,0,0,0,34745,1,203,197,1149560
2,2004,140544,3,16,12,921776,0,0,0,0,0,1442,1,-1,-1,-1
3,2004,268838,5,22,14,2538293,0,0,0,0,0,14184,1,182,180,441065
4,2004,166293,6,21,13,1873876,0,0,0,0,0,9764,1,266,262,-1
5,2004,185860,5,20,13,1829043,0,0,0,0,0,9277,1,175,159,218379
6,2004,83787,3,19,11,411357,0,0,0,0,0,-1,-1,-1,-1,-1
7,2004,12183,4,17,10,122990,0,0,0,0,0,-1,1,-1,-1,-1
8,2004,130,4,16,12,2947,0,0,0,0,0,0,0,0,0,0
9,2004,12052,4,17,10,120043,0,0,0,0,0,-1,1,-1,-1,-1
10,2004,2839487,5,20,12,25469113,0,0,0,0,0,52022,1,97,90,753589
11,2004,474410,3,18,11,2212203,0,0,0,0,0,10703,1,-1,-1,77896
12,2004,323537,3,20,11,1591440,0,0,0,0,0,3106,1,25,24,12603
13,2004,256355,5,21,11,2087682,0,0,0,0,0,3292,-1,181,180,80043
14,2004,580473,6,22,12,5161008,0,0,0,0,0,19713,1,98,88,286646
15,2004,449035,5,20,11,3607532,0,0,0,0,0,-1,-1,-1,-1,-1
16,2004,240236,6,21,13,5240693,0,0,0,0,0,5608,1,160,144,218638
17,2004,300414,4,20,13,3304636,0,0,0,0,0,-1,1,-1,-1,-1
18,2004,49698,5,20,11,473540,0,0,0,0,0,-1,-1,-1,-1,-1
19,2004,108727,4,20,13,1311067,0,0,0,0,0,-1,1,-1,-1,-1
20,2004,56603,4,20,11,479311,0,0,0,0,0,-1,1,-1,-1,-1
21,2004,3885205,5,20,12,43245311,0,0,0,0,0,129472,1,122,116,2888105
22,2004,361194,3,20,11,2687123,0,0,0,0,0,-1,-1,-1,-1,-1
72,2004,198289,3,19,11,1477825,0,0,0,0,0,-1,1,-1,-1,-1
24,2004,218396,3,18,10,1006946,0,0,0,0,0,2802,1,119,119,43614
25,2004,424199,4,19,10,3148190,0,0,0,0,0,-1,1,-1,-1,-1
26,2004,331487,6,20,12,4640795,0,0,0,0,0,11351,1,49,47,108990
15,2004,225308,6,23,14,3316253,0,0,0,0,0,17740,1,129,126,462596
27,2004,344893,6,21,13,5415793,0,0,0,0,0,12792,1,79,76,184951
28,2004,516758,5,22,13,7660183,0,0,0,0,0,24550,1,117,100,445369
29,2004,261829,5,18,11,2730732,0,0,0,0,0,-1,1,-1,-1,-1
30,2004,364072,4,19,11,3457468,0,0,0,0,0,13942,1,107,99,-1
31,2004,200338,4,22,13,2848873,0,0,0,0,0,19598,1,146,143,492332
32,2004,125059,4,17,12,1053329,0,0,0,0,0,6786,1,154,153,243214
33,2004,171362,5,21,12,2203031,0,0,0,0,0,8397,1,229,222,442683
34,2004,142020,4,18,12,1598770,0,0,0,0,0,2346,1,275,275,145580
35,2004,60941,5,15,12,1097621,0,0,0,0,0,-1,1,276,276,8352
36,2004,2269,5,19,11,45490,0,0,0,0,0,26,1,276,276,7195
37,2004,43608,5,15,12,819307,0,0,0,0,0,0,1,0,0,0
38,2004,15064,5,15,12,232824,0,0,0,0,0,-1,-1,-1,-1,-1
39,2004,169138,4,17,11,940868,0,0,0,0,0,-1,1,-1,-1,-1
40,2004,64200,4,17,11,399962,0,0,0,0,0,-1,1,-1,-1,-1
41,2004,82220,4,17,10,430361,0,0,0,0,0,-1,-1,-1,-1,-1
42,2004,22718,3,18,10,110546,0,0,0,0,0,-1,1,28,27,-1
43,2004,2118056,4,18,11,18644298,0,0,0,0,0,16444,1,119,109,422758
44,2004,176961,4,19,11,1716737,0,0,0,0,0,4536,1,208,199,232948
45,2004,190763,3,18,11,1332836,0,0,0,0,0,-1,-1,-1,-1,-1
46,2004,95617,4,15,11,804703,0,0,0,0,0,1453,1,193,142,-1
47,2004,378478,5,19,11,4531571,0,0,0,0,0,-1,1,-1,-1,-1
48,2004,82240,3,18,11,751754,0,0,0,0,0,-1,1,40,39,-1
49,2004,221516,4,18,10,1602279,0,0,0,0,0,-1,-1,-1,-1,-1
50,2004,91908,4,20,11,922732,0,0,0,0,0,-1,-1,-1,-1,-1
51,2004,37130,3,17,11,203666,0,0,0,0,0,421,1,30,27,2063
52,2004,159990,3,17,10,887933,0,0,0,0,0,-1,1,-1,-1,-1
53,2004,174200,4,20,11,2111346,0,0,0,0,0,1378,1,34,33,22291
73,2004,127885,3,17,11,821500,0,0,0,0,0,-1,-1,-1,-1,-1
55,2004,10984,4,20,11,116529,0,0,0,0,0,-1,1,-1,-1,-1
56,2004,18600,4,19,12,210861,0,0,0,0,0,-1,-1,-1,-1,-1
57,2004,7352,4,19,11,66115,0,0,0,0,0,-1,1,-1,-1,-1
58,2004,24730,5,18,10,285735,0,0,0,0,0,-1,-1,-1,-1,-1
59,2004,20312,5,20,11,226336,0,0,0,0,0,-1,1,-1,-1,-1
60,2004,55599,4,16,9,577876,0,0,0,0,0,0,1,0,0,0
61,2004,10104,4,19,11,84272,0,0,0,0,0,-1,-1,-1,-1,-1
63,2004,16150,3,19,10,98703,0,0,0,0,0,-1,-1,-1,-1,-1
74,2004,183355,4,18,10,1079822,0,0,0,0,0,870,-1,139,116,23969
64,2004,34180,4,19,10,210994,0,0,0,0,0,700,1,50,46,4073
65,2004,10443,4,19,11,92702,0,0,0,0,0,-1,-1,-1,-1,-1
66,2004,10443,4,19,11,92702,0,0,0,0,0,-1,-1,-1,-1,-1
67,2004,8550,6,22,13,106754,0,0,0,0,0,-1,1,209,206,-1
9,2004,5573,6,23,13,67404,0,0,0,0,0,-1,1,208,205,-1
68,2004,2977,6,21,13,39350,0,0,0,0,0,-1,-1,-1,-1,-1
69,2004,20309,5,19,11,164300,0,0,0,0,0,603,1,198,198,34210
0,2005,9772558,4,20,12,57238991,562465,5,38,32,7369932,266267,1,103,99,2538512
1,2005,726004,5,20,13,5676169,109605,6,26,21,1224401,20846,1,172,167,366193
2,2005,162719,3,18,12,760807,18690,5,20,17,195194,-1,-1,-1,-1,-1
3,2005,220493,5,20,13,1871526,34003,6,25,20,413191,10285,1,203,193,202988
4,2005,140461,6,22,15,1572340,24305,6,30,25,256583,4347,1,230,224,121464
5,2005,127623,5,22,13,1169585,27823,6,27,22,344623,4944,1,-1,-1,-1
6,2005,74707,3,17,11,301912,4784,3,18,14,14809,-1,-1,-1,-1,-1
7,2005,14483,4,16,10,77430,-1,-1,-1,-1,-1,-1,-1,-1,-1,-1
8,2005,-1,-1,-1,-1,-1,-1,-1,-1,-1,-1,-1,-1,-1,-1,-1
9,2005,14308,4,16,10,76011,-1,-1,-1,-1,-1,0,0,0,0,0
10,2005,2894146,4,21,12,17055378,153217,4,33,27,1733165,39821,1,97,93,343315
11,2005,481048,3,18,11,1891069,23471,4,21,17,201057,7876,1,-1,-1,-1
12,2005,323611,3,20,12,1493620,17080,5,23,19,154979,5535,1,28,27,16614
13,2005,288767,5,23,11,1829165,6512,4,-1,16,-1,-1,-1,-1,-1,-1
14,2005,515790,5,23,12,3904709,14223,6,28,23,201661,6062,1,43,42,22908
15,2005,459111,5,21,11,2885762,29516,4,31,25,311619,-1,-1,-1,-1,-1
16,2005,267405,5,22,13,2030363,25838,5,49,41,385169,6015,1,219,213,-1
17,2005,316998,3,20,13,1573452,23614,4,48,35,290406,4714,1,177,162,74913
18,2005,63377,5,21,11,388873,2729,5,18,16,-1,-1,-1,-1,-1,-1
19,2005,123571,3,20,13,702797,8554,4,26,29,115837,-1,-1,43,42,-1
20,2005,54468,5,21,12,355569,1679,4,29,24,21123,0,0,0,0,0
21,2005,3873366,4,20,12,23473061,255191,5,44,39,3774872,194442,1,97,94,1754594
22,2005,373282,3,19,11,1450777,5487,4,-1,-1,-1,7778,1,27,23,21204
72,2005,228356,3,20,11,863156,6249,-1,25,22,58392,12751,1,62,69,42055
24,2005,232147,3,18,10,817834,7470,4,-1,-1,81506,5520,1,50,46,32366
25,2005,464039,3,19,10,1953286,19183,4,32,27,127070,15448,1,48,48,65961
26,2005,331389,5,22,12,2597862,33812,5,60,55,718269,8764,-1,-1,-1,96114
15,2005,203952,5,23,13,1622540,27389,5,45,36,337530,39704,1,86,81,209449
27,2005,327539,5,23,13,2612566,43330,9,37,30,680044,16256,1,77,85,129031
28,2005,459947,5,22,13,3648316,52021,5,31,28,628655,29497,1,115,108,-1
29,2005,289350,4,19,11,1620198,7211,4,20,15,-1,18650,1,-1,-1,-1
30,2005,370998,5,18,10,2176860,10575,5,23,19,107267,13658,1,123,111,-1
31,2005,171349,5,22,13,1197839,15241,3,96,88,459434,9634,1,146,147,187878
32,2005,103699,4,18,12,565704,2785,4,29,25,26000,1067,-1,-1,-1,-1
33,2005,187452,6,22,13,1590757,22021,5,49,39,376809,14861,1,147,107,216670
34,2005,129867,4,18,12,755365,2416,5,44,43,-1,-1,-1,-1,-1,-1
35,2005,37716,5,19,12,257784,-1,-1,-1,-1,-1,-1,-1,-1,-1,-1
36,2005,1560,5,20,12,11600,0,0,0,0,0,0,0,0,0,0
37,2005,24849,6,20,12,183723,0,0,0,0,0,0,0,0,0,0
38,2005,11307,4,16,12,62461,-1,-1,-1,-1,-1,-1,-1,-1,-1,-1
39,2005,148109,3,18,11,672791,2851,4,26,20,14530,-1,-1,-1,-1,-1
40,2005,57459,4,18,11,262013,1439,-1,24,19,6906,-1,-1,-1,-1,-1
41,2005,69637,3,17,11,328918,-1,-1,-1,-1,-1,-1,-1,-1,-1,-1
42,2005,21013,3,18,10,81860,-1,-1,-1,-1,-1,-1,-1,-1,-1,-1
43,2005,2036326,4,18,11,9742279,38453,4,48,44,580670,8326,1,85,76,53245
44,2005,211919,4,20,11,1163617,5287,2,-1,-1,-1,-1,-1,-1,-1,-1
45,2005,185460,3,18,11,716401,1055,-1,-1,-1,-1,-1,-1,-1,-1,-1
46,2005,94548,4,16,11,441423,3431,4,-1,-1,39526,1185,1,-1,-1,-1
47,2005,304113,4,18,11,1754941,-1,3,-1,-1,93776,-1,-1,-1,-1,-1
48,2005,55107,4,17,11,310556,-1,-1,-1,-1,-1,-1,-1,-1,-1,-1
49,2005,194602,4,17,10,855473,-1,6,22,20,-1,-1,0,0,0,0
50,2005,99422,4,21,12,501256,-1,-1,33,20,-1,0,0,0,0,0
51,2005,38482,3,18,11,145490,785,3,22,20,6146,-1,1,-1,-1,-1
52,2005,170592,3,17,10,632252,4327,5,25,19,42507,-1,-1,-1,-1,-1
53,2005,180812,4,18,10,773330,3368,4,-1,-1,-1,0,-1,-1,-1,-1
73,2005,122112,4,16,11,690053,2305,-1,-1,-1,10839,-1,-1,-1,-1,-1
55,2005,13785,4,20,11,78994,136,-1,-1,-1,-1,-1,-1,-1,-1,-1
56,2005,17384,4,19,12,99391,358,3,-1,-1,-1,-1,-1,-1,-1,-1
57,2005,7484,3,20,11,33994,-1,0,0,0,0,-1,-1,-1,-1,-1
58,2005,33207,4,20,11,173384,-1,-1,-1,-1,-1,0,-1,-1,-1,-1
59,2005,25680,4,20,12,149663,-1,5,-1,-1,7158,291,-1,-1,-1,-1
60,2005,53443,5,15,9,238375,-1,-1,-1,-1,-1,-1,0,0,0,0
61,2005,11102,4,19,11,49806,228,4,-1,-1,-1,-1,0,0,0,0
63,2005,16267,3,17,9,52154,-1,-1,-1,-1,-1,0,0,0,0,0
74,2005,172854,4,19,10,764774,2378,5,27,23,12607,-1,-1,-1,-1,-1
64,2005,27950,3,19,11,116953,363,-1,-1,-1,-1,-1,-1,-1,-1,-1
65,2005,11302,5,19,11,67903,-1,-1,-1,-1,-1,280,1,63,52,-1
66,2005,11302,5,19,11,67903,-1,-1,-1,-1,-1,280,1,63,52,-1
67,2005,9942,6,24,14,95354,623,8,29,26,11161,133,1,155,-1,-1
9,2005,6750,6,22,13,60580,470,7,20,19,5356,89,1,100,89,-1
68,2005,3192,6,26,16,34774,154,9,51,-1,-1,44,0,-1,-1,0
69,2005,21165,5,19,10,120843,1915,6,24,19,23629,652,-1,-1,-1,-1
0,2006,10451793,4,20,12,60856546,543957,6,46,41,7921587,141338,1,141,148,12475624
1,2006,785772,5,20,13,5639700,122086,6,52,47,1702626,46528,-1,183,197,-1
2,2006,159382,3,18,12,742774,12231,4,20,17,124524,2573,1,27,32,75834
3,2006,217833,5,21,13,1658018,47775,8,29,25,710258,15570,-1,122,119,-1
4,2006,149588,8,22,13,1468817,33638,5,58,50,404047,14008,1,190,255,305075
5,2006,176006,5,21,14,1390729,26905,4,108,104,451400,14229,1,268,265,409391
6,2006,82964,3,18,11,379361,1537,3,19,13,12397,-1,-1,-1,-1,-1
7,2006,11361,5,19,11,60950,0,-1,-1,-1,-1,-1,-1,-1,-1,-1
8,2006,325,7,20,13,3331,0,0,0,0,0,-1,-1,-1,-1,-1
9,2006,11036,5,19,11,57619,0,-1,-1,-1,-1,0,0,0,0,0
10,2006,3134829,4,21,12,18462753,137257,5,35,30,1709073,30811,1,126,124,695302
11,2006,542660,3,18,11,2211802,20567,5,22,19,218636,-1,0,-1,0,0
12,2006,369977,4,20,12,1720016,18332,6,24,21,175902,2633,-1,-1,-1,-1
13,2006,290201,5,22,11,1941347,5092,5,45,-1,66149,-1,-1,-1,-1,-1
14,2006,537829,5,24,12,3928660,12164,5,42,49,167639,-1,-1,-1,-1,-1
15,2006,457170,5,20,11,3079638,26526,6,26,20,344381,3164,-1,155,155,80985
16,2006,251934,5,23,14,1962084,20874,6,49,41,396434,-1,-1,-1,-1,-1
17,2006,397309,4,21,13,2000744,19440,3,42,38,159514,-1,-1,-1,-1,-1
18,2006,72120,5,21,11,434950,2488,5,26,19,21974,0,-1,-1,-1,-1
19,2006,163050,4,21,13,853528,11030,6,36,32,150102,-1,-1,187,187,-1
20,2006,52580,4,22,12,329983,745,5,40,-1,8342,-1,-1,-1,-1,-1
21,2006,4191987,4,20,12,25703814,254789,6,50,44,4008928,56222,1,127,134,-1
22,2006,233823,3,18,11,928642,2504,5,24,20,27614,-1,-1,-1,-1,-1
72,2006,175394,3,19,11,662786,4240,4,24,23,36037,-1,-1,-1,-1,-1
24,2006,236122,3,18,10,910226,6816,4,41,39,82436,3790,-1,212,183,-1
25,2006,501770,3,19,10,1806695,11239,5,38,32,-1,-1,-1,28,27,-1
26,2006,363968,5,22,12,2726936,30565,7,67,57,451360,-1,1,181,-1,-1
15,2006,210413,6,24,13,1803193,16730,6,49,38,303076,10374,-1,142,144,-1
27,2006,276960,6,23,14,2629528,45620,7,32,28,846589,-1,-1,124,121,138026
28,2006,403593,6,22,13,3251981,47423,5,-1,-1,710239,5849,-1,-1,-1,76825
29,2006,297667,4,18,11,1592874,7689,7,21,17,109381,3321,1,25,25,-1
30,2006,410938,5,20,11,2287548,18218,5,25,20,175277,7991,-1,75,72,-1
31,2006,175905,6,22,13,1452052,20480,5,50,41,256004,2182,1,330,330,67484
32,2006,129116,4,18,12,693520,1512,4,26,25,16175,-1,-1,-1,-1,-1
33,2006,183002,6,22,13,1599126,18592,6,51,46,346600,-1,1,198,203,95001
34,2006,176928,4,18,13,1134891,-1,-1,-1,-1,-1,-1,0,0,0,0
75,2006,128500,3,19,11,433357,-1,4,24,20,-1,387,-1,-1,-1,-1
76,2006,78512,3,22,12,391433,-1,-1,28,19,-1,-1,-1,-1,-1,-1
77,2006,209374,5,22,13,1399024,19068,4,57,53,255225,2715,-1,-1,-1,-1
35,2006,45795,5,20,13,346717,0,0,0,0,0,0,0,0,0,0
36,2006,1657,5,20,12,12538,0,0,0,0,0,0,0,0,0,0
37,2006,23619,7,21,14,223425,0,0,0,0,0,0,0,0,0,0
38,2006,20519,4,20,13,110754,0,0,0,0,0,0,0,0,0,0
39,2006,159139,3,18,11,686530,1657,4,22,17,8857,-1,-1,-1,-1,-1
40,2006,60054,3,18,12,261203,1059,4,21,16,6607,-1,-1,-1,-1,-1
41,2006,69437,3,18,11,312195,-1,-1,-1,-1,-1,0,-1,-1,-1,-1
42,2006,29648,3,17,10,113132,-1,-1,-1,-1,-1,0,0,0,0,0
43,2006,2076473,4,18,11,9639098,25746,5,46,43,379946,7068,1,102,107,310829
44,2006,190961,4,20,11,1046100,2138,-1,-1,-1,-1,-1,-1,-1,-1,23814
45,2006,164990,3,18,11,731242,-1,-1,-1,-1,-1,0,0,0,0,0
46,2006,79717,4,17,11,353777,3696,4,38,36,46349,-1,-1,-1,-1,-1
47,2006,336374,4,18,11,1645025,-1,5,21,21,-1,0,0,0,0,0
48,2006,69695,3,19,11,353354,-1,-1,-1,-1,-1,-1,-1,-1,-1,-1
49,2006,170326,3,18,12,793120,2647,5,22,18,18966,-1,-1,-1,-1,-1
50,2006,110011,4,20,11,490072,-1,4,27,27,-1,-1,-1,-1,-1,-1
51,2006,34314,3,18,11,154481,-1,-1,-1,21,-1,-1,0,0,0,0
52,2006,182428,3,17,10,693427,2710,8,-1,-1,-1,1446,-1,-1,-1,-1
53,2006,175236,4,18,10,702195,-1,3,-1,-1,-1,-1,-1,-1,-1,-1
73,2006,161677,4,19,12,875179,1759,-1,22,20,-1,0,-1,0,0,0
55,2006,13757,4,20,11,78285,-1,-1,-1,-1,-1,0,-1,-1,-1,-1
56,2006,18124,3,21,12,81051,-1,-1,-1,-1,-1,0,0,0,0,0
57,2006,7791,4,20,11,42001,-1,-1,25,25,-1,-1,-1,-1,-1,-1
58,2006,34257,4,18,10,150494,-1,-1,-1,-1,-1,-1,-1,-1,-1,-1
59,2006,34726,4,20,11,163973,-1,4,16,12,-1,0,-1,-1,-1,-1
60,2006,57121,4,16,9,211572,-1,0,0,0,0,0,0,0,0,0
61,2006,10083,4,21,11,46998,-1,-1,-1,-1,-1,0,0,0,0,0
63,2006,15801,3,17,10,55211,-1,-1,-1,-1,-1,0,-1,-1,-1,-1
74,2006,175340,4,20,11,832584,1508,6,25,22,13594,-1,-1,-1,-1,-1
64,2006,33746,3,20,11,138958,1632,3,29,22,10472,-1,-1,-1,-1,-1
65,2006,11357,4,19,11,52296,313,5,23,17,3173,-1,-1,-1,-1,-1
66,2006,11357,4,19,11,52296,313,5,23,17,3173,-1,-1,-1,-1,-1
67,2006,10703,7,24,14,122073,957,-1,77,-1,-1,296,1,170,150,-1
9,2006,7327,7,25,14,81719,474,7,-1,-1,-1,-1,1,216,190,-1
68,2006,3376,9,23,13,40353,482,-1,32,20,-1,-1,-1,-1,-1,-1
69,2006,24378,5,19,11,142615,1153,7,23,18,13840,-1,-1,-1,-1,-1
0,2007,12346856,4,20,12,68240818,508764,4,38,34,6250801,78637,1,102,94,792157
1,2007,991394,5,21,13,6943173,148065,5,35,32,1779307,32742,1,156,142,515927
2,2007,201444,3,19,12,907558,10337,4,24,22,98015,-1,1,-1,-1,-1
3,2007,279354,5,22,14,2351302,59540,5,28,28,689073,15721,1,-1,-1,122237
4,2007,207851,6,22,13,1740706,37217,5,50,41,400371,4053,1,213,194,80447
5,2007,202770,5,22,14,1549220,37543,4,41,36,558083,11517,1,214,191,308252
6,2007,99975,3,18,11,394387,3428,4,18,16,-1,-1,-1,-1,-1,-1
7,2007,16486,5,18,11,104548,0,0,0,0,0,-1,-1,-1,-1,-1
8,2007,326,-1,16,11,1898,0,0,0,0,0,0,0,0,0,0
9,2007,16160,5,18,11,102650,0,0,0,0,0,-1,-1,-1,-1,-1
10,2007,3909583,4,21,12,22627293,131616,4,40,35,1632653,12541,1,50,57,65028
11,2007,737042,3,19,11,2923285,16027,4,22,20,91991,732,1,23,23,-1
12,2007,437093,4,20,11,2021723,24716,5,23,19,186536,1900,1,28,28,6111
13,2007,332977,5,21,11,2015272,3034,-1,-1,-1,33185,-1,-1,-1,-1,-1
14,2007,717298,5,23,12,4970199,7417,5,-1,-1,119308,-1,-1,-1,-1,-1
15,2007,488826,5,21,12,3360392,14352,5,39,35,491526,0,-1,-1,-1,-1
16,2007,315864,5,23,14,2591359,16878,4,51,47,176203,3198,-1,-1,-1,-1
17,2007,496604,4,21,13,2680881,35232,4,34,22,336960,-1,1,26,26,-1
18,2007,105908,5,22,11,572910,2214,5,28,23,27925,-1,-1,-1,-1,-1
19,2007,192693,3,20,13,942432,10388,3,-1,-1,-1,-1,1,-1,-1,-1
20,2007,77074,5,23,12,512542,1300,4,33,25,18584,0,0,0,0,0
78,2007,8204,4,20,10,36298,-1,-1,-1,-1,-1,0,0,0,0,0
21,2007,4651292,4,20,12,25532789,189797,4,40,36,2276668,22996,1,81,75,161622
22,2007,255060,3,18,10,1008634,1292,4,22,17,-1,-1,-1,-1,-1,-1
72,2007,203895,3,20,11,802258,-1,3,17,13,-1,0,-1,-1,-1,-1
24,2007,266869,3,19,11,1101929,15815,3,22,18,94042,379,1,20,20,759
25,2007,454918,3,18,10,1682097,12500,5,35,-1,130141,0,0,0,0,0
26,2007,330577,5,22,12,2040814,18539,5,54,49,285374,5313,1,-1,-1,-1
15,2007,245135,6,24,13,1934250,14192,5,44,41,234129,-1,-1,-1,-1,-1
27,2007,275994,5,23,14,1949686,15112,3,41,-1,176374,4894,1,-1,-1,-1
28,2007,519337,5,23,13,3821255,27149,6,27,22,342207,0,-1,0,0,0
29,2007,368722,3,20,12,1671534,20020,5,23,21,193876,-1,-1,-1,-1,-1
30,2007,474580,4,18,10,1995527,22612,4,23,17,-1,-1,-1,-1,-1,-1
31,2007,220423,5,22,14,1490264,12531,4,62,60,137112,224,1,275,275,12341
32,2007,134060,4,18,12,867373,0,-1,-1,-1,17952,0,1,30,30,605
33,2007,192217,5,22,13,1513584,9210,5,55,50,147535,2064,1,160,146,-1
34,2007,217332,4,19,12,1198469,-1,-1,-1,-1,-1,0,-1,-1,-1,-1
77,2007,208998,4,22,13,1351965,12853,3,-1,-1,219341,-1,1,-1,-1,-1
75,2007,198288,3,21,11,758353,-1,-1,-1,-1,-1,-1,-1,-1,-1,-1
76,2007,84889,3,21,11,344796,1205,3,-1,-1,9662,-1,-1,-1,-1,-1
35,2007,45173,5,16,12,248215,-1,-1,-1,-1,-1,0,0,0,0,0
36,2007,800,-1,-1,-1,4768,0,0,0,0,0,0,0,0,0,0
37,2007,5137,7,-1,-1,28591,0,0,0,0,0,0,0,0,0,0
38,2007,39236,4,17,12,214856,-1,-1,-1,-1,-1,0,0,0,0,0
39,2007,159293,3,19,11,718143,820,4,26,20,8908,-1,-1,-1,-1,-1
40,2007,73772,3,19,11,280769,-1,-1,-1,-1,-1,-1,-1,-1,-1,-1
41,2007,48660,3,20,11,280628,293,-1,-1,-1,-1,0,0,-1,0,0
42,2007,23529,3,18,11,87679,-1,-1,-1,-1,-1,-1,-1,-1,-1,-1
79,2007,5123,3,19,12,26708,192,4,22,18,1365,-1,-1,-1,-1,-1
80,2007,8209,3,20,11,42360,0,-1,-1,-1,-1,0,0,0,0,0
43,2007,2491216,4,19,11,11620826,36721,4,36,32,533116,9528,1,61,53,38920
44,2007,245337,4,19,11,1282836,4991,5,-1,-1,-1,2958,-1,-1,-1,-1
45,2007,191391,3,19,11,815577,1547,4,21,18,10700,0,0,0,0,0
46,2007,102510,3,18,11,503140,5914,4,31,27,72550,-1,-1,-1,-1,-1
47,2007,364832,4,19,12,1812478,7056,4,31,28,90076,-1,-1,-1,-1,-1
48,2007,80574,3,19,12,408453,797,-1,26,22,3009,-1,-1,-1,-1,-1
49,2007,198584,3,18,10,729444,-1,-1,-1,-1,-1,-1,1,34,26,-1
50,2007,146193,4,21,11,693970,1068,-1,22,20,-1,0,0,0,0,0
51,2007,42165,3,17,11,186474,-1,5,22,18,-1,753,1,27,24,1454
52,2007,233123,3,17,10,869033,2940,4,32,-1,-1,-1,-1,-1,-1,-1
53,2007,258055,4,20,11,1304086,-1,3,-1,-1,-1,0,-1,-1,-1,-1
73,2007,160128,4,18,13,952988,298,1,30,30,894,-1,1,-1,-1,-1
55,2007,13222,4,20,11,75111,129,3,97,94,4396,-1,-1,-1,-1,-1
56,2007,15668,4,20,12,72896,-1,-1,-1,-1,-1,0,0,0,0,0
57,2007,9717,3,19,11,40847,-1,-1,-1,-1,-1,0,-1,-1,-1,-1
58,2007,59826,5,17,10,280199,-1,-1,-1,-1,-1,287,-1,-1,-1,-1
59,2007,33126,4,20,11,156439,-1,-1,-1,-1,-1,0,0,0,0,0
60,2007,62378,3,17,10,218032,-1,-1,-1,-1,-1,-1,0,0,0,0
61,2007,15148,4,21,11,71706,-1,5,26,24,-1,-1,-1,-1,-1,-1
63,2007,20393,3,16,9,65944,528,4,19,13,4823,0,-1,-1,-1,-1
74,2007,196873,4,19,11,893187,-1,-1,-1,-1,-1,-1,-1,-1,-1,-1
64,2007,41974,4,19,11,187987,1473,4,20,19,9213,-1,-1,-1,-1,-1
81,2007,41678,4,19,12,213866,-1,-1,-1,-1,-1,0,-1,0,0,0
82,2007,18468,4,19,11,86148,0,0,0,0,0,0,0,0,0,0
83,2007,2889,3,17,14,12422,0,0,0,0,0,0,0,0,0,0
84,2007,14797,5,19,12,88831,-1,-1,-1,-1,-1,0,0,0,0,0
85,2007,5524,3,19,13,26464,0,0,0,0,0,0,-1,0,0,0
65,2007,12318,4,17,10,58475,373,4,24,-1,-1,-1,-1,-1,-1,-1
66,2007,12318,4,17,10,58475,373,4,24,-1,-1,-1,-1,-1,-1,-1
69,2007,28421,5,20,11,173489,373,4,24,-1,-1,-1,-1,-1,-1,-1
0,2008,11961544,4,21,12,71748172,462893,5,33,30,5992483,108561,1,95,111,1348071
1,2008,981902,5,22,13,7402362,134080,5,34,29,1572329,52481,1,144,169,864100
2,2008,198187,4,19,12,986469,16940,6,24,20,210423,5856,1,-1,-1,-1
3,2008,281769,5,23,15,2452442,65058,5,30,24,696015,18971,1,161,159,376030
4,2008,209653,6,23,13,1937646,25293,6,43,37,315633,7444,1,126,125,-1
5,2008,202244,5,24,14,1640855,24206,4,49,42,315391,20210,1,175,251,332217
6,2008,90050,3,18,11,384949,2584,-1,-1,-1,-1,0,0,0,0,0
7,2008,7358,4,17,11,37689,469,4,-1,-1,-1,-1,-1,-1,-1,-1
8,2008,-1,-1,-1,-1,-1,-1,-1,-1,-1,-1,-1,0,0,0,0
9,2008,7212,4,17,10,37064,-1,-1,-1,-1,-1,-1,-1,-1,-1,-1
10,2008,3977295,4,21,12,25104169,145523,5,27,23,1647612,24444,1,51,57,134793
11,2008,706257,3,19,12,3137852,18935,4,18,16,158938,-1,-1,-1,-1,-1
12,2008,384779,4,20,12,1856699,13804,5,24,21,158139,-1,-1,-1,-1,-1
13,2008,391972,5,23,12,2590965,2980,-1,-1,-1,-1,-1,-1,-1,-1,-1
14,2008,787869,5,23,12,5820865,16855,6,28,23,194376,3550,1,26,26,9293
15,2008,508233,5,22,12,3796567,29876,5,37,32,397508,-1,1,-1,-1,-1
16,2008,401328,5,21,14,3220469,22207,5,28,24,280169,3394,1,-1,-1,-1
17,2008,462255,3,22,14,2608776,29514,4,25,20,183575,-1,1,30,27,-1
18,2008,105909,4,23,12,686374,-1,-1,-1,-1,-1,-1,-1,-1,-1,-1
19,2008,158114,4,21,13,875544,9444,3,27,22,70963,3170,1,-1,-1,-1
20,2008,62237,5,23,12,462028,1257,5,24,19,12216,-1,-1,-1,-1,-1
78,2008,8340,5,20,10,48029,-1,-1,-1,-1,-1,0,0,0,0,0
21,2008,4619840,4,20,12,27861544,152489,5,40,38,2339743,22282,1,76,99,265993
22,2008,263709,3,18,10,1045719,2644,4,31,20,29621,-1,0,0,0,0
72,2008,192232,3,19,11,753459,2166,4,-1,20,16111,-1,-1,-1,-1,-1
24,2008,290901,3,19,10,1054566,4144,4,-1,-1,-1,2080,1,-1,-1,-1
25,2008,401506,3,19,10,1645837,14016,5,24,25,154066,-1,-1,-1,-1,-1
26,2008,321952,5,22,13,2193989,18858,4,91,89,300725,7517,1,198,197,-1
15,2008,257622,6,23,14,2295766,14164,6,59,55,249205,-1,-1,-1,-1,-1
27,2008,281954,6,23,14,2744848,13238,-1,27,25,477868,3760,1,29,29,10671
28,2008,491745,6,23,13,4282646,34251,5,27,23,377531,2309,1,29,31,9919
29,2008,332943,4,20,11,1641471,8331,3,16,-1,71816,-1,-1,-1,-1,-1
30,2008,504387,4,20,11,2667621,7363,4,29,30,95018,-1,-1,-1,-1,-1
31,2008,143664,5,22,14,1108192,6564,5,25,25,83636,0,0,0,0,0
32,2008,179681,3,18,12,925302,-1,-1,-1,20,-1,0,0,0,0,0
33,2008,194160,5,22,13,1521871,7335,4,34,30,111724,-1,1,-1,-1,-1
34,2008,243336,4,18,13,1247448,-1,-1,-1,15,-1,0,0,0,0,0
77,2008,247437,4,21,13,1691752,10455,4,-1,-1,182192,0,-1,-1,-1,-1
75,2008,186192,3,19,10,720518,-1,-1,-1,-1,-1,-1,-1,-1,-1,-1
76,2008,86420,3,20,12,320540,-1,3,-1,-1,-1,0,-1,-1,-1,-1
35,2008,27632,5,20,13,232357,0,0,0,0,0,0,0,0,0,0
36,2008,1267,4,17,12,6997,0,0,0,0,0,0,0,0,0,0
37,2008,-1,-1,-1,-1,-1,0,0,0,0,0,0,0,0,0,0
38,2008,22685,4,21,13,192106,0,0,0,0,0,0,0,0,0,0
39,2008,157858,3,19,11,800549,660,4,39,29,6396,-1,-1,-1,-1,-1
40,2008,75390,3,20,12,362440,-1,-1,-1,-1,-1,-1,-1,-1,-1,-1
41,2008,43703,3,19,11,265485,-1,-1,-1,-1,-1,0,0,0,0,0
42,2008,22438,3,18,10,95879,0,0,0,0,0,0,0,0,0,0
79,2008,5832,3,22,14,32118,104,3,-1,-1,-1,38,-1,-1,-1,-1
80,2008,10495,3,18,11,44627,-1,-1,-1,-1,-1,-1,0,0,0,0
43,2008,2109137,4,19,11,9900771,28108,5,30,27,389715,8220,1,71,66,79584
44,2008,225158,4,20,11,1177269,5141,6,43,42,106505,-1,1,-1,-1,-1
45,2008,164469,3,20,12,725493,2359,4,-1,-1,22771,-1,-1,-1,-1,-1
46,2008,82909,3,19,12,411234,3771,4,24,21,55422,-1,1,-1,-1,-1
47,2008,289146,4,19,12,1663129,-1,-1,35,-1,-1,0,-1,-1,-1,-1
48,2008,71682,3,19,11,323457,-1,-1,-1,-1,-1,-1,-1,-1,-1,-1
49,2008,155899,3,18,11,574608,-1,-1,-1,-1,-1,-1,-1,-1,-1,-1
50,2008,137897,4,20,12,674300,-1,-1,-1,-1,-1,-1,-1,-1,-1,-1
51,2008,39363,3,18,11,186247,943,5,26,18,9411,209,1,24,24,756
52,2008,206311,4,18,10,817940,1144,4,-1,-1,-1,-1,-1,-1,-1,-1
53,2008,194414,4,19,11,923478,-1,-1,-1,-1,-1,0,0,0,0,0
73,2008,146615,3,18,12,638011,-1,-1,-1,-1,7595,-1,-1,-1,-1,-1
55,2008,11775,4,19,11,60231,-1,0,0,0,0,-1,-1,-1,-1,-1
56,2008,15554,3,20,13,82704,-1,-1,-1,-1,-1,0,0,0,0,0
57,2008,6964,3,20,11,27864,0,-1,-1,-1,-1,0,0,0,0,0
58,2008,52032,5,17,10,265886,-1,-1,20,18,-1,-1,-1,-1,-1,-1
59,2008,30784,4,19,11,156009,-1,-1,-1,-1,-1,0,0,0,0,0
60,2008,53500,3,17,10,194590,-1,-1,-1,-1,-1,0,0,0,0,0
61,2008,11803,4,21,11,54198,251,5,17,17,1843,-1,-1,-1,-1,-1
63,2008,16703,3,16,9,56274,-1,-1,-1,-1,-1,0,0,0,0,0
74,2008,161080,4,20,11,741005,2670,6,24,24,30177,-1,-1,-1,-1,-1
64,2008,35084,3,20,11,146843,968,4,28,19,5818,-1,-1,-1,-1,-1
81,2008,44428,3,18,12,207697,-1,-1,-1,-1,-1,-1,0,0,0,0
82,2008,20958,3,19,12,91126,-1,2,20,20,84,-1,0,0,0,0
83,2008,2043,4,19,15,12643,0,0,0,0,0,0,0,0,0,0
84,2008,15099,4,18,12,72679,-1,-1,-1,-1,-1,0,0,0,0,0
85,2008,6328,4,15,12,31250,0,-1,-1,-1,-1,0,0,0,0,0
65,2008,11481,4,19,11,60002,660,4,39,29,6396,415,1,45,56,2978
66,2008,11481,4,19,11,60002,-1,-1,-1,-1,-1,415,1,45,56,2978
69,2008,24613,5,19,11,141032,806,5,22,15,6354,-1,0,0,0,0
0,2009,13458202,4,21,12,78065930,512059,5,38,33,-1,116145,-1,159,134,-1
1,2009,1042317,5,22,13,7735336,117286,5,45,43,1697561,53088,-1,216,195,-1
7,2009,6970,6,21,12,60799,-1,-1,-1,-1,-1,-1,0,0,0,0
10,2009,4142977,4,21,12,25749751,168196,6,33,27,-1,39978,-1,133,100,-1
21,2009,5321361,4,21,12,31275830,193818,4,39,34,2096074,10279,-1,98,71,0
35,2009,19506,4,16,12,106819,0,-1,-1,-1,-1,0,0,-1,-1,0
39,2009,177336,3,18,11,736616,-1,4,20,17,-1,-1,0,-1,-1,0
43,2009,2662321,4,19,11,11996046,29500,4,35,32,354644,11331,-1,105,98,0
81,2009,46787,3,17,12,200055,-1,-1,27,22,-1,-1,-1,-1,-1,-1
65,2009,12632,4,19,11,66043,666,3,-1,-1,9242,274,0,102,98,0
69,2009,25996,5,18,10,138635,1329,6,21,16,12277,-1,0,-1,-1,0
0,2010,15372372,4,21,12,89724654,430883,6,36,30,7771463,90087,1,105,74,804935
1,2010,1102744,5,22,13,8411891,92378,5,26,20,1259777,16989,1,112,84,235735
2,2010,207932,4,19,12,1041910,7838,4,19,21,73440,-1,1,-1,-1,-1
3,2010,293931,5,22,13,2192528,38367,5,29,19,523576,8132,1,57,52,51410
4,2010,245073,7,23,13,2443644,18773,8,23,19,297527,-1,1,-1,52,16728
5,2010,222957,6,24,14,2129558,22128,5,28,21,335585,4634,1,172,142,-1
6,2010,132852,4,20,11,604251,-1,-1,-1,-1,-1,-1,1,-1,-1,-1
7,2010,14913,5,23,13,113378,-1,-1,-1,-1,-1,0,0,0,0,0
8,2010,14913,5,23,13,113378,0,0,0,0,0,0,1,0,0,0
9,2010,-1,-1,-1,-1,-1,-1,-1,-1,-1,-1,-1,-1,-1,-1,-1
10,2010,4325524,4,22,12,27691877,158498,5,41,36,2435019,37688,1,126,82,394492
11,2010,754230,3,19,11,3121207,6432,4,20,16,68704,2045,1,-1,-1,-1
12,2010,469094,3,21,12,2398629,10293,5,22,18,143501,2482,1,32,27,4556
13,2010,332281,4,23,12,2017309,5305,6,34,30,84563,5656,1,-1,149,95958
14,2010,734488,6,23,12,5764111,26945,5,38,34,352384,11693,1,-1,56,65345
15,2010,593512,5,22,12,4027929,18031,6,28,22,232955,1336,1,32,31,7834
16,2010,497988,6,23,14,4959663,38049,5,51,46,742829,7675,1,-1,-1,-1
17,2010,538760,4,22,14,3052809,37411,3,65,57,405287,-1,1,-1,-1,-1
18,2010,101789,5,22,11,676656,-1,-1,22,19,-1,-1,1,-1,-1,-1
19,2010,220652,3,22,13,1131678,6369,6,24,21,-1,-1,1,-1,-1,-1
20,2010,75526,5,22,12,506448,1714,-1,30,22,-1,-1,1,-1,-1,-1
78,2010,7205,4,20,11,35440,-1,-1,-1,-1,-1,-1,1,-1,-1,-1
21,2010,6226091,4,21,12,36472483,145129,7,35,27,2722229,19805,1,64,46,76120
22,2010,334364,3,19,10,1251937,2095,5,20,17,17019,0,0,0,0,0
72,2010,268053,3,20,11,896270,-1,-1,-1,-1,-1,-1,1,-1,-1,-1
24,2010,319916,3,19,11,1141803,9833,4,23,19,73548,-1,1,-1,-1,-1
25,2010,625043,3,19,11,2466777,-1,-1,-1,-1,-1,0,0,0,0,0
26,2010,556997,5,23,13,4064254,17308,-1,30,23,-1,2027,1,-1,-1,-1
15,2010,375797,5,25,14,3227569,18237,5,50,41,310445,2170,1,30,29,8763
27,2010,333861,5,24,14,2551225,16334,4,35,42,183674,-1,1,-1,-1,-1
28,2010,612956,5,25,14,5311823,25884,7,26,23,452526,-1,1,-1,-1,-1
29,2010,467135,4,20,11,2201836,9634,5,19,16,55176,0,0,0,0,0
30,2010,687474,5,20,11,4010529,-1,5,24,19,-1,-1,1,-1,-1,-1
31,2010,235271,5,24,14,1735982,9070,6,24,22,-1,-1,1,-1,-1,-1
32,2010,185950,3,18,12,781396,0,-1,-1,-1,-1,0,0,0,0,0
33,2010,304936,5,23,13,1997752,5876,3,58,-1,70883,-1,1,-1,-1,-1
34,2010,275736,4,18,12,1222987,-1,-1,-1,-1,-1,0,1,0,0,0
77,2010,344350,5,23,13,2387096,8110,5,19,18,79908,-1,1,-1,-1,-1
75,2010,169163,3,19,11,686326,-1,-1,-1,-1,-1,0,0,0,0,0
76,2010,129090,3,20,12,536921,1291,3,26,22,-1,0,0,0,0,0
35,2010,37251,4,19,12,184461,-1,-1,-1,-1,-1,0,0,0,0,0
36,2010,1312,5,18,11,6708,0,0,0,0,0,0,0,0,0,0
37,2010,3779,8,16,11,31579,-1,0,0,0,0,0,0,0,0,0
38,2010,32160,4,19,12,146174,0,-1,-1,-1,-1,0,0,0,0,0
39,2010,252256,3,18,11,1104400,-1,4,22,17,6462,-1,0,-1,-1,-1
40,2010,109007,3,18,12,484601,-1,3,23,18,4336,-1,0,-1,-1,-1
41,2010,99674,3,19,11,450326,-1,-1,-1,-1,-1,-1,0,0,0,0
42,2010,27499,3,19,11,104575,-1,0,0,0,0,0,0,0,0,0
79,2010,0,0,0,0,0,0,0,0,0,0,0,0,0,0,0
80,2010,16076,3,17,11,64898,0,0,0,0,0,0,0,-1,-1,-1
43,2010,3291440,4,19,11,15155064,32122,5,40,36,-1,13139,0,88,70,91105
44,2010,279113,4,22,12,1509095,-1,-1,-1,-1,-1,-1,0,-1,-1,-1
45,2010,232307,3,20,12,1109108,2090,4,25,23,33742,-1,0,-1,-1,-1
46,2010,103190,4,19,11,487649,1760,4,37,36,29362,-1,0,-1,-1,-1
47,2010,556366,4,19,12,3009213,8193,4,49,42,118563,-1,0,-1,-1,-1
48,2010,102345,3,19,11,534933,-1,-1,-1,-1,-1,-1,0,-1,-1,-1
49,2010,235143,3,18,10,824561,1179,-1,-1,-1,-1,0,0,-1,-1,-1
50,2010,152492,4,20,11,669689,-1,-1,-1,-1,-1,-1,0,-1,-1,-1
51,2010,62412,3,18,11,257578,-1,-1,-1,-1,-1,240,0,-1,-1,-1
52,2010,338130,3,17,10,1288906,3179,5,25,22,-1,2618,0,-1,-1,-1
53,2010,350097,4,19,11,1523997,273,-1,-1,-1,-1,1085,0,-1,-1,-1
73,2010,230146,4,19,12,1193131,-1,-1,-1,-1,-1,-1,0,-1,-1,-1
55,2010,19581,4,21,11,99853,-1,-1,-1,-1,-1,-1,0,-1,-1,-1
56,2010,34243,3,20,13,162991,-1,3,-1,-1,-1,0,0,0,0,0
57,2010,7694,3,21,13,38498,-1,-1,26,23,-1,0,0,0,0,0
58,2010,51124,4,19,10,227345,-1,-1,-1,-1,-1,-1,0,-1,-1,-1
59,2010,37477,4,18,11,187093,608,4,21,18,10715,-1,0,-1,-1,-1
60,2010,97718,3,17,10,343232,1350,-1,28,23,-1,0,0,-1,-1,-1
61,2010,14727,3,20,12,65497,-1,-1,-1,-1,-1,156,0,24,-1,-1
63,2010,34141,3,17,9,94559,336,-1,-1,-1,-1,0,0,0,0,0
74,2010,285873,3,21,12,1225842,-1,-1,-1,-1,-1,934,0,-1,-1,-1
64,2010,67120,4,19,11,302293,-1,-1,-1,-1,-1,-1,0,-1,-1,-1
81,2010,70328,3,19,12,332256,-1,-1,-1,-1,-1,0,0,0,0,0
82,2010,18150,3,21,12,86270,-1,-1,-1,-1,-1,0,0,0,0,0
83,2010,24256,3,17,12,113369,0,0,0,0,0,0,0,0,0,0
84,2010,16237,3,19,11,83575,-1,-1,-1,-1,-1,0,0,0,0,0
85,2010,11685,4,16,10,49042,0,0,0,0,0,0,0,0,0,0
65,2010,18821,4,21,12,106927,345,-1,-1,-1,-1,-1,0,-1,-1,-1
66,2010,18821,4,21,12,106927,345,-1,-1,-1,-1,-1,0,-1,-1,-1
69,2010,33003,4,19,10,151917,1213,4,23,18,7329,1622,1,28,27,3113
0,2011,14158795,4,21,12,78894848,532169,-1,32,26,14844827,123086,1,69,65,936107
1,2011,1207333,5,21,12,8661273,113047,6,24,18,1257128,17324,0,91,84,173252
2,2011,263304,3,19,12,1124859,9941,4,23,19,91584,-1,0,28,28,-1
3,2011,326129,6,22,12,2870327,43554,6,23,16,362576,6862,0,-1,146,121322
4,2011,239271,6,22,13,1999598,18314,6,24,18,206978,5485,0,40,38,-1
5,2011,235945,6,22,13,2119673,38389,6,28,21,578442,3307,0,-1,-1,-1
6,2011,142684,3,17,11,546817,-1,-1,-1,-1,-1,-1,0,-1,-1,-1
7,2011,9514,6,17,13,-1,-1,-1,-1,-1,-1,-1,0,0,0,0
8,2011,-1,-1,-1,-1,-1,0,0,0,0,0,0,0,0,0,0
9,2011,9042,-1,18,14,-1,-1,-1,-1,-1,-1,-1,0,0,0,0
10,2011,4140862,4,21,12,23979419,172777,-1,37,29,-1,47126,1,66,60,346315
11,2011,854335,3,18,11,3410327,10092,4,-1,-1,92652,-1,0,-1,-1,-1
12,2011,457048,3,21,11,1999076,10545,4,20,15,70233,-1,0,-1,-1,-1
13,2011,316549,4,23,11,1921557,10616,4,26,19,84981,3873,0,75,73,34255
14,2011,572754,5,23,12,4112137,15342,-1,27,23,-1,9357,0,80,78,-1
15,2011,541593,5,22,12,3836882,33632,4,29,22,423212,8066,0,-1,-1,12494
16,2011,370585,6,22,13,3255837,48336,7,64,47,799279,5112,0,-1,-1,-1
17,2011,614316,3,21,13,2882988,25603,5,40,34,308752,9278,0,-1,33,-1
18,2011,115448,4,23,12,569746,3439,5,25,19,57687,-1,0,-1,25,5025
19,2011,226110,4,21,13,1488008,12158,4,30,25,84431,-1,0,-1,-1,-1
20,2011,65454,4,23,12,439537,2979,5,21,18,19297,1011,0,28,25,3177
78,2011,6670,4,21,-1,63324,-1,-1,-1,-1,-1,-1,0,-1,-1,-1
21,2011,5770724,4,21,12,32506054,196025,6,31,28,2649530,42750,1,64,65,316764
22,2011,367750,3,18,10,1196360,2659,5,21,14,29181,1048,0,18,27,2882
72,2011,240198,3,20,10,747247,-1,-1,-1,-1,-1,-1,0,-1,-1,-1
24,2011,338672,3,19,11,1221120,8851,5,24,19,48199,-1,0,-1,-1,23869
25,2011,536940,3,19,10,2146712,17915,5,19,14,83727,-1,0,-1,-1,-1
26,2011,463025,5,23,13,3494111,37920,5,37,34,539244,7776,0,64,54,-1
15,2011,375002,6,25,14,3129817,33803,6,34,27,510751,-1,0,50,45,-1
27,2011,338858,5,24,14,2490505,11604,5,25,23,186198,4413,0,-1,-1,-1
28,2011,512224,5,23,13,4260766,34654,8,26,28,772158,6119,0,19,44,50284
29,2011,366551,4,20,11,1862705,-1,-1,-1,-1,-1,-1,0,0,-1,-1
30,2011,650373,4,20,11,3365241,13313,5,24,20,145583,0,0,-1,0,0
31,2011,235021,4,23,14,1490745,10775,5,26,25,118883,-1,0,-1,-1,-1
32,2011,166220,3,18,11,691228,-1,-1,-1,-1,-1,-1,0,0,0,0
33,2011,299799,5,23,12,2158928,4888,5,112,101,64524,-1,0,-1,-1,38407
34,2011,193097,3,18,13,944852,-1,-1,-1,-1,-1,-1,0,-1,-1,-1
77,2011,351810,4,22,13,2121237,8729,4,25,26,65261,-1,0,-1,-1,-1
75,2011,223838,3,18,10,749090,-1,-1,-1,-1,-1,0,0,-1,-1,-1
76,2011,111346,3,21,12,435390,791,2,21,21,2595,0,0,0,0,0
35,2011,37175,4,20,12,203400,-1,-1,-1,-1,-1,-1,0,-1,-1,-1
36,2011,1646,4,16,10,6303,-1,-1,-1,-1,-1,-1,0,-1,-1,-1
37,2011,-1,7,-1,10,-1,-1,0,0,-1,0,0,0,0,0,0
38,2011,29379,4,21,13,151369,0,-1,0,0,0,-1,0,-1,0,0
39,2011,252693,3,18,11,1052180,3327,4,-1,22,25998,-1,1,25,25,832
40,2011,119919,3,19,12,512539,-1,4,-1,-1,14557,-1,0,-1,-1,-1
41,2011,94328,3,17,10,386716,-1,0,0,-1,0,0,0,0,0,0
42,2011,24753,3,19,10,100707,-1,-1,-1,-1,-1,0,0,0,0,0
80,2011,13693,3,18,10,52219,-1,-1,-1,-1,-1,-1,0,-1,-1,-1
43,2011,2624031,3,19,11,11901013,42500,5,28,24,470766,12320,1,70,65,88648
44,2011,243353,4,21,12,1319879,6000,5,46,38,57994,3837,0,-1,-1,-1
45,2011,203059,3,20,11,934045,4225,4,23,18,29836,-1,0,-1,-1,-1
46,2011,85405,4,18,11,399097,3416,4,32,30,41770,1136,0,-1,-1,-1
47,2011,475369,4,20,11,2430805,10146,6,28,26,181110,-1,0,-1,-1,-1
48,2011,56247,3,18,12,250904,-1,-1,-1,-1,-1,-1,0,-1,-1,-1
49,2011,200000,3,18,10,800357,5585,4,21,17,37946,0,0,0,0,0
50,2011,132581,3,20,12,568269,-1,-1,-1,-1,-1,-1,0,-1,-1,-1
51,2011,55720,3,18,11,251849,-1,6,-1,19,-1,-1,0,-1,-1,-1
52,2011,280832,3,17,11,1085553,1109,-1,17,17,-1,943,0,33,33,2584
53,2011,253907,3,19,11,1074972,-1,-1,-1,-1,-1,-1,0,-1,-1,-1
73,2011,146904,3,18,11,631544,-1,5,-1,-1,-1,-1,0,-1,-1,-1
55,2011,16430,4,20,11,79469,231,4,15,18,1316,111,0,-1,-1,-1
56,2011,30294,3,22,13,132916,-1,-1,-1,-1,-1,0,0,0,0,0
57,2011,6766,3,21,13,33462,-1,-1,-1,-1,-1,-1,0,-1,-1,-1
58,2011,58853,4,19,10,232007,-1,-1,-1,-1,-1,-1,0,-1,-1,-1
59,2011,37192,3,19,10,148202,-1,-1,-1,-1,-1,0,0,0,0,0
60,2011,71863,3,17,9,260901,1465,3,19,13,4528,0,0,-1,-1,-1
61,2011,10382,3,20,12,55873,-1,-1,-1,-1,-1,-1,0,-1,-1,-1
63,2011,22741,3,16,9,64985,951,3,22,14,-1,0,0,0,0,0
74,2011,190638,4,20,11,867307,3496,5,25,16,27922,-1,0,-1,-1,-1
64,2011,45497,4,20,11,278619,1258,5,21,17,6340,0,0,0,0,0
81,2011,67909,3,18,11,276923,429,3,-1,-1,4457,-1,0,-1,-1,-1
82,2011,21097,3,16,11,82297,-1,-1,-1,-1,3236,0,0,0,0,0
83,2011,21704,4,19,12,94364,0,0,-1,0,0,0,0,0,0,0
84,2011,12471,3,18,11,49039,-1,-1,-1,-1,-1,-1,0,-1,-1,-1
85,2011,12637,3,19,12,51223,-1,-1,-1,-1,-1,0,0,0,0,0
65,2011,15271,4,21,11,80791,-1,-1,-1,-1,-1,-1,0,-1,-1,-1
66,2011,15271,4,21,11,80791,-1,-1,-1,-1,-1,-1,0,-1,-1,-1
69,2011,33283,4,18,10,153512,2374,5,29,25,18950,2901,1,41,40,8911
0,2012,15852818,4,21,12,85490740,504684,5,32,27,6218293,148737,0,93,87,1424152
1,2012,1310391,5,21,13,9343260,105120,6,25,19,990811,62535,0,119,111,739812
2,2012,315796,3,17,12,1596926,22610,4,22,19,174852,5219,0,-1,-1,-1
3,2012,350095,6,22,13,2967563,39879,6,26,19,403920,29588,0,142,135,428991
4,2012,259470,5,22,12,1966966,20418,6,24,17,207043,19109,0,122,117,242467
5,2012,254591,6,22,13,2184516,18525,5,24,19,182454,8167,0,60,49,35846
6,2012,130439,3,20,12,627290,-1,-1,-1,-1,-1,-1,0,-1,-1,-1
7,2012,9969,5,19,13,74924,0,0,0,0,0,-1,0,-1,-1,-1
8,2012,-1,-1,-1,-1,-1,0,0,0,0,0,0,0,0,0,0
9,2012,8221,5,19,13,63002,0,0,0,0,0,-1,0,-1,-1,-1
10,2012,4559110,4,21,12,25137417,189173,4,37,30,2072431,24440,0,82,79,256965
11,2012,894040,3,20,12,3706994,11816,3,35,30,97773,-1,0,-1,-1,-1
12,2012,553721,3,20,12,2423107,11142,4,20,17,64579,-1,0,-1,-1,-1
13,2012,286422,4,22,11,1577006,7840,4,25,21,85722,-1,0,116,116,25911
14,2012,618150,5,22,12,4282904,18652,5,24,21,214757,-1,0,-1,-1,-1
15,2012,607936,4,21,12,3753086,33025,4,32,25,327522,3475,0,-1,-1,-1
16,2012,447153,4,22,13,3264933,49414,5,46,37,605796,3800,0,57,59,-1
17,2012,700746,3,21,13,3654534,32178,4,31,25,303362,-1,0,35,34,26158
18,2012,98220,4,22,11,598451,6840,6,26,22,117263,-1,0,-1,-1,-1
19,2012,282667,3,21,13,1440050,15791,4,76,55,241278,2149,0,205,193,55097
20,2012,62898,4,23,12,399302,-1,-1,-1,-1,-1,0,0,-1,-1,-1
78,2012,7156,4,20,11,37051,-1,-1,-1,-1,-1,-1,0,-1,-1,-1
21,2012,6437660,4,21,12,35563396,154916,7,32,28,2599041,44617,0,71,65,296935
22,2012,394681,3,18,10,1233066,3859,3,20,16,21100,-1,0,-1,-1,-1
72,2012,210812,3,19,10,631046,2644,3,-1,-1,32729,-1,0,-1,-1,-1
24,2012,341621,3,19,10,1310282,4527,-1,-1,-1,13829,3936,0,-1,-1,-1
25,2012,579381,3,19,10,2159145,-1,5,21,19,-1,-1,0,-1,-1,-1
26,2012,507131,5,23,13,3645921,22032,6,28,21,225272,6488,0,212,189,54578
15,2012,403232,6,25,14,3377197,18531,5,27,21,246995,-1,0,-1,-1,-1
27,2012,439280,5,23,14,3159089,30233,7,28,24,426830,-1,0,-1,-1,-1
28,2012,803423,5,23,13,6123893,34056,7,29,25,551788,3695,0,29,29,16223
29,2012,409422,3,21,12,1781993,2164,-1,23,20,-1,-1,0,-1,-1,-1
30,2012,567563,4,19,11,2746542,6954,6,19,17,-1,-1,0,0,0,0
31,2012,268166,4,21,13,1674359,7478,4,39,35,48574,3021,0,30,30,6581
32,2012,174073,3,18,11,742260,-1,-1,-1,-1,-1,0,0,0,0,0
33,2012,393988,5,24,13,2577644,11592,-1,-1,-1,-1,-1,0,-1,-1,-1
34,2012,231096,3,20,12,914825,0,-1,-1,-1,-1,387,0,30,30,1160
77,2012,382429,5,22,13,2347453,6309,5,32,30,104438,-1,0,-1,-1,-1
75,2012,205897,3,18,10,675170,-1,-1,-1,-1,-1,-1,0,-1,-1,-1
76,2012,125464,3,21,11,463511,-1,3,-1,-1,6786,-1,0,-1,-1,-1
35,2012,53603,4,17,12,281768,0,-1,-1,-1,-1,-1,0,-1,-1,-1
36,2012,1823,3,17,10,8077,0,0,0,0,0,0,0,0,0,0
37,2012,6956,6,14,12,52389,0,0,0,0,0,0,0,0,0,0
38,2012,44825,4,18,12,221303,0,-1,-1,-1,-1,-1,0,-1,-1,-1
39,2012,279614,3,18,11,1105348,1556,4,18,16,11327,1197,0,-1,-1,-1
40,2012,113194,3,19,11,468049,1335,4,18,13,6435,-1,0,-1,-1,-1
41,2012,122919,3,17,11,476984,-1,-1,-1,-1,-1,-1,0,-1,-1,-1
42,2012,28836,3,17,10,104338,-1,-1,-1,-1,-1,-1,0,0,0,0
80,2012,14665,3,18,11,55977,-1,-1,-1,-1,-1,0,0,-1,-1,-1
43,2012,3081305,3,19,11,13414314,50615,4,26,22,510419,9412,0,72,64,58295
44,2012,249635,4,20,11,1412531,9465,4,27,24,84628,-1,0,-1,-1,-1
45,2012,265384,3,20,11,1104853,6049,5,23,21,95207,1535,0,-1,-1,-1
46,2012,126476,3,19,11,510209,2201,3,29,23,16987,1434,0,-1,-1,-1
47,2012,556700,4,20,12,2940823,6532,4,26,25,57439,-1,0,-1,-1,-1
48,2012,86574,3,17,11,409350,-1,3,30,29,12558,0,0,0,0,0
49,2012,246704,3,17,10,891913,6579,4,24,17,43001,-1,0,-1,-1,-1
50,2012,174717,3,20,11,738726,3835,4,21,18,-1,-1,0,-1,-1,-1
51,2012,57503,3,20,12,237901,1211,4,-1,-1,-1,-1,0,-1,-1,-1
52,2012,287828,3,17,10,963553,-1,-1,-1,-1,20083,-1,0,-1,-1,-1
53,2012,355521,4,19,11,1451266,-1,5,24,18,-1,0,0,0,0,0
73,2012,120435,3,18,11,471713,649,4,19,16,5097,-1,0,-1,-1,-1
55,2012,20993,4,20,11,94389,1046,4,27,24,10019,-1,0,-1,-1,-1
60,2012,63753,3,16,10,208038,-1,-1,-1,-1,-1,-1,0,-1,-1,-1
61,2012,16641,3,22,12,72121,-1,-1,-1,-1,-1,-1,0,-1,-1,-1
63,2012,29038,3,17,10,84890,-1,-1,-1,-1,-1,0,0,0,0,0
74,2012,234362,4,20,11,1066569,-1,6,31,27,59978,-1,0,-1,-1,-1
64,2012,54331,4,20,11,235035,-1,-1,-1,-1,-1,0,0,0,0,0
86,2012,134711,3,19,11,520437,1353,-1,21,-1,19634,0,0,0,0,0
81,2012,69863,3,17,12,323417,-1,4,-1,-1,3369,-1,0,-1,-1,-1
82,2012,22981,3,17,11,117728,0,0,0,0,0,-1,0,-1,-1,-1
83,2012,23550,3,16,12,109828,0,-1,-1,-1,-1,0,0,0,0,0
84,2012,16060,3,18,12,65199,-1,4,-1,-1,3234,-1,0,-1,-1,-1
85,2012,7272,3,20,11,30661,0,0,0,0,0,0,0,0,0,0
65,2012,17468,4,21,11,83450,-1,-1,-1,-1,-1,-1,0,-1,-1,-1
66,2012,17468,4,21,11,83450,-1,-1,-1,-1,-1,-1,0,-1,-1,-1
69,2012,33835,4,19,11,163445,2707,6,29,24,29284,3478,0,49,41,14015
0,2013,16419521,4,21,12,89560144,499186,5,32,27,9578051,192853,0,108,96,1703269
1,2013,1378174,5,21,12,9530208,111279,5,30,23,1140611,75577,0,126,119,805659
2,2013,380712,3,19,12,1660809,20342,4,38,-1,126367,-1,0,-1,-1,-1
3,2013,349844,5,22,12,2612278,51410,5,25,18,462635,25988,0,120,116,312173
4,2013,279620,6,24,13,2786079,20271,6,24,18,248946,23015,0,63,62,117306
5,2013,221760,5,21,13,1804728,16597,5,39,32,285144,18891,0,158,145,221723
6,2013,146238,3,19,11,666313,-1,4,19,15,17519,1699,0,155,121,17742
7,2013,33306,5,18,11,213867,-1,-1,-1,-1,-1,-1,0,-1,-1,-1
8,2013,-1,-1,-1,-1,-1,0,0,0,0,0,-1,0,0,0,0
9,2013,31196,5,18,11,180632,-1,-1,-1,-1,-1,-1,0,-1,-1,-1
10,2013,4565669,4,21,12,25611129,162287,6,32,26,-1,42989,0,105,90,377536
11,2013,882151,3,20,12,4048829,26944,4,24,20,209799,-1,0,-1,-1,-1
12,2013,527515,4,20,12,2532369,15130,5,34,28,-1,2884,0,168,164,57796
13,2013,280821,4,22,11,1677908,7034,5,30,21,79166,-1,0,-1,-1,-1
14,2013,607410,5,22,12,3689157,13478,-1,27,21,-1,11570,0,-1,-1,72871
15,2013,640010,5,22,12,4288893,15820,4,29,22,233247,6016,0,-1,-1,59150
16,2013,509038,5,23,13,3606759,39130,5,45,40,498725,5045,0,-1,-1,-1
17,2013,686829,3,21,13,3434830,26453,5,30,23,326954,-1,0,-1,-1,-1
18,2013,99770,4,22,12,504977,3836,4,23,20,-1,-1,0,-1,-1,-1
19,2013,258463,3,22,13,1383662,12060,4,34,29,116954,-1,0,-1,-1,51163
20,2013,66636,4,23,12,410717,2384,4,28,22,19773,-1,0,-1,-1,-1
78,2013,7028,4,21,11,33027,-1,-1,22,15,-1,-1,0,-1,-1,-1
21,2013,6667548,4,21,12,37982685,184776,5,33,27,1974451,55144,0,93,79,458402
22,2013,384992,3,18,10,1335188,3551,4,23,17,36743,-1,0,-1,-1,15211
72,2013,211983,3,19,10,694662,3730,-1,66,62,-1,-1,0,-1,-1,-1
24,2013,348004,3,19,11,1255831,3954,4,23,20,33457,2695,0,102,80,19518
25,2013,594753,3,19,10,2303856,4668,-1,18,-1,-1,-1,0,-1,-1,-1
26,2013,543146,5,23,12,3864602,18317,6,25,20,247398,3056,0,-1,-1,-1
15,2013,447549,6,25,14,3847745,30854,5,29,24,242945,4899,0,33,33,9609
27,2013,457146,5,23,14,3737485,33972,5,47,41,376721,5263,0,28,27,8598
28,2013,774819,5,23,13,5926817,41521,5,33,26,513964,15485,0,91,73,82012
29,2013,410057,4,21,12,1808150,-1,4,-1,-1,-1,-1,0,-1,-1,-1
30,2013,595024,4,21,11,2780178,4592,4,23,23,27026,-1,0,-1,-1,-1
31,2013,246651,4,22,13,1665422,-1,4,28,23,77363,1909,0,76,76,14560
32,2013,197911,3,18,11,771420,-1,4,23,21,-1,-1,0,0,0,0
33,2013,383494,5,24,13,2669452,5264,4,26,21,59245,-1,0,-1,-1,-1
34,2013,255953,3,20,12,1167542,-1,3,17,14,-1,-1,0,-1,-1,-1
77,2013,403692,5,22,13,2725918,-1,-1,-1,-1,-1,1187,0,-1,-1,-1
75,2013,276519,3,19,10,917070,5142,3,-1,-1,13879,-1,0,-1,-1,-1
76,2013,135855,3,20,12,511347,2071,2,-1,-1,9712,-1,0,0,0,0
35,2013,62588,4,19,13,370389,-1,-1,-1,-1,-1,0,0,0,0,0
36,2013,1697,4,17,11,8742,-1,-1,-1,-1,-1,0,0,0,0,0
37,2013,-1,-1,-1,-1,-1,0,0,0,0,0,0,0,0,0,0
38,2013,52245,4,20,13,275219,0,0,0,0,0,0,0,0,0,0
39,2013,224902,3,18,11,913813,592,5,17,15,6796,-1,0,30,31,3903
40,2013,92524,3,18,11,418800,-1,5,17,15,-1,1073,0,32,-1,3100
41,2013,97671,3,18,11,361217,-1,-1,-1,-1,-1,-1,0,-1,-1,-1
42,2013,23320,3,18,11,85440,0,-1,-1,-1,-1,0,0,0,0,0
80,2013,11388,3,17,11,48355,-1,-1,-1,-1,-1,0,0,-1,-1,-1
43,2013,3342272,3,19,11,14272756,36801,4,41,36,431815,9262,0,94,75,52041
44,2013,243034,4,21,12,1158527,6086,4,78,68,135565,-1,0,-1,-1,-1
45,2013,282954,3,20,11,1241613,3130,5,22,19,31952,-1,0,0,0,0
46,2013,130657,3,19,11,544186,1872,4,28,24,26243,-1,0,112,112,-1
47,2013,594919,4,20,12,3079916,-1,2,28,23,16976,0,0,0,0,0
48,2013,77530,3,19,12,499253,1147,-1,17,16,-1,0,0,-1,-1,-1
49,2013,273857,3,18,10,916335,-1,-1,-1,-1,-1,0,0,0,0,0
50,2013,304387,3,20,12,1277389,-1,-1,-1,-1,-1,-1,0,-1,-1,-1
51,2013,67929,3,18,11,256763,-1,-1,-1,-1,-1,-1,0,-1,-1,-1
52,2013,325573,3,17,10,1051287,-1,-1,-1,-1,-1,-1,0,-1,-1,-1
53,2013,357669,4,19,11,1534826,-1,-1,-1,-1,-1,-1,0,0,0,0
73,2013,141932,3,18,12,568222,-1,-1,-1,-1,-1,-1,0,-1,-1,-1
55,2013,19844,4,20,11,100056,516,4,22,18,-1,-1,0,-1,-1,-1
60,2013,60887,3,16,9,197728,565,-1,20,20,-1,-1,0,0,0,0
61,2013,20893,3,21,11,81263,-1,-1,-1,-1,-1,-1,0,-1,-1,-1
63,2013,27344,3,17,10,87375,-1,-1,-1,-1,-1,0,0,0,0,0
74,2013,225135,4,20,11,935940,3621,5,-1,-1,71129,-1,0,-1,-1,-1
64,2013,59527,3,20,11,258034,-1,-1,-1,-1,-1,0,0,0,0,0
86,2013,128202,3,19,11,484045,-1,-1,-1,-1,-1,0,0,0,0,0
81,2013,86098,3,18,12,387971,-1,3,-1,25,6583,-1,0,-1,-1,-1
82,2013,34365,3,18,12,151551,-1,-1,-1,-1,-1,-1,0,0,0,0
83,2013,22783,4,17,12,112329,0,0,0,0,0,0,0,0,0,0
84,2013,19928,3,18,11,82582,133,3,-1,-1,1211,-1,0,-1,-1,-1
85,2013,9022,3,14,12,41510,133,-1,-1,-1,-1,0,0,0,0,0
65,2013,24696,4,20,11,116422,-1,-1,-1,-1,-1,-1,0,-1,-1,-1
66,2013,24696,4,20,11,116422,-1,-1,-1,-1,-1,-1,0,-1,-1,-1
69,2013,34266,4,19,11,160906,2181,6,25,20,28646,2239,0,29,28,3849
0,2014,17769868,4,21,12,93801389,588579,5,31,25,7604939,463200,0,129,107,5164479
1,2014,1440309,5,21,13,9360923,169428,5,28,20,2177722,223955,0,157,128,2942308
2,2014,494766,3,19,12,2157802,46639,4,22,18,323869,14516,0,154,115,109789
3,2014,346857,5,21,13,2727622,39012,5,28,19,443189,54957,0,204,167,992793
4,2014,238357,6,25,13,2080131,47516,7,33,22,-1,87279,0,126,94,828591
5,2014,205879,5,24,14,1686335,25531,5,27,20,263881,50943,0,181,165,944480
6,2014,154450,3,19,11,709033,10729,4,23,17,65906,16261,0,44,41,66655
7,2014,36436,4,20,11,163587,-1,-1,-1,-1,-1,0,0,0,0,0
8,2014,-1,-1,-1,-1,-1,0,0,0,0,0,0,0,0,0,0
9,2014,31208,3,20,11,136653,-1,-1,-1,-1,-1,0,0,0,0,0
10,2014,5229601,4,22,12,28544476,197283,5,28,23,2173366,119164,0,115,97,1283849
11,2014,1226177,3,20,12,5164532,26974,4,20,18,177777,-1,0,-1,-1,-1
12,2014,599115,4,21,12,2606815,15332,4,22,19,104264,19274,0,120,114,-1
13,2014,274007,4,21,11,1459449,9470,3,34,30,96010,-1,0,96,81,-1
14,2014,617029,5,22,12,3966636,22736,9,25,20,335008,47679,0,115,93,466851
15,2014,656319,5,22,12,4529704,33293,5,28,21,321776,4137,0,51,49,33799
16,2014,551759,5,23,13,4066436,28189,5,30,25,437990,3404,0,125,103,49814
17,2014,832490,3,22,13,4217105,43492,5,31,26,499442,14328,0,-1,-1,-1
18,2014,106083,4,22,10,568285,2774,4,22,17,32727,2206,0,165,164,38767
19,2014,296284,3,21,13,1494477,13505,4,37,26,133425,-1,0,-1,-1,-1
20,2014,62565,4,23,12,404188,1475,6,35,28,34509,3488,0,-1,-1,-1
78,2014,7773,6,22,11,66848,-1,-1,-1,-1,-1,-1,0,-1,-1,-1
21,2014,7173970,4,21,12,38903209,175596,6,38,32,2820489,81914,0,129,105,794691
22,2014,387161,3,18,10,1190989,-1,6,24,23,89671,4295,0,81,72,20588
72,2014,261491,3,18,10,781078,2070,-1,34,28,-1,0,0,0,0,0
24,2014,388123,3,20,11,1358508,5719,4,24,19,55432,2729,0,63,63,17848
25,2014,660402,3,19,11,2448658,8274,-1,-1,15,-1,-1,0,-1,-1,-1
26,2014,650307,5,24,13,4332257,21416,-1,26,24,-1,7084,0,-1,-1,-1
15,2014,483867,5,26,14,3923063,23467,5,41,32,388965,3388,0,-1,-1,-1
27,2014,473609,5,24,14,3437592,18353,6,27,26,262058,8584,0,201,152,163665
28,2014,743884,5,23,13,5611336,37114,5,48,44,452848,17119,0,165,134,216582
29,2014,492317,3,21,12,2095006,-1,-1,-1,-1,-1,-1,0,-1,-1,-1
30,2014,648226,4,20,11,2790751,14277,4,27,23,80801,-1,0,-1,-1,-1
31,2014,264419,4,23,14,1724397,8698,4,37,31,113477,2196,0,-1,-1,-1
32,2014,206058,3,17,11,968376,836,4,-1,-1,23610,0,0,0,0,0
33,2014,392830,5,24,13,2859723,10174,5,36,30,116103,-1,0,-1,-1,-1
34,2014,278590,3,20,12,1125176,-1,-1,-1,-1,-1,-1,0,-1,-1,-1
77,2014,445087,5,22,13,2809703,10786,3,52,-1,107313,-1,0,-1,-1,-1
75,2014,254934,3,18,10,846668,4341,4,-1,-1,44043,2854,0,-1,-1,-1
76,2014,142665,3,20,12,599928,1728,4,43,-1,21135,-1,0,-1,-1,-1
35,2014,55455,4,20,13,295492,-1,-1,-1,-1,-1,-1,0,-1,-1,-1
36,2014,2014,4,21,13,11541,-1,0,0,0,0,0,0,-1,-1,-1
37,2014,4517,5,14,13,30346,-1,0,0,0,0,-1,0,0,0,0
38,2014,48923,4,21,13,253606,-1,-1,-1,-1,-1,0,0,0,0,0
39,2014,298145,3,18,11,1203409,-1,6,22,19,26652,3447,0,47,37,15134
40,2014,128785,3,19,11,525919,-1,-1,-1,-1,-1,-1,0,-1,-1,-1
41,2014,130388,3,18,11,539183,-1,-1,-1,-1,-1,2675,0,-1,-1,-1
42,2014,24131,3,17,10,80627,-1,-1,-1,-1,-1,-1,0,-1,-1,-1
80,2014,14841,3,18,11,57680,-1,-1,-1,-1,-1,-1,0,22,22,-1
43,2014,3395179,3,20,11,14665311,37715,4,26,23,342524,32377,0,42,38,119449
44,2014,275348,4,22,13,1594424,5882,4,23,20,35459,14306,0,24,24,-1
45,2014,260518,3,21,11,1119369,-1,7,21,21,20204,-1,0,-1,-1,-1
46,2014,130148,4,19,11,569758,5646,6,35,31,140990,2332,0,-1,-1,-1
47,2014,670513,3,20,12,3131939,7116,3,25,22,43807,-1,0,-1,-1,-1
48,2014,94490,3,19,12,395584,-1,-1,-1,-1,-1,0,0,0,0,0
49,2014,267748,3,18,10,988357,6856,3,33,24,-1,-1,0,-1,-1,-1
50,2014,356251,3,21,12,1432643,-1,-1,-1,-1,-1,-1,0,-1,-1,-1
51,2014,66206,3,18,11,261626,-1,-1,-1,-1,-1,-1,0,-1,-1,-1
52,2014,288031,3,17,9,877015,-1,-1,-1,-1,-1,-1,0,-1,-1,-1
53,2014,331907,4,19,11,1417293,3868,-1,26,21,-1,-1,0,-1,-1,-1
73,2014,138100,3,19,12,574790,-1,-1,-1,-1,-1,-1,0,-1,-1,-1
55,2014,20655,4,21,11,109007,447,4,24,19,4715,239,0,28,28,543
60,2014,56915,3,18,10,187311,-1,5,18,16,6246,-1,0,-1,-1,-1
61,2014,21766,3,21,12,79628,-1,-1,-1,-1,-1,-1,0,-1,-1,-1
63,2014,28788,3,16,9,82365,-1,-1,-1,-1,-1,0,0,0,0,0
74,2014,224497,4,21,11,1071501,-1,-1,21,17,-1,1766,0,31,31,-1
64,2014,45568,4,21,11,210286,-1,0,0,0,0,-1,0,-1,-1,-1
86,2014,117731,4,20,12,562414,-1,-1,-1,-1,-1,-1,0,-1,-1,-1
81,2014,76603,3,17,11,334333,210,3,-1,-1,1725,-1,0,-1,-1,-1
82,2014,28764,3,17,11,127251,0,-1,-1,-1,-1,0,0,-1,-1,-1
83,2014,19152,3,15,12,81111,-1,0,0,0,0,0,0,0,0,0
84,2014,19928,3,18,11,82582,133,3,-1,-1,1211,-1,0,-1,-1,-1
85,2014,8758,3,16,12,43389,0,0,0,0,0,0,0,0,0,0
65,2014,25485,4,21,11,123978,-1,-1,-1,-1,-1,0,0,0,0,0
66,2014,25485,4,21,11,123978,-1,-1,-1,-1,-1,0,0,0,0,0
69,2014,38686,4,20,11,206670,1857,5,24,19,20240,2176,0,49,41,-1
0,2015,17685769,4,21,12,93982405,710221,5,36,30,7947663,758534,0,142,126,10622135
1,2015,1393934,4,21,12,8741947,195155,5,27,21,2079396,394699,0,176,159,6889040
2,2015,486343,3,19,12,2322133,54865,3,27,22,386440,80768,0,101,87,717689
3,2015,315296,5,22,13,2189099,59249,6,25,18,710808,119300,0,199,188,2434370
4,2015,254932,6,22,12,1974996,39445,7,26,17,520065,101679,0,204,194,2108144
5,2015,174939,5,24,13,1468916,25991,5,34,30,342226,50791,0,197,189,1048696
6,2015,162423,3,19,12,786803,15605,3,25,19,119856,42161,0,190,114,580140
7,2015,20271,4,19,11,118916,-1,-1,-1,-1,-1,0,0,0,0,0
8,2015,-1,-1,-1,-1,-1,0,0,0,0,0,0,0,0,0,0
9,2015,19940,4,19,11,116874,-1,-1,-1,-1,-1,0,0,0,0,0
10,2015,5558922,4,22,12,31580367,259470,5,36,29,2925361,193902,0,114,103,2181598
11,2015,1310759,3,20,12,5735263,-1,4,29,21,42144,36032,0,193,170,767426
12,2015,599104,4,21,12,3210633,17817,4,36,29,170385,45267,0,142,132,-1
13,2015,269811,4,22,11,1452768,4725,5,24,18,64333,22916,0,105,97,215210
14,2015,652178,5,22,12,4055662,63421,5,27,23,736350,20240,0,100,94,209140
15,2015,759605,4,22,12,4623360,52595,4,28,21,459634,32476,0,62,53,110124
16,2015,604380,5,24,14,5301600,36917,6,68,53,628249,11979,0,96,79,125178
17,2015,933971,3,21,13,4715504,42994,4,41,35,455476,16556,0,56,53,-1
18,2015,76330,4,23,11,553993,2009,5,33,26,-1,2325,0,-1,-1,-1
19,2015,277384,3,22,13,1511970,32941,5,25,21,301123,2179,0,-1,63,28816
20,2015,67854,4,22,12,371455,2828,7,30,23,41077,-1,0,-1,-1,12238
78,2015,7546,5,21,11,48159,81,1,29,21,121,-1,0,30,29,163
21,2015,7014509,4,21,12,37493796,175958,5,38,35,1979246,89845,0,128,107,968752
22,2015,419339,3,17,10,1365741,4375,4,22,18,24261,-1,0,-1,-1,-1
72,2015,254910,3,19,10,827049,4698,4,43,35,51443,4139,0,112,96,21670
24,2015,419264,3,19,10,1426486,15392,-1,-1,-1,-1,8468,0,98,104,90982
25,2015,672636,3,18,10,2593617,3856,5,22,20,51457,4395,0,-1,-1,-1
26,2015,616136,5,22,12,4074841,26633,5,32,28,475886,14540,0,225,171,272832
15,2015,485775,5,25,13,3489747,14999,5,56,49,167295,11611,0,83,73,64133
27,2015,447932,5,24,14,3385383,24156,5,-1,-1,260298,7843,0,226,174,97423
28,2015,586512,5,23,14,4954516,36401,5,38,48,329230,9674,0,202,166,200274
29,2015,493509,3,21,12,2099033,-1,-1,-1,-1,-1,6090,0,-1,-1,-1
30,2015,696262,3,19,11,2887714,7747,-1,54,-1,-1,-1,0,-1,-1,-1
31,2015,226046,4,22,13,1358776,7691,5,38,-1,73613,5654,0,-1,-1,46419
32,2015,191666,4,20,13,925143,-1,-1,-1,-1,20611,-1,0,0,0,0
33,2015,436962,5,24,13,3024352,11950,5,33,28,144494,3554,0,65,64,-1
34,2015,208009,3,19,12,1146784,-1,-1,-1,-1,-1,0,0,0,0,0
77,2015,417164,4,24,13,2418272,8266,5,31,28,113543,-1,0,-1,-1,-1
75,2015,294434,3,18,10,973620,3965,4,33,20,34561,2074,0,-1,-1,-1
76,2015,147953,3,20,12,542722,2642,4,23,19,21185,-1,0,-1,-1,-1
35,2015,43045,4,20,13,210699,-1,-1,-1,-1,-1,-1,0,-1,-1,-1
36,2015,2215,4,18,10,11342,-1,-1,-1,-1,-1,-1,0,-1,-1,-1
37,2015,2610,-1,-1,12,-1,0,0,0,0,0,0,0,0,0,0
38,2015,38219,3,20,13,175835,-1,-1,-1,-1,-1,0,0,0,0,0
39,2015,280005,3,18,11,1184646,4586,6,23,18,52583,-1,0,34,30,9149
40,2015,139189,3,17,11,569845,3253,4,23,18,-1,-1,0,-1,-1,-1
41,2015,104293,3,18,11,474057,-1,9,24,16,-1,-1,0,-1,-1,-1
42,2015,22819,3,19,11,88670,-1,-1,-1,-1,-1,0,0,-1,-1,-1
80,2015,13704,3,18,11,52075,-1,-1,-1,-1,-1,-1,0,-1,-1,-1
43,2015,3215371,3,20,11,13946405,72639,5,51,48,890981,72674,0,76,64,474413
44,2015,228430,4,22,13,1270858,21202,5,-1,-1,-1,15770,0,89,77,122428
45,2015,233326,3,20,12,1075985,4516,7,25,20,59828,10506,0,-1,-1,-1
46,2015,110607,4,20,11,525874,6018,5,32,27,75346,7063,0,87,71,65952
47,2015,608200,4,20,12,2921556,13567,-1,-1,-1,-1,-1,0,-1,-1,-1
48,2015,96387,3,21,12,472320,-1,3,-1,-1,-1,-1,0,-1,-1,-1
49,2015,253845,3,18,10,847317,4446,3,-1,-1,46155,3263,0,30,30,6049
50,2015,338035,4,20,12,1482250,-1,5,23,23,19491,7461,0,27,26,16585
51,2015,63240,3,18,11,245949,380,-1,-1,-1,-1,-1,0,27,23,4604
52,2015,281345,3,18,10,911322,4814,-1,-1,-1,-1,1253,0,21,21,-1
53,2015,339775,4,18,11,1383162,4500,-1,21,21,-1,14126,0,32,29,37084
73,2015,140464,3,18,11,518983,-1,-1,-1,-1,-1,-1,0,-1,-1,-1
55,2015,27267,4,19,11,121585,1299,-1,-1,-1,-1,377,0,29,27,1057
60,2015,61914,3,17,10,220213,813,-1,-1,-1,-1,-1,0,-1,-1,-1
61,2015,18856,3,19,11,73949,-1,-1,-1,-1,-1,249,0,43,43,-1
63,2015,26221,3,18,10,96822,0,0,0,0,0,-1,0,0,0,0
74,2015,227095,4,20,11,1035763,2603,7,28,23,-1,3195,0,85,68,22615
64,2015,47850,4,21,11,200959,-1,-1,-1,-1,-1,2104,0,28,28,6259
86,2015,112513,4,20,12,541541,-1,-1,-1,-1,-1,-1,0,-1,-1,-1
81,2015,91134,3,17,11,371950,-1,-1,-1,-1,-1,-1,0,-1,-1,-1
82,2015,40278,3,17,11,161420,-1,-1,-1,-1,-1,-1,0,-1,-1,-1
83,2015,20150,4,18,11,84083,0,0,0,0,0,0,0,0,0,0
84,2015,20221,3,18,11,78693,-1,-1,-1,-1,-1,-1,0,-1,-1,-1
85,2015,10486,3,19,12,47754,0,0,0,0,0,0,0,0,0,0
65,2015,28601,4,21,11,136650,-1,-1,-1,-1,-1,0,0,0,0,0
66,2015,28601,4,21,11,136650,-1,-1,-1,-1,-1,0,0,0,0,0
69,2015,39976,4,20,11,197028,1091,5,23,19,8950,-1,0,30,30,421
