id,year,camels_afflicted,camels_treated,camels_death_disease,camels_death_other,camels_vac_total,camels_vac_anthrax,camels_vac_blackleg,camels_vac_pleuro_pneumonia,camels_vac_hemorrhagic_septicemia,camels_vac_rinderpest,camels_vac_other,total_deaths,male_deaths,female_deaths,
0,2003,53877,8061,0,0,38005,0,0,0,0,0,0,35119,0,0
1,2003,1183,498,0,0,15457,0,0,0,0,0,0,171,0,0
2,2003,457,155,0,0,341,0,0,0,0,0,0,0,0,0
3,2003,273,273,0,0,2121,0,0,0,0,0,0,0,0,0
4,2003,0,0,0,0,0,0,0,0,0,0,0,0,0,0
5,2003,383,0,0,0,12622,0,0,0,0,0,0,171,0,0
6,2003,70,70,0,0,373,0,0,0,0,0,0,0,0,0
7,2003,26296,71,0,0,1177,0,0,0,0,0,0,20013,0,0
8,2003,2027,12,0,0,0,0,0,0,0,0,0,1371,0,0
9,2003,24269,58,0,0,1177,0,0,0,0,0,0,18643,0,0
10,2003,2698,187,0,0,809,0,0,0,0,0,0,1995,0,0
11,2003,0,0,0,0,0,0,0,0,0,0,0,0,0,0
12,2003,0,0,0,0,0,0,0,0,0,0,0,0,0,0
13,2003,624,0,0,0,331,0,0,0,0,0,0,293,0,0
14,2003,1435,0,0,0,0,0,0,0,0,0,0,1435,0,0
15,2003,0,0,0,0,0,0,0,0,0,0,0,0,0,0
16,2003,0,0,0,0,0,0,0,0,0,0,0,0,0,0
17,2003,0,0,0,0,0,0,0,0,0,0,0,0,0,0
18,2003,0,0,0,0,0,0,0,0,0,0,0,0,0,0
19,2003,0,0,0,0,0,0,0,0,0,0,0,0,0,0
20,2003,639,187,0,0,478,0,0,0,0,0,0,267,0,0
21,2003,18341,6524,0,0,2520,0,0,0,0,0,0,11019,0,0
22,2003,0,0,0,0,341,0,0,0,0,0,0,0,0,0
23,2003,0,0,0,0,0,0,0,0,0,0,0,0,0,0
24,2003,0,0,0,0,0,0,0,0,0,0,0,0,0,0
25,2003,0,0,0,0,0,0,0,0,0,0,0,0,0,0
26,2003,0,0,0,0,0,0,0,0,0,0,0,0,0,0
15,2003,0,0,0,0,0,0,0,0,0,0,0,0,0,0
27,2003,2600,0,0,0,0,0,0,0,0,0,0,2340,0,0
28,2003,3279,798,0,0,0,0,0,0,0,0,0,2067,0,0
29,2003,1815,0,0,0,343,0,0,0,0,0,0,1815,0,0
30,2003,904,339,0,0,0,0,0,0,0,0,0,339,0,0
31,2003,3080,2407,0,0,0,0,0,0,0,0,0,356,0,0
32,2003,4183,703,0,0,1392,0,0,0,0,0,0,2475,0,0
33,2003,0,0,0,0,0,0,0,0,0,0,0,0,0,0
34,2003,2481,2277,0,0,444,0,0,0,0,0,0,1627,0,0
35,2003,3935,410,0,0,17940,0,0,0,0,0,0,1292,0,0
36,2003,1035,14,0,0,8,0,0,0,0,0,0,798,0,0
37,2003,1033,0,0,0,134,0,0,0,0,0,0,0,0,0
38,2003,1866,396,0,0,17797,0,0,0,0,0,0,494,0,0
39,2003,0,0,0,0,0,0,0,0,0,0,0,0,0,0
40,2003,0,0,0,0,0,0,0,0,0,0,0,0,0,0
41,2003,0,0,0,0,0,0,0,0,0,0,0,0,0,0
42,2003,0,0,0,0,0,0,0,0,0,0,0,0,0,0
43,2003,0,0,0,0,0,0,0,0,0,0,0,0,0,0
44,2003,0,0,0,0,0,0,0,0,0,0,0,0,0,0
45,2003,0,0,0,0,0,0,0,0,0,0,0,0,0,0
46,2003,0,0,0,0,0,0,0,0,0,0,0,0,0,0
47,2003,0,0,0,0,0,0,0,0,0,0,0,0,0,0
48,2003,0,0,0,0,0,0,0,0,0,0,0,0,0,0
49,2003,0,0,0,0,0,0,0,0,0,0,0,0,0,0
50,2003,0,0,0,0,0,0,0,0,0,0,0,0,0,0
51,2003,0,0,0,0,0,0,0,0,0,0,0,0,0,0
52,2003,0,0,0,0,0,0,0,0,0,0,0,0,0,0
53,2003,0,0,0,0,0,0,0,0,0,0,0,0,0,0
54,2003,0,0,0,0,0,0,0,0,0,0,0,0,0,0
55,2003,0,0,0,0,0,0,0,0,0,0,0,0,0,0
56,2003,0,0,0,0,0,0,0,0,0,0,0,0,0,0
57,2003,0,0,0,0,0,0,0,0,0,0,0,0,0,0
58,2003,0,0,0,0,0,0,0,0,0,0,0,0,0,0
59,2003,0,0,0,0,0,0,0,0,0,0,0,0,0,0
60,2003,0,0,0,0,0,0,0,0,0,0,0,0,0,0
61,2003,0,0,0,0,0,0,0,0,0,0,0,0,0,0
63,2003,0,0,0,0,0,0,0,0,0,0,0,0,0,0
63,2003,0,0,0,0,0,0,0,0,0,0,0,0,0,0
64,2003,0,0,0,0,0,0,0,0,0,0,0,0,0,0
65,2003,341,26,0,0,0,0,0,0,0,0,0,209,0,0
66,2003,341,26,0,0,0,0,0,0,0,0,0,209,0,0
67,2003,0,0,0,0,0,0,0,0,0,0,0,0,0,0
9,2003,0,0,0,0,0,0,0,0,0,0,0,0,0,0
68,2003,0,0,0,0,0,0,0,0,0,0,0,0,0,0
69,2003,1083,345,0,0,102,0,0,0,0,0,0,418,0,0
0,2004,44727,7049,24248,15176,19103,0,0,0,0,0,0,0,0,0
1,2004,4083,1239,-1,-1,-1,0,0,0,0,0,0,0,0,0
2,2004,-1,-1,-1,0,-1,0,0,0,0,0,0,0,0,0
3,2004,-1,-1,-1,-1,2165,0,0,0,0,0,0,0,0,0
4,2004,0,0,0,-1,0,0,0,0,0,0,0,0,0,0
5,2004,-1,-1,-1,0,-1,0,0,0,0,0,0,0,0,0
6,2004,-1,-1,-1,0,-1,0,0,0,0,0,0,0,0,0
7,2004,9977,-1,5117,189,-1,0,0,0,0,0,0,0,0,0
8,2004,-1,-1,211,-1,-1,0,0,0,0,0,0,0,0,0
9,2004,8136,-1,4906,118,-1,0,0,0,0,0,0,0,0,0
10,2004,912,-1,-1,-1,-1,0,0,0,0,0,0,0,0,0
11,2004,0,0,0,0,-1,0,0,0,0,0,0,0,0,0
12,2004,0,0,0,0,0,0,0,0,0,0,0,0,0,0
13,2004,0,0,0,-1,0,0,0,0,0,0,0,0,0,0
14,2004,-1,0,-1,0,0,0,0,0,0,0,0,0,0,0
15,2004,0,0,0,0,0,0,0,0,0,0,0,0,0,0
16,2004,0,0,0,0,0,0,0,0,0,0,0,0,0,0
17,2004,0,0,0,0,0,0,0,0,0,0,0,0,0,0
18,2004,0,0,0,0,0,0,0,0,0,0,0,0,0,0
19,2004,0,0,0,0,0,0,0,0,0,0,0,0,0,0
20,2004,571,-1,-1,0,0,0,0,0,0,0,0,0,0,0
21,2004,20906,-1,12244,12954,-1,0,0,0,0,0,0,0,0,0
22,2004,0,0,0,-1,0,0,0,0,0,0,0,0,0,0
72,2004,-1,0,-1,0,0,0,0,0,0,0,0,0,0,0
24,2004,0,0,0,-1,0,0,0,0,0,0,0,0,0,0
25,2004,0,0,0,-1,0,0,0,0,0,0,0,0,0,0
26,2004,0,0,0,-1,0,0,0,0,0,0,0,0,0,0
15,2004,0,0,0,0,0,0,0,0,0,0,0,0,0,0
27,2004,-1,0,-1,0,0,0,0,0,0,0,0,0,0,0
28,2004,-1,0,-1,0,0,0,0,0,0,0,0,0,0,0
29,2004,-1,0,-1,-1,0,0,0,0,0,0,0,0,0,0
30,2004,0,0,0,-1,0,0,0,0,0,0,0,0,0,0
31,2004,-1,0,0,0,0,0,0,0,0,0,0,0,0,0
32,2004,12059,-1,4280,-1,-1,0,0,0,0,0,0,0,0,0
33,2004,0,0,0,0,0,0,0,0,0,0,0,0,0,0
34,2004,-1,0,-1,-1,-1,0,0,0,0,0,0,0,0,0
35,2004,7486,-1,3013,1062,4401,0,0,0,0,0,0,0,0,0
36,2004,608,0,510,200,294,0,0,0,0,0,0,0,0,0
37,2004,-1,0,-1,0,-1,0,0,0,0,0,0,0,0,0
38,2004,5245,-1,-1,-1,-1,0,0,0,0,0,0,0,0,0
39,2004,0,0,0,0,0,0,0,0,0,0,0,0,0,0
40,2004,0,0,0,0,0,0,0,0,0,0,0,0,0,0
41,2004,0,0,0,0,0,0,0,0,0,0,0,0,0,0
42,2004,0,0,0,0,0,0,0,0,0,0,0,0,0,0
43,2004,-1,-1,0,0,0,0,0,0,0,0,0,0,0,0
44,2004,0,0,0,0,0,0,0,0,0,0,0,0,0,0
45,2004,0,0,0,0,0,0,0,0,0,0,0,0,0,0
46,2004,0,0,0,0,0,0,0,0,0,0,0,0,0,0
47,2004,0,0,0,0,0,0,0,0,0,0,0,0,0,0
48,2004,0,0,0,0,0,0,0,0,0,0,0,0,0,0
49,2004,0,0,0,0,0,0,0,0,0,0,0,0,0,0
50,2004,-1,-1,0,0,0,0,0,0,0,0,0,0,0,0
51,2004,0,0,0,0,0,0,0,0,0,0,0,0,0,0
52,2004,0,0,0,0,0,0,0,0,0,0,0,0,0,0
53,2004,0,0,0,0,0,0,0,0,0,0,0,0,0,0
73,2004,0,0,0,0,0,0,0,0,0,0,0,0,0,0
55,2004,0,0,0,0,0,0,0,0,0,0,0,0,0,0
56,2004,0,0,0,0,0,0,0,0,0,0,0,0,0,0
57,2004,0,0,0,0,0,0,0,0,0,0,0,0,0,0
58,2004,0,0,0,0,0,0,0,0,0,0,0,0,0,0
59,2004,0,0,0,0,0,0,0,0,0,0,0,0,0,0
60,2004,0,0,0,0,0,0,0,0,0,0,0,0,0,0
61,2004,0,0,0,0,0,0,0,0,0,0,0,0,0,0
63,2004,0,0,0,0,0,0,0,0,0,0,0,0,0,0
74,2004,0,0,0,0,0,0,0,0,0,0,0,0,0,0
64,2004,0,0,0,0,0,0,0,0,0,0,0,0,0,0
65,2004,-1,0,-1,0,0,0,0,0,0,0,0,0,0,0
66,2004,-1,0,-1,0,0,0,0,0,0,0,0,0,0,0
67,2004,-1,0,-1,0,0,0,0,0,0,0,0,0,0,0
9,2004,0,0,0,0,0,0,0,0,0,0,0,0,0,0
68,2004,-1,0,-1,0,0,0,0,0,0,0,0,0,0,0
69,2004,592,-1,395,316,-1,0,0,0,0,0,0,0,0,0
0,2005,54692,14503,18545,-1,35916,5332,-1,19829,-1,0,2096,28151,11486,16666
1,2005,6464,4511,1230,-1,9347,-1,-1,-1,-1,0,892,1822,-1,-1
2,2005,-1,-1,-1,0,484,-1,0,0,-1,0,-1,-1,-1,0
3,2005,-1,-1,0,0,-1,-1,0,-1,0,0,-1,0,0,0
4,2005,0,0,0,0,-1,-1,-1,0,0,0,-1,0,0,0
5,2005,-1,-1,-1,-1,-1,0,-1,-1,0,0,0,-1,-1,0
6,2005,-1,-1,-1,0,-1,0,0,0,0,0,0,-1,0,-1
7,2005,15238,-1,5444,1002,-1,-1,0,-1,0,0,-1,6446,2256,4189
8,2005,1649,-1,1316,-1,-1,0,0,-1,0,0,0,1671,848,-1
9,2005,13589,-1,4128,-1,-1,-1,0,-1,0,0,-1,4775,1408,3367
10,2005,-1,-1,-1,-1,-1,-1,-1,0,0,0,-1,-1,-1,-1
11,2005,0,0,0,0,0,0,0,0,0,0,0,0,0,0
12,2005,0,0,0,0,0,0,0,0,0,0,0,0,0,0
13,2005,-1,-1,-1,0,0,0,0,0,0,0,0,-1,0,-1
14,2005,-1,-1,0,0,0,0,0,0,0,0,0,0,0,0
15,2005,0,0,0,0,0,0,0,0,0,0,0,0,0,0
16,2005,0,0,0,0,0,0,0,0,0,0,0,0,0,0
17,2005,0,0,0,0,0,0,0,0,0,0,0,0,0,0
18,2005,0,0,0,-1,0,0,0,0,0,0,0,-1,-1,-1
19,2005,0,0,0,0,0,0,0,0,0,0,0,0,0,0
20,2005,491,-1,-1,0,-1,-1,-1,0,0,0,-1,-1,-1,0
21,2005,20782,2468,7883,-1,-1,-1,-1,-1,-1,0,-1,14341,5103,-1
22,2005,0,0,0,0,0,0,0,0,0,0,0,0,0,0
72,2005,0,0,0,-1,-1,0,-1,0,0,0,-1,-1,0,-1
24,2005,0,0,0,0,0,0,0,0,0,0,0,0,0,0
25,2005,0,0,0,0,0,0,0,0,0,0,0,0,0,0
26,2005,0,0,-1,0,0,0,0,0,0,0,0,-1,-1,0
15,2005,-1,-1,0,0,0,0,0,0,0,0,0,0,0,0
27,2005,-1,0,-1,-1,0,0,0,0,0,0,0,-1,-1,-1
28,2005,0,0,0,0,-1,0,0,-1,0,0,0,0,0,0
29,2005,-1,-1,-1,-1,-1,0,0,0,0,0,0,-1,-1,-1
30,2005,0,0,0,0,-1,0,0,-1,-1,0,0,0,0,0
31,2005,-1,0,-1,0,-1,0,-1,0,0,0,0,-1,-1,-1
32,2005,-1,-1,-1,-1,0,0,0,0,0,0,0,-1,-1,-1
33,2005,0,0,0,0,-1,-1,0,0,-1,0,0,0,0,0
34,2005,-1,-1,-1,-1,-1,-1,0,-1,0,0,0,-1,-1,-1
35,2005,9174,1740,1936,589,1156,-1,0,1017,0,0,-1,2526,998,1527
36,2005,734,53,147,46,568,0,0,568,0,0,0,193,141,53
37,2005,2107,-1,-1,0,-1,-1,0,0,0,0,-1,-1,-1,-1
38,2005,6333,-1,-1,543,-1,-1,0,-1,0,0,0,1948,571,1377
39,2005,0,0,0,0,-1,-1,0,0,0,0,0,0,0,0
40,2005,0,0,0,0,0,0,0,0,0,0,0,0,0,0
41,2005,0,0,0,0,0,0,0,0,0,0,0,0,0,0
42,2005,0,0,0,0,-1,-1,0,0,0,0,0,0,0,0
43,2005,-1,-1,-1,0,-1,-1,-1,-1,0,0,-1,-1,-1,-1
44,2005,0,0,0,0,0,0,0,0,0,0,0,0,0,0
45,2005,0,0,0,0,-1,-1,0,0,0,0,0,0,0,0
46,2005,0,0,0,0,0,0,0,0,0,0,0,0,0,0
47,2005,0,0,0,0,0,0,0,0,0,0,0,0,0,0
48,2005,0,0,0,0,0,0,0,0,0,0,0,0,0,0
49,2005,0,0,0,0,0,0,0,0,0,0,0,0,0,0
50,2005,0,0,0,0,0,0,0,0,0,0,0,0,0,0
51,2005,0,0,0,0,0,0,0,0,0,0,0,0,0,0
52,2005,0,0,-1,0,-1,0,0,-1,0,0,0,-1,-1,-1
53,2005,0,0,0,0,0,0,0,0,0,0,0,0,0,0
73,2005,0,0,0,0,0,0,0,0,0,0,0,0,0,0
55,2005,0,0,0,0,-1,0,0,0,0,0,-1,0,0,0
56,2005,0,0,0,0,0,0,0,0,0,0,0,0,0,0
57,2005,0,0,0,0,0,0,0,0,0,0,0,0,0,0
58,2005,0,0,0,0,0,0,0,0,0,0,0,0,0,0
59,2005,0,0,0,0,0,0,0,0,0,0,0,0,0,0
60,2005,0,0,0,0,0,0,0,0,0,0,0,0,0,0
61,2005,-1,-1,0,0,0,0,0,0,0,0,0,0,0,0
63,2005,0,0,0,0,0,0,0,0,0,0,0,0,0,0
74,2005,0,0,0,0,-1,0,-1,0,0,0,0,0,0,0
64,2005,0,0,0,0,0,0,0,0,0,0,0,0,0,0
65,2005,-1,-1,0,-1,-1,0,0,0,-1,0,0,-1,0,-1
66,2005,-1,-1,0,-1,-1,0,0,0,-1,0,0,-1,0,-1
67,2005,0,0,0,0,0,0,0,0,0,0,0,0,0,0
9,2005,0,0,0,0,0,0,0,0,0,0,0,0,0,0
68,2005,0,0,0,0,0,0,0,0,0,0,0,0,0,0
69,2005,787,215,458,234,346,-1,0,-1,-1,0,-1,692,438,255
0,2006,75709,28174,36635,15218,26871,5254,-1,14582,-1,-1,-1,51853,18214,33639
1,2006,3398,2090,-1,-1,1646,-1,0,-1,0,-1,0,2477,2477,0
2,2006,-1,-1,0,0,-1,0,0,-1,0,0,0,0,0,0
3,2006,1583,1583,-1,-1,1416,-1,0,0,0,-1,0,-1,-1,0
4,2006,0,0,-1,-1,0,0,0,0,0,0,0,-1,-1,0
5,2006,-1,-1,-1,-1,0,0,0,0,0,0,0,-1,-1,0
6,2006,-1,-1,-1,0,0,0,0,0,0,0,0,-1,-1,0
7,2006,18611,-1,-1,240,-1,-1,0,-1,0,0,0,-1,2766,-1
8,2006,391,105,435,-1,0,0,0,0,0,0,0,578,306,272
9,2006,18220,-1,-1,-1,-1,-1,0,-1,0,0,0,-1,2459,-1
10,2006,-1,-1,-1,-1,-1,-1,-1,-1,0,0,-1,1812,1812,0
11,2006,0,0,0,0,0,0,0,0,0,0,0,0,0,0
12,2006,0,0,0,0,0,0,0,0,0,0,0,0,0,0
13,2006,1642,-1,-1,0,-1,0,0,-1,0,0,0,-1,-1,0
14,2006,-1,-1,0,-1,-1,0,0,-1,0,0,0,-1,-1,0
15,2006,-1,-1,-1,-1,-1,-1,0,-1,0,0,-1,-1,-1,0
16,2006,0,0,0,0,0,0,0,0,0,0,0,0,0,0
17,2006,0,0,0,0,0,0,0,0,0,0,0,0,0,0
18,2006,0,0,0,0,0,0,0,0,0,0,0,0,0,0
19,2006,0,0,0,0,0,0,0,0,0,0,0,0,0,0
20,2006,877,516,-1,-1,-1,-1,-1,0,0,0,0,-1,-1,0
21,2006,24588,3014,15951,2083,3681,-1,-1,-1,-1,0,-1,18034,6156,11878
22,2006,0,0,0,0,0,0,0,0,0,0,0,0,0,0
72,2006,0,0,0,0,0,0,0,0,0,0,0,0,0,0
24,2006,0,0,0,0,-1,0,0,0,-1,0,0,0,0,0
25,2006,0,0,0,0,0,0,0,0,0,0,0,0,0,0
26,2006,0,0,0,0,-1,0,0,0,0,0,-1,0,0,0
15,2006,0,0,0,0,0,0,0,0,0,0,0,0,0,0
27,2006,-1,-1,-1,-1,-1,0,0,-1,0,0,0,-1,-1,-1
28,2006,-1,0,-1,0,0,0,0,0,0,0,0,-1,-1,0
29,2006,-1,0,-1,0,0,0,0,0,0,0,0,-1,0,-1
30,2006,-1,-1,0,0,-1,-1,-1,0,0,0,0,0,0,0
31,2006,-1,-1,-1,0,-1,-1,0,0,-1,0,0,-1,-1,-1
32,2006,-1,-1,-1,1642,-1,-1,0,0,-1,0,0,-1,-1,-1
33,2006,0,0,0,0,0,0,0,0,0,0,0,0,0,0
34,2006,-1,0,-1,0,0,0,0,0,0,0,0,-1,-1,-1
75,2006,0,0,0,0,0,0,0,0,0,0,0,0,0,0
76,2006,0,0,0,0,0,0,0,0,0,0,0,0,0,0
77,2006,0,0,0,0,0,0,0,0,0,0,0,0,0,0
35,2006,17972,-1,6212,-1,-1,-1,-1,-1,-1,0,-1,17131,4814,12317
36,2006,718,-1,315,121,-1,-1,0,0,0,0,0,436,230,206
37,2006,-1,-1,4428,-1,0,0,0,0,0,0,0,4497,1414,3083
38,2006,8272,-1,1470,-1,-1,0,-1,-1,-1,0,-1,-1,3170,-1
39,2006,0,0,0,0,0,0,0,0,0,0,0,0,0,0
40,2006,0,0,0,0,0,0,0,0,0,0,0,0,0,0
41,2006,0,0,0,0,0,0,0,0,0,0,0,0,0,0
42,2006,0,0,0,0,0,0,0,0,0,0,0,0,0,0
43,2006,0,0,0,0,0,0,0,0,0,0,0,0,0,0
44,2006,0,0,0,0,0,0,0,0,0,0,0,0,0,0
45,2006,0,0,0,0,0,0,0,0,0,0,0,0,0,0
46,2006,0,0,0,0,0,0,0,0,0,0,0,0,0,0
47,2006,0,0,0,0,0,0,0,0,0,0,0,0,0,0
48,2006,0,0,0,0,0,0,0,0,0,0,0,0,0,0
49,2006,0,0,0,0,0,0,0,0,0,0,0,0,0,0
50,2006,0,0,0,0,0,0,0,0,0,0,0,0,0,0
51,2006,0,0,0,0,0,0,0,0,0,0,0,0,0,0
52,2006,0,0,0,0,0,0,0,0,0,0,0,0,0,0
53,2006,0,0,0,0,0,0,0,0,0,0,0,0,0,0
73,2006,0,0,0,0,0,0,0,0,0,0,0,0,0,0
55,2006,0,0,0,0,0,0,0,0,0,0,0,0,0,0
56,2006,0,0,0,0,0,0,0,0,0,0,0,0,0,0
57,2006,0,0,0,0,0,0,0,0,0,0,0,0,0,0
58,2006,0,0,0,0,0,0,0,0,0,0,0,0,0,0
59,2006,0,0,0,0,0,0,0,0,0,0,0,0,0,0
60,2006,0,0,0,0,0,0,0,0,0,0,0,0,0,0
61,2006,0,0,0,0,0,0,0,0,0,0,0,0,0,0
63,2006,0,0,0,0,0,0,0,0,0,0,0,0,0,0
74,2006,0,0,0,0,0,0,0,0,0,0,0,0,0,0
64,2006,0,0,0,0,0,0,0,0,0,0,0,0,0,0
65,2006,-1,0,-1,0,0,0,0,0,0,0,0,-1,-1,-1
66,2006,-1,0,-1,0,0,0,0,0,0,0,0,-1,-1,-1
67,2006,0,0,0,0,0,0,0,0,0,0,0,0,0,0
9,2006,0,0,0,0,0,0,0,0,0,0,0,0,0,0
68,2006,0,0,0,0,0,0,0,0,0,0,0,0,0,0
69,2006,431,-1,200,-1,-1,-1,0,0,-1,0,0,244,114,-1
0,2007,111977,24206,48025,13575,0,0,0,0,0,0,0,61601,19378,42223
1,2007,2793,1021,1872,-1,0,0,0,0,0,0,0,3217,2472,-1
2,2007,-1,-1,0,-1,0,0,0,0,0,0,0,-1,-1,-1
3,2007,-1,0,-1,0,0,0,0,0,0,0,0,-1,-1,0
4,2007,-1,0,637,-1,0,0,0,0,0,0,0,-1,-1,-1
5,2007,-1,-1,-1,0,0,0,0,0,0,0,0,-1,-1,0
6,2007,556,-1,-1,0,0,0,0,0,0,0,0,-1,-1,0
7,2007,10557,1168,7428,3294,0,0,0,0,0,0,0,10722,2753,7969
8,2007,6325,747,3944,2841,0,0,0,0,0,0,0,6785,1665,5120
9,2007,4233,-1,-1,-1,0,0,0,0,0,0,0,-1,-1,-1
10,2007,7863,-1,-1,-1,0,0,0,0,0,0,0,-1,-1,-1
11,2007,-1,-1,0,0,0,0,0,0,0,0,0,0,0,0
12,2007,0,0,0,0,0,0,0,0,0,0,0,0,0,0
13,2007,-1,-1,0,0,0,0,0,0,0,0,0,0,0,0
14,2007,0,0,0,0,0,0,0,0,0,0,0,0,0,0
15,2007,-1,-1,-1,0,0,0,0,0,0,0,0,-1,-1,0
16,2007,0,0,0,0,0,0,0,0,0,0,0,0,0,0
17,2007,0,0,0,-1,0,0,0,0,0,0,0,-1,-1,-1
18,2007,0,0,0,0,0,0,0,0,0,0,0,0,0,0
19,2007,0,0,0,0,0,0,0,0,0,0,0,0,0,0
20,2007,1952,1565,-1,-1,0,0,0,0,0,0,0,-1,-1,0
78,2007,101,-1,90,-1,0,0,0,0,0,0,0,124,124,0
21,2007,59294,-1,30084,-1,0,0,0,0,0,0,0,34907,9104,25803
22,2007,-1,-1,0,0,0,0,0,0,0,0,0,0,0,0
72,2007,0,0,0,0,0,0,0,0,0,0,0,0,0,0
24,2007,0,0,0,0,0,0,0,0,0,0,0,0,0,0
25,2007,0,0,-1,0,0,0,0,0,0,0,0,-1,0,-1
26,2007,0,0,0,0,0,0,0,0,0,0,0,0,0,0
15,2007,0,0,0,0,0,0,0,0,0,0,0,0,0,0
27,2007,-1,-1,-1,-1,0,0,0,0,0,0,0,-1,-1,-1
28,2007,-1,0,-1,-1,0,0,0,0,0,0,0,-1,-1,-1
29,2007,-1,0,-1,-1,0,0,0,0,0,0,0,-1,0,-1
30,2007,-1,-1,-1,0,0,0,0,0,0,0,0,-1,-1,-1
31,2007,4352,-1,4109,-1,0,0,0,0,0,0,0,4669,-1,1898
32,2007,-1,-1,-1,-1,0,0,0,0,0,0,0,-1,-1,-1
33,2007,0,0,0,0,0,0,0,0,0,0,0,0,0,0
34,2007,-1,-1,-1,-1,0,0,0,0,0,0,0,-1,-1,-1
77,2007,0,0,0,0,0,0,0,0,0,0,0,0,0,0
75,2007,-1,-1,0,-1,0,0,0,0,0,0,0,-1,0,-1
76,2007,0,0,0,0,0,0,0,0,0,0,0,0,0,0
35,2007,28207,1558,7713,1215,0,0,0,0,0,0,0,8929,2639,6290
36,2007,1573,-1,-1,-1,0,0,0,0,0,0,0,245,-1,166
37,2007,-1,-1,-1,-1,0,0,0,0,0,0,0,-1,-1,-1
38,2007,22511,-1,6838,1002,0,0,0,0,0,0,0,7840,2177,5663
39,2007,0,0,0,0,0,0,0,0,0,0,0,0,0,0
40,2007,0,0,0,0,0,0,0,0,0,0,0,0,0,0
41,2007,0,0,0,0,0,0,0,0,0,0,0,0,0,0
42,2007,0,0,0,0,0,0,0,0,0,0,0,0,0,0
79,2007,0,0,0,0,0,0,0,0,0,0,0,0,0,0
80,2007,0,0,0,0,0,0,0,0,0,0,0,0,0,0
43,2007,-1,0,0,0,0,0,0,0,0,0,0,0,0,0
44,2007,0,0,0,0,0,0,0,0,0,0,0,0,0,0
45,2007,0,0,0,0,0,0,0,0,0,0,0,0,0,0
46,2007,0,0,0,0,0,0,0,0,0,0,0,0,0,0
47,2007,-1,0,0,0,0,0,0,0,0,0,0,0,0,0
48,2007,0,0,0,0,0,0,0,0,0,0,0,0,0,0
49,2007,0,0,0,0,0,0,0,0,0,0,0,0,0,0
50,2007,0,0,0,0,0,0,0,0,0,0,0,0,0,0
51,2007,0,0,0,0,0,0,0,0,0,0,0,0,0,0
52,2007,0,0,0,0,0,0,0,0,0,0,0,0,0,0
53,2007,0,0,0,0,0,0,0,0,0,0,0,0,0,0
73,2007,0,0,0,0,0,0,0,0,0,0,0,0,0,0
55,2007,0,0,0,0,0,0,0,0,0,0,0,0,0,0
56,2007,0,0,0,0,0,0,0,0,0,0,0,0,0,0
57,2007,0,0,0,0,0,0,0,0,0,0,0,0,0,0
58,2007,0,0,0,0,0,0,0,0,0,0,0,0,0,0
59,2007,0,0,0,0,0,0,0,0,0,0,0,0,0,0
60,2007,0,0,0,0,0,0,0,0,0,0,0,0,0,0
61,2007,0,0,0,0,0,0,0,0,0,0,0,0,0,0
63,2007,0,0,0,0,0,0,0,0,0,0,0,0,0,0
74,2007,0,0,0,0,0,0,0,0,0,0,0,0,0,0
64,2007,0,0,0,0,0,0,0,0,0,0,0,0,0,0
81,2007,0,0,0,0,0,0,0,0,0,0,0,0,0,0
82,2007,0,0,0,0,0,0,0,0,0,0,0,0,0,0
83,2007,0,0,0,0,0,0,0,0,0,0,0,0,0,0
84,2007,0,0,0,0,0,0,0,0,0,0,0,0,0,0
85,2007,0,0,0,0,0,0,0,0,0,0,0,0,0,0
65,2007,-1,-1,-1,0,0,0,0,0,0,0,0,-1,0,-1
66,2007,-1,-1,-1,0,0,0,0,0,0,0,0,-1,0,-1
69,2007,438,-1,-1,98,0,0,0,0,0,0,0,150,-1,-1
0,2008,103807,18651,61279,25907,21005,4338,4657,-1,-1,-1,5407,87185,25857,61328
1,2008,4971,-1,1632,-1,4074,-1,-1,-1,-1,0,0,2277,1744,-1
2,2008,-1,-1,-1,-1,1203,-1,-1,-1,0,0,0,-1,-1,-1
3,2008,-1,-1,-1,0,-1,-1,0,0,-1,0,0,-1,-1,-1
4,2008,0,0,0,-1,0,0,0,0,0,0,0,-1,-1,0
5,2008,-1,-1,-1,-1,-1,-1,0,0,0,0,0,-1,-1,0
6,2008,-1,-1,0,0,-1,0,0,-1,0,0,0,0,0,0
7,2008,27394,425,22493,-1,0,0,0,0,0,0,0,28953,4852,24101
8,2008,5110,-1,3494,-1,0,0,0,0,0,0,0,4507,1548,2959
9,2008,22284,-1,18999,-1,0,0,0,0,0,0,0,24446,3305,21141
10,2008,7087,5867,1435,-1,3712,0,-1,0,-1,0,-1,-1,3954,-1
11,2008,-1,-1,0,0,-1,0,0,0,0,0,-1,0,0,0
12,2008,0,0,0,0,0,0,0,0,0,0,0,0,0,0
13,2008,-1,3527,-1,-1,-1,0,-1,0,0,0,-1,-1,-1,0
14,2008,0,0,0,0,0,0,0,0,0,0,0,0,0,0
15,2008,-1,-1,0,-1,0,0,0,0,0,0,0,-1,-1,0
16,2008,0,0,0,0,0,0,0,0,0,0,0,0,0,0
17,2008,0,0,-1,-1,-1,0,0,0,0,0,-1,-1,-1,-1
18,2008,0,0,0,0,0,0,0,0,0,0,0,0,0,0
19,2008,0,0,0,0,0,0,0,0,0,0,0,0,0,0
20,2008,681,432,-1,-1,-1,0,0,0,-1,0,-1,445,445,0
78,2008,50,0,50,-1,-1,0,-1,0,0,0,0,86,86,0
21,2008,44561,8181,26282,8495,5199,-1,-1,-1,0,0,-1,34777,10180,24598
22,2008,0,0,0,0,-1,0,0,-1,0,0,0,0,0,0
72,2008,-1,0,-1,0,0,0,0,0,0,0,0,-1,0,-1
24,2008,0,0,0,0,0,0,0,0,0,0,0,0,0,0
25,2008,-1,0,0,0,0,0,0,0,0,0,0,0,0,0
26,2008,-1,0,0,0,-1,0,-1,0,0,0,0,0,0,0
15,2008,0,0,0,0,0,0,0,0,0,0,0,0,0,0
27,2008,-1,-1,-1,-1,0,0,0,0,0,0,0,-1,-1,-1
28,2008,0,0,0,-1,-1,-1,0,0,0,0,0,-1,-1,0
29,2008,-1,0,-1,-1,-1,0,-1,0,0,0,-1,-1,-1,-1
30,2008,19998,-1,-1,-1,-1,0,-1,0,0,0,0,-1,4181,-1
31,2008,5268,1338,3866,-1,-1,0,-1,-1,0,0,0,5505,2225,3280
32,2008,-1,-1,-1,-1,-1,0,0,-1,0,0,0,-1,-1,-1
33,2008,0,0,0,0,0,0,0,0,0,0,0,0,0,0
34,2008,-1,-1,-1,0,-1,-1,0,0,0,0,0,-1,-1,-1
77,2008,0,0,0,0,0,0,0,0,0,0,0,0,0,0
75,2008,-1,-1,0,0,0,0,0,0,0,0,0,0,0,0
76,2008,0,0,0,-1,0,0,0,0,0,0,0,-1,-1,-1
35,2008,18568,738,9192,5756,-1,0,0,-1,0,-1,-1,14947,4934,10013
36,2008,3555,-1,1470,1156,0,0,0,0,0,0,0,2626,1179,1447
37,2008,5283,-1,-1,-1,0,0,0,0,0,0,0,-1,-1,-1
38,2008,9730,-1,6570,-1,-1,0,0,-1,0,-1,-1,-1,2912,-1
39,2008,0,0,0,0,0,0,0,0,0,0,0,0,0,0
40,2008,0,0,0,0,0,0,0,0,0,0,0,0,0,0
41,2008,0,0,0,0,0,0,0,0,0,0,0,0,0,0
42,2008,0,0,0,0,0,0,0,0,0,0,0,0,0,0
79,2008,0,0,0,0,0,0,0,0,0,0,0,0,0,0
80,2008,0,0,0,0,0,0,0,0,0,0,0,0,0,0
43,2008,-1,0,0,-1,-1,0,0,-1,0,0,-1,-1,0,-1
44,2008,0,0,0,-1,0,0,0,0,0,0,0,-1,0,-1
45,2008,0,0,0,0,0,0,0,0,0,0,0,0,0,0
46,2008,0,0,0,0,0,0,0,0,0,0,0,0,0,0
47,2008,0,0,0,0,0,0,0,0,0,0,0,0,0,0
48,2008,0,0,0,0,0,0,0,0,0,0,0,0,0,0
49,2008,0,0,0,0,0,0,0,0,0,0,0,0,0,0
50,2008,-1,0,0,0,0,0,0,0,0,0,0,0,0,0
51,2008,0,0,0,0,0,0,0,0,0,0,0,0,0,0
52,2008,0,0,0,0,-1,0,0,0,0,0,-1,0,0,0
53,2008,0,0,0,0,0,0,0,0,0,0,0,0,0,0
73,2008,0,0,0,0,0,0,0,0,0,0,0,0,0,0
55,2008,0,0,0,0,0,0,0,0,0,0,0,0,0,0
56,2008,0,0,0,0,0,0,0,0,0,0,0,0,0,0
57,2008,0,0,0,0,0,0,0,-1,0,0,0,0,0,0
58,2008,0,0,0,0,0,0,0,0,0,0,0,0,0,0
59,2008,0,0,0,0,0,0,0,0,0,0,0,0,0,0
60,2008,0,0,0,0,0,0,0,0,0,0,0,0,0,0
61,2008,0,0,0,0,0,0,0,0,0,0,0,0,0,0
63,2008,0,0,0,0,0,0,0,0,0,0,0,0,0,0
74,2008,0,0,0,0,0,0,0,0,0,0,0,0,0,0
64,2008,0,0,0,0,0,0,0,0,0,0,0,0,0,0
81,2008,0,0,0,0,0,0,0,0,0,0,0,0,0,0
82,2008,0,0,0,0,0,0,0,0,0,0,0,0,0,0
83,2008,0,0,0,0,0,0,0,0,0,0,0,0,0,0
84,2008,0,0,0,0,0,0,0,0,0,0,0,0,0,0
85,2008,0,0,0,0,0,0,0,0,0,0,0,0,0,0
65,2008,-1,0,-1,0,-1,0,0,0,0,0,0,-1,-1,-1
66,2008,-1,0,-1,0,-1,0,0,0,0,-1,0,-1,-1,-1
69,2008,959,-1,-1,-1,-1,-1,-1,0,0,0,-1,-1,-1,-1
0,2009,87441,18806,49756,12620,0,0,0,0,0,0,0,62377,20308,42068
1,2009,3112,2853,1788,-1,0,0,0,0,0,0,0,2561,2310,-1
7,2009,16916,-1,19699,-1,0,0,0,0,0,0,0,23256,4717,18538
10,2009,4732,2359,-1,-1,0,0,0,0,0,0,0,2517,2031,-1
21,2009,40851,8918,17188,-1,0,0,0,0,0,0,0,20438,6131,14307
35,2009,20748,4160,8688,3853,0,0,0,0,0,0,0,12540,4438,8102
39,2009,0,0,-1,0,0,0,0,0,0,0,0,-1,-1,-1
43,2009,-1,-1,-1,0,0,0,0,0,0,0,0,-1,-1,0
81,2009,0,0,0,0,0,0,0,0,0,0,0,0,0,0
65,2009,-1,-1,-1,0,0,0,0,0,0,0,0,-1,-1,0
69,2009,845,-1,-1,153,0,0,0,0,0,0,0,495,256,-1
0,2010,76567,14596,39254,12166,0,0,0,0,0,0,0,51420,22762,28657
1,2010,2317,-1,-1,2772,0,0,0,0,0,0,0,4004,3786,-1
2,2010,1589,-1,-1,0,0,0,0,0,0,0,0,-1,-1,0
3,2010,0,0,0,0,0,0,0,0,0,0,0,0,0,0
4,2010,0,0,0,0,0,0,0,0,0,0,0,0,0,0
5,2010,-1,-1,-1,2088,0,0,0,0,0,0,0,2980,2762,-1
6,2010,-1,-1,0,-1,0,0,0,0,0,0,0,-1,-1,0
7,2010,12301,-1,5566,433,0,0,0,0,0,0,0,5999,-1,4139
8,2010,-1,391,-1,-1,0,0,0,0,0,0,0,-1,-1,-1
9,2010,-1,-1,-1,-1,0,0,0,0,0,0,0,-1,-1,-1
10,2010,4399,3399,2142,-1,0,0,0,0,0,0,0,4034,3332,-1
11,2010,0,0,0,0,0,0,0,0,0,0,0,0,0,0
12,2010,0,0,-1,0,0,0,0,0,0,0,0,-1,-1,-1
13,2010,-1,-1,-1,-1,0,0,0,0,0,0,0,-1,-1,0
14,2010,-1,-1,0,-1,0,0,0,0,0,0,0,-1,-1,0
15,2010,-1,-1,-1,-1,0,0,0,0,0,0,0,-1,-1,-1
16,2010,0,0,0,0,0,0,0,0,0,0,0,0,0,0
17,2010,0,0,0,0,0,0,0,0,0,0,0,0,0,0
18,2010,0,0,0,0,0,0,0,0,0,0,0,0,0,0
19,2010,0,0,0,0,0,0,0,0,0,0,0,0,0,0
20,2010,850,-1,-1,-1,0,0,0,0,0,0,0,-1,-1,0
78,2010,97,-1,-1,0,0,0,0,0,0,0,0,-1,-1,0
21,2010,47562,6719,25633,-1,0,0,0,0,0,0,0,29374,10978,18395
22,2010,-1,-1,0,0,0,0,0,0,0,0,0,0,0,0
72,2010,-1,0,0,0,0,0,0,0,0,0,0,0,0,0
24,2010,0,0,0,0,0,0,0,0,0,0,0,0,0,0
25,2010,-1,0,-1,0,0,0,0,0,0,0,0,-1,0,-1
26,2010,0,0,0,0,0,0,0,0,0,0,0,0,0,0
15,2010,0,0,0,0,0,0,0,0,0,0,0,0,0,0
27,2010,-1,-1,-1,0,0,0,0,0,0,0,0,-1,0,-1
28,2010,-1,-1,-1,-1,0,0,0,0,0,0,0,-1,-1,-1
29,2010,8072,-1,4959,-1,0,0,0,0,0,0,0,5293,-1,4803
30,2010,-1,-1,-1,-1,0,0,0,0,0,0,0,-1,-1,-1
31,2010,5812,-1,4024,-1,0,0,0,0,0,0,0,4462,2118,2344
32,2010,15700,1338,-1,-1,0,0,0,0,0,0,0,-1,-1,-1
33,2010,0,0,0,0,0,0,0,0,0,0,0,0,0,0
34,2010,0,0,0,0,0,0,0,0,0,0,0,0,0,0
77,2010,-1,-1,0,0,0,0,0,0,0,0,0,0,0,0
75,2010,0,0,0,0,0,0,0,0,0,0,0,0,0,0
76,2010,0,0,0,0,0,0,0,0,0,0,0,0,0,0
35,2010,9192,-1,3463,1914,0,0,0,0,0,0,0,5377,1664,3713
36,2010,1487,-1,693,369,0,0,0,0,0,0,0,1062,437,625
37,2010,-1,-1,-1,-1,0,0,0,0,0,0,0,582,-1,-1
38,2010,4041,-1,2333,-1,0,0,0,0,0,0,0,3733,-1,2871
39,2010,0,0,-1,0,0,0,0,0,0,0,0,-1,-1,-1
40,2010,0,0,0,0,0,0,0,0,0,0,0,0,0,0
41,2010,0,0,-1,0,0,0,0,0,0,0,0,-1,-1,-1
42,2010,0,0,0,0,0,0,0,0,0,0,0,0,0,0
79,2010,0,0,0,0,0,0,0,0,0,0,0,0,0,0
80,2010,0,0,0,0,0,0,0,0,0,0,0,0,0,0
43,2010,0,0,0,-1,0,0,0,0,0,0,0,-1,-1,-1
44,2010,0,0,0,-1,0,0,0,0,0,0,0,-1,-1,-1
45,2010,0,0,0,0,0,0,0,0,0,0,0,0,0,0
46,2010,0,0,0,0,0,0,0,0,0,0,0,0,0,0
47,2010,0,0,0,0,0,0,0,0,0,0,0,0,0,0
48,2010,0,0,0,0,0,0,0,0,0,0,0,0,0,0
49,2010,0,0,0,0,0,0,0,0,0,0,0,0,0,0
50,2010,0,0,0,0,0,0,0,0,0,0,0,0,0,0
51,2010,0,0,0,0,0,0,0,0,0,0,0,0,0,0
52,2010,0,0,0,0,0,0,0,0,0,0,0,0,0,0
53,2010,0,0,0,0,0,0,0,0,0,0,0,0,0,0
73,2010,0,0,0,0,0,0,0,0,0,0,0,0,0,0
55,2010,0,0,0,0,0,0,0,0,0,0,0,0,0,0
56,2010,0,0,0,0,0,0,0,0,0,0,0,0,0,0
57,2010,0,0,0,0,0,0,0,0,0,0,0,0,0,0
58,2010,0,0,0,0,0,0,0,0,0,0,0,0,0,0
59,2010,0,0,0,0,0,0,0,0,0,0,0,0,0,0
60,2010,0,0,0,0,0,0,0,0,0,0,0,0,0,0
61,2010,0,0,0,0,0,0,0,0,0,0,0,0,0,0
63,2010,0,0,0,0,0,0,0,0,0,0,0,0,0,0
74,2010,0,0,0,0,0,0,0,0,0,0,0,0,0,0
64,2010,0,0,0,0,0,0,0,0,0,0,0,0,0,0
81,2010,0,0,0,0,0,0,0,0,0,0,0,0,0,0
82,2010,0,0,0,0,0,0,0,0,0,0,0,0,0,0
83,2010,0,0,0,0,0,0,0,0,0,0,0,0,0,0
84,2010,0,0,0,0,0,0,0,0,0,0,0,0,0,0
85,2010,0,0,0,0,0,0,0,0,0,0,0,0,0,0
65,2010,-1,0,0,0,0,0,0,0,0,0,0,0,0,0
66,2010,-1,0,0,0,0,0,0,0,0,0,0,0,0,0
69,2010,745,455,202,-1,0,0,0,0,0,0,0,335,-1,167
0,2011,83362,28921,42899,41493,79773,11699,13817,41803,7585,0,-1,84392,33328,51063
1,2011,4659,1859,1248,-1,-1,1274,-1,-1,-1,0,-1,1592,1592,0
2,2011,-1,-1,0,0,-1,-1,-1,-1,-1,0,-1,0,0,0
3,2011,0,0,0,0,-1,0,0,0,-1,0,0,0,0,0
4,2011,0,0,0,0,0,0,0,0,0,0,0,0,0,0
5,2011,1854,998,827,-1,-1,-1,-1,-1,0,0,-1,-1,-1,0
6,2011,2231,-1,-1,-1,-1,-1,-1,0,-1,0,0,-1,-1,0
7,2011,6084,-1,1691,1772,-1,0,-1,-1,0,0,-1,3463,1076,2387
8,2011,3035,-1,830,-1,-1,0,0,-1,0,0,0,2129,-1,-1
9,2011,-1,-1,-1,-1,-1,0,-1,-1,0,0,-1,-1,-1,746
10,2011,8749,6266,2364,-1,4429,-1,-1,-1,-1,0,-1,4110,2909,-1
11,2011,0,0,0,0,0,0,0,0,0,0,0,0,0,0
12,2011,0,0,0,0,0,0,0,0,0,0,0,0,0,0
13,2011,1266,-1,-1,-1,-1,0,0,0,0,0,-1,-1,-1,0
14,2011,-1,-1,-1,-1,-1,0,0,0,0,0,0,-1,-1,-1
15,2011,-1,-1,-1,0,-1,-1,-1,0,-1,0,-1,-1,-1,0
16,2011,0,0,-1,0,0,0,0,0,0,0,0,-1,0,-1
17,2011,-1,-1,0,0,0,0,0,0,0,0,0,0,0,0
18,2011,-1,0,0,0,-1,0,0,0,0,0,-1,0,0,0
19,2011,0,0,0,0,0,0,0,0,0,0,0,0,0,0
20,2011,812,-1,-1,-1,-1,0,0,-1,0,0,-1,-1,-1,0
78,2011,157,75,-1,-1,-1,0,0,0,-1,0,-1,38,38,0
21,2011,43926,11969,27362,11217,20663,-1,-1,5972,-1,0,-1,38579,14443,24136
22,2011,0,0,0,0,0,0,0,0,0,0,0,0,0,0
72,2011,0,0,0,0,0,0,0,0,0,0,0,0,0,0
24,2011,0,0,0,0,0,0,0,0,0,0,0,0,0,0
25,2011,0,0,0,0,0,0,0,0,0,0,0,0,0,0
26,2011,0,0,0,0,-1,0,0,-1,0,0,0,0,0,0
15,2011,0,0,0,0,0,0,0,0,0,0,0,0,0,0
27,2011,-1,-1,-1,-1,0,0,0,0,0,0,0,-1,-1,-1
28,2011,-1,0,-1,-1,-1,0,-1,0,0,0,0,-1,-1,-1
29,2011,-1,-1,-1,-1,-1,-1,-1,0,-1,0,-1,-1,-1,-1
30,2011,6688,-1,-1,-1,0,0,0,0,0,0,0,-1,-1,-1
31,2011,10791,-1,-1,-1,-1,0,-1,0,0,0,-1,8323,-1,4840
32,2011,14434,4591,6456,5426,8824,-1,-1,5093,-1,0,-1,11882,4759,7124
33,2011,0,0,0,0,0,0,0,0,0,0,0,0,0,0
34,2011,-1,-1,0,0,0,0,0,0,0,0,0,0,0,0
77,2011,0,0,0,0,-1,0,0,0,0,0,-1,0,0,0
75,2011,0,0,0,0,0,0,0,0,0,0,0,0,0,0
76,2011,0,0,-1,0,0,0,0,0,0,0,0,-1,0,-1
35,2011,18194,5664,9599,25985,26434,-1,-1,19160,-1,0,-1,35584,12662,22922
36,2011,2101,-1,519,354,-1,0,-1,-1,0,0,0,873,287,586
37,2011,-1,-1,-1,-1,-1,-1,-1,-1,0,0,0,-1,-1,-1
38,2011,14963,-1,8874,25449,12256,-1,-1,8671,-1,0,-1,34323,12169,22154
39,2011,0,0,-1,0,0,0,0,0,0,0,0,-1,0,-1
40,2011,0,0,0,0,0,0,0,0,0,0,0,0,0,0
41,2011,0,0,-1,0,0,0,0,0,0,0,0,-1,0,-1
42,2011,0,0,0,0,0,0,0,0,0,0,0,0,0,0
80,2011,0,0,0,0,0,0,0,0,0,0,0,0,0,0
43,2011,-1,-1,0,-1,-1,0,-1,0,-1,0,0,-1,-1,0
44,2011,0,0,0,0,0,0,0,0,0,0,0,0,0,0
45,2011,0,0,0,0,0,0,0,0,0,0,0,0,0,0
46,2011,0,0,0,0,0,0,0,0,0,0,0,0,0,0
47,2011,0,0,0,0,0,0,0,0,0,0,0,0,0,0
48,2011,0,0,0,-1,0,0,0,0,0,0,0,-1,-1,0
49,2011,0,0,0,0,0,0,0,0,0,0,0,0,0,0
50,2011,0,0,0,0,0,0,0,0,0,0,0,0,0,0
51,2011,0,0,0,0,-1,0,-1,0,-1,0,0,0,0,0
52,2011,0,0,0,0,0,0,0,0,0,0,0,0,0,0
53,2011,0,0,0,0,0,0,0,0,0,0,0,0,0,0
73,2011,0,0,0,0,0,0,0,0,0,0,0,0,0,0
55,2011,0,0,0,0,0,0,0,0,0,0,0,0,0,0
56,2011,0,0,0,0,0,0,0,0,0,0,0,0,0,0
57,2011,0,0,0,0,0,0,0,0,0,0,0,0,0,0
58,2011,0,0,0,0,0,0,0,0,0,0,0,0,0,0
59,2011,0,0,0,0,0,0,0,0,0,0,0,0,0,0
60,2011,-1,-1,0,0,-1,0,-1,0,0,0,0,0,0,0
61,2011,0,0,0,0,0,0,0,0,0,0,0,0,0,0
63,2011,0,0,0,0,0,0,0,0,0,0,0,0,0,0
74,2011,0,0,0,0,0,0,0,0,0,0,0,0,0,0
64,2011,0,0,0,0,0,0,0,0,0,0,0,0,0,0
81,2011,0,0,0,0,0,0,0,0,0,0,0,0,0,0
82,2011,0,0,0,0,0,0,0,0,0,0,0,0,0,0
83,2011,0,0,0,0,0,0,0,0,0,0,0,0,0,0
84,2011,0,0,0,0,0,0,0,0,0,0,0,0,0,0
85,2011,0,0,0,0,0,0,0,0,0,0,0,0,0,0
65,2011,-1,-1,-1,-1,-1,-1,-1,0,0,0,0,-1,-1,-1
66,2011,-1,-1,-1,-1,-1,-1,-1,0,0,0,0,-1,-1,-1
69,2011,1122,634,-1,146,2712,1679,-1,0,0,0,0,511,-1,148
0,2012,54639,17727,24083,6407,44247,6798,-1,11733,-1,0,9665,30490,11269,19220
1,2012,5277,2308,-1,-1,-1,-1,-1,-1,-1,0,-1,1594,1376,-1
2,2012,3504,1622,-1,-1,-1,-1,-1,-1,0,0,-1,-1,-1,0
3,2012,0,0,0,0,-1,0,-1,0,0,0,0,0,0,0
4,2012,0,0,0,0,0,0,0,0,0,0,0,0,0,0
5,2012,-1,-1,-1,-1,-1,0,0,-1,-1,0,0,-1,-1,-1
6,2012,-1,-1,0,-1,-1,-1,-1,-1,0,0,0,-1,-1,0
7,2012,7801,-1,3579,681,-1,-1,0,-1,0,0,0,4260,1290,2969
8,2012,5184,-1,2372,-1,-1,0,0,0,0,0,0,2727,830,1897
9,2012,2617,-1,-1,-1,-1,-1,0,-1,0,0,0,1532,460,-1
10,2012,6122,3296,1336,-1,-1,-1,-1,0,0,0,-1,2189,1871,-1
11,2012,0,0,0,0,0,0,0,0,0,0,0,0,0,0
12,2012,0,0,0,0,0,0,0,0,0,0,0,0,0,0
13,2012,-1,-1,-1,0,-1,-1,0,0,0,0,0,-1,-1,0
14,2012,3113,-1,0,0,0,0,0,0,0,0,0,0,0,0
15,2012,-1,-1,-1,-1,0,0,0,0,0,0,0,-1,-1,0
16,2012,0,0,0,0,0,0,0,0,0,0,0,0,0,0
17,2012,0,0,0,0,0,0,0,0,0,0,0,0,0,0
18,2012,0,0,0,0,-1,0,0,0,0,0,0,0,0,0
19,2012,0,0,0,0,-1,0,0,0,0,0,-1,0,0,0
20,2012,939,-1,-1,-1,-1,-1,-1,0,0,0,-1,1371,-1,-1
78,2012,-1,-1,0,0,0,0,0,0,0,0,0,0,0,0
21,2012,26582,8756,14252,3111,18978,-1,-1,-1,-1,0,-1,17363,5083,12280
22,2012,0,0,0,0,-1,0,0,0,0,0,-1,0,0,0
72,2012,-1,-1,0,0,0,0,0,0,0,0,0,0,0,0
24,2012,0,0,0,0,0,0,0,0,0,0,0,0,0,0
25,2012,0,0,0,0,0,0,0,0,0,0,0,0,0,0
26,2012,0,0,0,0,0,0,0,0,0,0,0,0,0,0
15,2012,0,0,0,0,-1,0,0,0,0,0,-1,0,0,0
27,2012,-1,-1,-1,-1,-1,0,0,0,0,0,-1,-1,-1,-1
28,2012,-1,0,-1,0,0,0,0,0,0,0,0,-1,-1,-1
29,2012,-1,-1,3525,-1,-1,-1,-1,-1,-1,0,0,4436,-1,3543
30,2012,-1,-1,-1,-1,-1,0,0,0,-1,0,-1,-1,-1,1269
31,2012,2419,1800,873,-1,0,0,0,0,0,0,0,1065,-1,-1
32,2012,7237,1671,3087,1583,-1,0,0,-1,-1,0,0,4669,1757,2912
33,2012,0,0,-1,0,0,0,0,0,0,0,0,-1,0,-1
34,2012,0,0,0,0,0,0,0,0,0,0,0,0,0,0
77,2012,0,0,0,0,-1,-1,-1,-1,-1,0,-1,0,0,0
75,2012,0,0,0,0,0,0,0,0,0,0,0,0,0,0
76,2012,0,0,0,0,0,0,0,0,0,0,0,0,0,0
35,2012,8172,2108,3641,1049,-1,-1,0,-1,-1,0,0,4691,1480,3211
36,2012,2084,-1,1048,-1,-1,-1,0,-1,-1,0,0,1265,308,-1
37,2012,2320,0,-1,-1,0,0,0,0,0,0,0,-1,-1,-1
38,2012,3768,1034,2012,713,-1,0,0,-1,0,0,0,2725,768,1957
39,2012,0,0,0,0,0,0,0,0,0,0,0,0,0,0
40,2012,0,0,0,0,0,0,0,0,0,0,0,0,0,0
41,2012,0,0,0,0,0,0,0,0,0,0,0,0,0,0
42,2012,0,0,0,0,0,0,0,0,0,0,0,0,0,0
80,2012,0,0,0,0,0,0,0,0,0,0,0,0,0,0
43,2012,0,0,0,0,-1,0,0,0,0,0,-1,0,0,0
44,2012,0,0,0,0,0,0,0,0,0,0,0,0,0,0
45,2012,0,0,0,0,0,0,0,0,0,0,0,0,0,0
46,2012,0,0,0,0,0,0,0,0,0,0,0,0,0,0
47,2012,0,0,0,0,0,0,0,0,0,0,0,0,0,0
48,2012,0,0,0,0,0,0,0,0,0,0,0,0,0,0
49,2012,0,0,0,0,0,0,0,0,0,0,0,0,0,0
50,2012,0,0,0,0,0,0,0,0,0,0,0,0,0,0
51,2012,0,0,0,0,0,0,0,0,0,0,0,0,0,0
52,2012,0,0,0,0,0,0,0,0,0,0,0,0,0,0
53,2012,0,0,0,0,0,0,0,0,0,0,0,0,0,0
73,2012,0,0,0,0,0,0,0,0,0,0,0,0,0,0
55,2012,0,0,0,0,-1,0,0,0,0,0,-1,0,0,0
60,2012,0,0,0,0,0,0,0,0,0,0,0,0,0,0
61,2012,0,0,0,0,0,0,0,0,0,0,0,0,0,0
63,2012,0,0,0,0,0,0,0,0,0,0,0,0,0,0
74,2012,0,0,0,0,0,0,0,0,0,0,0,0,0,0
64,2012,0,0,0,0,0,0,0,0,0,0,0,0,0,0
86,2012,0,0,0,0,0,0,0,0,0,0,0,0,0,0
81,2012,0,0,0,0,0,0,0,0,0,0,0,0,0,0
82,2012,0,0,0,0,0,0,0,0,0,0,0,0,0,0
83,2012,0,0,0,0,0,0,0,0,0,0,0,0,0,0
84,2012,0,0,0,0,0,0,0,0,0,0,0,0,0,0
85,2012,0,0,0,0,0,0,0,0,0,0,0,0,0,0
65,2012,-1,0,-1,0,0,0,0,0,0,0,0,-1,-1,-1
66,2012,-1,0,-1,0,0,0,0,0,0,0,0,-1,-1,-1
69,2012,415,255,-1,-1,-1,-1,0,0,-1,0,-1,-1,-1,-1
0,2013,79042,25863,35103,15064,104813,20492,11008,-1,5708,0,10696,50166,18921,31246
1,2013,8515,4160,-1,-1,19489,10855,-1,-1,-1,0,-1,-1,-1,-1
2,2013,3622,2445,0,0,6447,-1,-1,-1,-1,0,-1,0,0,0
3,2013,0,0,0,0,-1,0,0,-1,0,0,0,0,0,0
4,2013,-1,0,-1,0,0,0,0,0,0,0,0,-1,0,-1
5,2013,-1,-1,-1,-1,-1,-1,-1,-1,-1,0,0,-1,-1,-1
6,2013,942,406,-1,-1,-1,-1,-1,0,0,0,-1,440,-1,-1
7,2013,17932,-1,-1,9127,-1,0,0,-1,0,0,-1,22664,6977,15687
8,2013,-1,-1,-1,7023,-1,0,0,-1,0,0,-1,-1,-1,-1
9,2013,-1,-1,4246,-1,0,0,0,0,0,0,0,6350,1522,4828
10,2013,3921,2668,-1,-1,17023,-1,1685,-1,-1,0,-1,1893,1893,0
11,2013,0,0,0,0,0,0,0,0,0,0,0,0,0,0
12,2013,0,0,0,0,0,0,0,0,0,0,0,0,0,0
13,2013,-1,-1,0,-1,-1,0,-1,-1,0,0,-1,-1,-1,0
14,2013,0,0,0,-1,-1,0,0,-1,0,0,0,-1,-1,0
15,2013,-1,-1,-1,0,8826,0,-1,-1,0,0,-1,-1,-1,0
16,2013,0,0,0,0,-1,-1,0,0,0,0,0,0,0,0
17,2013,0,0,0,0,0,0,0,0,0,0,0,0,0,0
18,2013,0,0,0,0,0,0,0,0,0,0,0,0,0,0
19,2013,0,0,0,0,0,0,0,0,0,0,0,0,0,0
20,2013,-1,-1,-1,0,1767,-1,-1,0,-1,0,0,-1,-1,0
78,2013,28,-1,-1,-1,0,0,0,0,0,0,0,-1,-1,0
21,2013,35388,14068,14517,-1,20978,-1,3944,10847,-1,0,-1,18416,7019,11397
22,2013,0,0,0,0,0,0,0,0,0,0,0,0,0,0
72,2013,0,0,0,0,0,0,0,0,0,0,0,0,0,0
24,2013,0,0,0,0,0,0,0,0,0,0,0,0,0,0
25,2013,0,0,0,0,0,0,0,0,0,0,0,0,0,0
26,2013,-1,0,0,0,0,0,0,0,0,0,0,0,0,0
15,2013,0,0,0,0,-1,0,0,0,0,0,-1,0,0,0
27,2013,-1,0,-1,-1,0,0,0,0,0,0,0,-1,-1,-1
28,2013,-1,-1,-1,0,-1,0,0,-1,0,0,0,-1,0,-1
29,2013,5113,2065,-1,-1,7551,-1,-1,-1,-1,0,0,-1,-1,-1
30,2013,8150,-1,-1,-1,-1,-1,0,0,0,0,0,-1,-1,-1
31,2013,3363,-1,-1,0,-1,0,-1,-1,-1,0,0,-1,-1,-1
32,2013,10584,-1,5191,-1,-1,0,0,-1,0,0,-1,-1,-1,3383
33,2013,0,0,0,0,0,0,0,0,0,0,0,0,0,0
34,2013,-1,0,0,-1,-1,0,-1,0,0,0,0,-1,-1,-1
77,2013,0,0,0,0,0,0,0,0,0,0,0,0,0,0
75,2013,0,0,0,0,0,0,0,0,0,0,0,0,0,0
76,2013,0,0,0,0,0,0,0,0,0,0,0,0,0,0
35,2013,11718,-1,2738,643,11959,-1,-1,-1,-1,0,-1,3381,939,2442
36,2013,835,-1,532,345,-1,-1,-1,0,-1,0,0,876,355,522
37,2013,-1,-1,-1,0,-1,0,0,0,-1,0,-1,-1,-1,-1
38,2013,10125,-1,1970,-1,10256,-1,-1,-1,-1,0,0,2268,478,1790
39,2013,0,0,0,0,-1,0,0,0,0,0,-1,0,0,0
40,2013,0,0,0,0,0,0,0,0,0,0,0,0,0,0
41,2013,0,0,0,0,0,0,0,0,0,0,0,0,0,0
42,2013,0,0,0,0,0,0,0,0,0,0,0,0,0,0
80,2013,0,0,0,0,-1,0,0,0,0,0,-1,0,0,0
43,2013,0,0,0,0,-1,0,0,-1,0,0,0,0,0,0
44,2013,0,0,0,0,0,0,0,0,0,0,0,0,0,0
45,2013,0,0,0,0,0,0,0,0,0,0,0,0,0,0
46,2013,0,0,0,0,0,0,0,0,0,0,0,0,0,0
47,2013,0,0,0,0,0,0,0,0,0,0,0,0,0,0
48,2013,0,0,0,0,0,0,0,0,0,0,0,0,0,0
49,2013,0,0,0,0,0,0,0,0,0,0,0,0,0,0
50,2013,0,0,0,0,-1,0,0,-1,0,0,0,0,0,0
51,2013,0,0,0,0,0,0,0,0,0,0,0,0,0,0
52,2013,0,0,0,0,0,0,0,0,0,0,0,0,0,0
53,2013,0,0,0,0,0,0,0,0,0,0,0,0,0,0
73,2013,0,0,0,0,0,0,0,0,0,0,0,0,0,0
55,2013,0,0,0,0,0,0,0,0,0,0,0,0,0,0
60,2013,0,0,0,0,0,0,0,0,0,0,0,0,0,0
61,2013,0,0,0,0,0,0,0,0,0,0,0,0,0,0
63,2013,0,0,0,0,0,0,0,0,0,0,0,0,0,0
74,2013,0,0,0,0,0,0,0,0,0,0,0,0,0,0
64,2013,0,0,0,0,0,0,0,0,0,0,0,0,0,0
86,2013,0,0,0,0,0,0,0,0,0,0,0,0,0,0
81,2013,0,0,0,0,0,0,0,0,0,0,0,0,0,0
82,2013,0,0,0,0,0,0,0,0,0,0,0,0,0,0
83,2013,0,0,0,0,0,0,0,0,0,0,0,0,0,0
84,2013,0,0,0,0,0,0,0,0,0,0,0,0,0,0
85,2013,0,0,0,0,0,0,0,0,0,0,0,0,0,0
65,2013,-1,-1,705,-1,-1,0,0,0,0,0,-1,788,-1,-1
66,2013,-1,-1,705,-1,-1,0,0,0,0,0,-1,788,-1,-1
69,2013,664,357,375,147,-1,-1,-1,-1,-1,0,-1,522,181,341
0,2014,86499,31288,26326,14869,103356,-1,14668,18127,9689,0,18134,41195,18113,23082
1,2014,6199,3387,1386,-1,13210,4852,5029,-1,-1,0,-1,2556,2556,0
2,2014,2488,-1,0,0,3188,-1,-1,0,-1,0,-1,0,0,0
3,2014,-1,0,-1,0,-1,-1,-1,0,-1,0,0,-1,-1,0
4,2014,0,0,0,0,0,0,0,0,0,0,0,0,0,0
5,2014,1059,-1,-1,-1,-1,-1,-1,0,0,0,-1,-1,-1,0
6,2014,2138,939,-1,-1,3683,1973,-1,-1,-1,0,0,-1,-1,0
7,2014,19096,-1,6540,3842,-1,0,-1,0,0,0,-1,10382,3919,6463
8,2014,8533,0,3417,2320,0,0,0,0,0,0,0,5738,3353,2384
9,2014,10563,-1,3123,-1,-1,0,-1,0,0,0,-1,4645,-1,-1
10,2014,9987,6345,-1,-1,24201,-1,-1,-1,-1,0,11648,2730,2730,0
11,2014,0,0,0,0,-1,-1,0,0,0,0,0,0,0,0
12,2014,0,0,0,0,0,0,0,0,0,0,0,0,0,0
13,2014,-1,-1,0,-1,-1,-1,-1,0,0,0,-1,-1,-1,0
14,2014,-1,-1,-1,-1,0,0,0,0,0,0,0,-1,-1,0
15,2014,-1,-1,-1,0,-1,-1,-1,-1,0,0,-1,-1,-1,0
16,2014,0,0,0,0,-1,0,0,-1,0,0,-1,0,0,0
17,2014,0,0,0,0,-1,0,0,0,0,0,-1,0,0,0
18,2014,0,0,0,0,0,0,0,0,0,0,0,0,0,0
19,2014,0,0,0,0,-1,0,0,0,0,0,-1,0,0,0
20,2014,-1,-1,-1,-1,-1,0,-1,0,-1,0,-1,-1,-1,0
78,2014,-1,-1,0,0,0,0,0,0,0,0,0,0,0,0
21,2014,34593,13366,12360,5065,22648,-1,-1,-1,-1,0,-1,17425,5652,11773
22,2014,0,0,0,0,0,0,0,0,0,0,0,0,0,0
72,2014,0,0,0,0,0,0,0,0,0,0,0,0,0,0
24,2014,0,0,0,0,-1,-1,-1,0,-1,0,0,0,0,0
25,2014,0,0,0,0,0,0,0,0,0,0,0,0,0,0
26,2014,0,0,0,0,0,0,0,0,0,0,0,0,0,0
15,2014,0,0,0,0,0,0,0,0,0,0,0,0,0,0
27,2014,-1,-1,-1,0,0,0,0,0,0,0,0,-1,0,-1
28,2014,-1,-1,-1,-1,-1,0,0,0,0,0,-1,-1,-1,-1
29,2014,-1,-1,-1,-1,-1,0,-1,0,-1,0,0,-1,-1,-1
30,2014,-1,-1,-1,-1,-1,0,0,0,-1,0,0,-1,-1,-1
31,2014,3379,2355,-1,0,-1,0,-1,0,0,0,-1,-1,-1,-1
32,2014,18122,5947,-1,-1,11290,-1,0,-1,-1,0,0,-1,-1,-1
33,2014,-1,0,0,0,0,0,0,0,0,0,0,0,0,0
34,2014,-1,-1,-1,-1,-1,0,-1,0,0,0,0,-1,-1,-1
77,2014,0,0,0,0,-1,0,0,0,0,0,-1,0,0,0
75,2014,0,0,0,0,0,0,0,0,0,0,0,0,0,0
76,2014,0,0,0,0,0,0,0,0,0,0,0,0,0,0
35,2014,14468,-1,-1,1120,-1,-1,-1,0,0,0,-1,5180,2140,3041
36,2014,-1,-1,-1,-1,0,0,0,0,0,0,0,-1,-1,-1
37,2014,-1,-1,-1,-1,0,0,0,0,0,0,0,-1,-1,-1
38,2014,8831,-1,-1,-1,-1,-1,-1,0,0,0,-1,4518,-1,2727
39,2014,0,0,0,0,-1,0,0,-1,0,0,-1,0,0,0
40,2014,0,0,0,0,-1,0,0,0,0,0,-1,0,0,0
41,2014,0,0,0,0,-1,0,0,-1,0,0,-1,0,0,0
42,2014,0,0,0,0,0,0,0,0,0,0,0,0,0,0
80,2014,0,0,0,0,0,0,0,0,0,0,0,0,0,0
43,2014,-1,-1,0,-1,-1,-1,-1,-1,0,0,-1,-1,-1,-1
44,2014,0,0,0,0,-1,-1,0,0,0,0,0,0,0,0
45,2014,0,0,0,0,-1,0,0,-1,0,0,0,0,0,0
46,2014,0,0,0,0,0,0,0,0,0,0,0,0,0,0
47,2014,0,0,0,0,-1,-1,0,0,0,0,0,0,0,0
48,2014,0,0,0,0,0,0,0,0,0,0,0,0,0,0
49,2014,0,0,0,-1,-1,0,0,0,0,0,-1,-1,-1,-1
50,2014,-1,-1,0,-1,0,0,0,0,0,0,0,-1,0,-1
51,2014,0,0,0,0,0,0,0,0,0,0,0,0,0,0
52,2014,0,0,0,0,0,0,0,0,0,0,0,0,0,0
53,2014,0,0,0,0,-1,0,-1,0,0,0,0,0,0,0
73,2014,0,0,0,0,0,0,0,0,0,0,0,0,0,0
55,2014,0,0,0,0,0,0,0,0,0,0,0,0,0,0
60,2014,-1,-1,0,0,0,0,0,0,0,0,0,0,0,0
61,2014,0,0,0,0,0,0,0,0,0,0,0,0,0,0
63,2014,0,0,0,0,0,0,0,0,0,0,0,0,0,0
74,2014,0,0,0,0,0,0,0,0,0,0,0,0,0,0
64,2014,0,0,0,0,0,0,0,0,0,0,0,0,0,0
86,2014,0,0,0,0,0,0,0,0,0,0,0,0,0,0
81,2014,0,0,0,0,0,0,0,0,0,0,0,0,0,0
82,2014,0,0,0,0,0,0,0,0,0,0,0,0,0,0
83,2014,0,0,0,0,0,0,0,0,0,0,0,0,0,0
84,2014,0,0,0,0,0,0,0,0,0,0,0,0,0,0
85,2014,0,0,0,0,0,0,0,0,0,0,0,0,0,0
65,2014,-1,-1,-1,-1,-1,-1,-1,0,-1,0,-1,-1,-1,-1
66,2014,-1,-1,-1,-1,-1,-1,-1,0,-1,0,-1,-1,-1,-1
69,2014,597,335,281,-1,2039,1148,-1,-1,-1,0,0,294,-1,163
0,2015,128733,33625,66236,49850,91769,24666,13078,34244,7180,0,12600,118396,37758,80638
1,2015,4560,3781,-1,1798,24141,8107,5804,5049,3925,0,-1,2445,2244,-1
2,2015,2037,1416,-1,-1,13576,3436,-1,-1,-1,0,-1,1215,1215,0
3,2015,-1,-1,0,-1,-1,-1,1043,0,-1,0,0,-1,-1,0
4,2015,0,0,0,0,-1,-1,0,0,-1,0,0,0,0,0
5,2015,-1,-1,0,-1,-1,0,-1,-1,0,0,0,-1,-1,-1
6,2015,1039,881,0,-1,4449,3296,-1,-1,-1,0,0,-1,-1,0
7,2015,67223,11155,46594,45045,-1,-1,0,-1,0,0,-1,91639,24586,67052
8,2015,17240,-1,11051,-1,-1,0,0,-1,0,0,0,-1,-1,-1
9,2015,49982,-1,35543,17831,-1,-1,0,-1,0,0,-1,53374,9960,43414
10,2015,8863,6780,2766,-1,8235,-1,-1,-1,-1,0,-1,3621,3070,-1
11,2015,-1,-1,0,0,0,0,0,0,0,0,0,0,0,0
12,2015,0,0,0,0,0,0,0,0,0,0,0,0,0,0
13,2015,-1,-1,-1,-1,-1,0,0,0,0,0,-1,-1,-1,-1
14,2015,-1,-1,-1,0,0,0,0,0,0,0,0,-1,-1,0
15,2015,-1,-1,-1,0,-1,-1,-1,-1,0,0,0,-1,-1,0
16,2015,0,0,0,0,0,0,0,0,0,0,0,0,0,0
17,2015,0,0,0,0,-1,-1,0,0,-1,0,0,0,0,0
18,2015,0,0,0,0,0,0,0,0,0,0,0,0,0,0
19,2015,0,0,0,0,0,0,0,0,0,0,0,0,0,0
20,2015,1085,558,-1,-1,-1,-1,0,-1,0,0,-1,-1,-1,-1
78,2015,-1,-1,-1,-1,-1,0,0,0,0,0,-1,-1,-1,0
21,2015,33456,9758,10518,1230,38021,-1,-1,-1,-1,0,-1,12445,4773,7672
22,2015,-1,-1,0,0,0,0,0,0,0,0,0,0,0,0
72,2015,0,0,0,0,0,0,0,0,0,0,0,0,0,0
24,2015,0,0,0,0,0,0,0,0,0,0,0,0,0,0
25,2015,0,0,0,0,0,0,0,0,0,0,0,0,0,0
26,2015,0,0,0,0,0,0,0,0,0,0,0,0,0,0
15,2015,0,0,0,0,0,0,0,0,0,0,0,0,0,0
27,2015,-1,-1,-1,0,0,0,0,0,0,0,0,-1,-1,-1
28,2015,-1,-1,0,0,0,0,0,0,0,0,0,0,0,0
29,2015,-1,-1,-1,0,-1,-1,-1,-1,0,0,0,-1,-1,-1
30,2015,5660,-1,-1,-1,-1,-1,0,0,-1,0,-1,-1,-1,-1
31,2015,3236,-1,-1,0,-1,0,0,-1,0,0,-1,-1,-1,-1
32,2015,4772,1722,1199,-1,-1,0,0,-1,-1,0,0,2007,-1,1680
33,2015,0,0,0,0,0,0,0,0,0,0,0,0,0,0
34,2015,-1,-1,-1,0,-1,-1,-1,0,0,0,0,-1,-1,-1
77,2015,0,0,0,0,0,0,0,0,0,0,0,0,0,0
75,2015,0,0,0,0,0,0,0,0,0,0,0,0,0,0
76,2015,0,0,-1,0,0,0,0,0,0,0,0,-1,-1,-1
35,2015,12175,1338,4532,689,-1,-1,-1,-1,-1,0,-1,6615,2412,4203
36,2015,1310,-1,668,-1,-1,-1,-1,0,-1,0,-1,1509,480,1029
37,2015,1286,-1,0,-1,-1,0,0,-1,0,0,-1,-1,0,-1
38,2015,9579,-1,3865,0,-1,0,0,-1,-1,0,-1,4947,1932,3016
39,2015,0,0,0,0,-1,0,0,0,0,0,-1,0,0,0
40,2015,0,0,0,0,0,0,0,0,0,0,0,0,0,0
41,2015,0,0,0,0,0,0,0,0,0,0,0,0,0,0
42,2015,0,0,0,0,0,0,0,0,0,0,0,0,0,0
80,2015,0,0,0,0,-1,0,0,0,0,0,-1,0,0,0
43,2015,-1,0,0,0,-1,0,0,-1,-1,0,-1,0,0,0
44,2015,0,0,0,0,0,0,0,0,0,0,0,0,0,0
45,2015,0,0,0,0,0,0,0,0,0,0,0,0,0,0
46,2015,0,0,0,0,0,0,0,0,0,0,0,0,0,0
47,2015,0,0,0,0,0,0,0,0,0,0,0,0,0,0
48,2015,0,0,0,0,0,0,0,0,0,0,0,0,0,0
49,2015,0,0,0,0,0,0,0,0,0,0,0,0,0,0
50,2015,0,0,0,0,-1,0,0,-1,0,0,0,0,0,0
51,2015,0,0,0,0,0,0,0,0,0,0,0,0,0,0
52,2015,0,0,0,0,0,0,0,0,0,0,0,0,0,0
53,2015,0,0,0,0,0,0,0,0,0,0,0,0,0,0
73,2015,-1,0,0,0,0,0,0,0,0,0,0,0,0,0
55,2015,0,0,0,0,-1,0,0,0,-1,0,-1,0,0,0
60,2015,0,0,0,0,0,0,0,0,0,0,0,0,0,0
61,2015,0,0,0,0,0,0,0,0,0,0,0,0,0,0
63,2015,0,0,0,0,0,0,0,0,0,0,0,0,0,0
74,2015,0,0,0,0,0,0,0,0,0,0,0,0,0,0
64,2015,0,0,0,0,0,0,0,0,0,0,0,0,0,0
86,2015,0,0,0,0,0,0,0,0,0,0,0,0,0,0
81,2015,0,0,0,0,0,0,0,0,0,0,0,0,0,0
82,2015,0,0,0,0,0,0,0,0,0,0,0,0,0,0
83,2015,0,0,0,0,0,0,0,0,0,0,0,0,0,0
84,2015,0,0,0,0,0,0,0,0,0,0,0,0,0,0
85,2015,0,0,0,0,0,0,0,0,0,0,0,0,0,0
65,2015,-1,-1,-1,-1,-1,-1,-1,0,0,0,0,-1,-1,-1
66,2015,-1,-1,-1,-1,-1,-1,-1,0,0,0,0,-1,-1,-1
69,2015,1046,-1,-1,-1,2062,676,-1,0,-1,0,-1,518,-1,374
0,2016,133206,28019,75758,41859,99714,19620,27899,26098,18619,0,7478,117617,35029,82588
1,2016,3455,2316,-1,-1,16946,4980,4751,-1,-1,0,-1,-1,971,-1
2,2016,-1,-1,0,0,-1,-1,-1,-1,-1,0,0,0,0,0
3,2016,-1,-1,0,-1,-1,-1,-1,0,-1,0,-1,-1,-1,0
4,2016,0,0,0,0,-1,-1,-1,-1,-1,0,0,0,0,0
5,2016,-1,-1,0,-1,-1,0,0,0,0,0,-1,-1,-1,-1
6,2016,-1,-1,-1,-1,3383,-1,741,-1,-1,0,-1,-1,-1,0
7,2016,72680,3596,51579,30682,-1,0,0,-1,0,0,0,82260,21231,61029
8,2016,-1,-1,-1,-1,-1,0,0,-1,0,0,0,-1,-1,-1
9,2016,47397,2926,31829,-1,-1,0,0,-1,0,0,0,48799,10202,38597
10,2016,8353,4925,-1,3715,14454,3876,-1,-1,-1,0,-1,7246,3556,-1
11,2016,0,0,0,0,0,0,0,0,0,0,0,0,0,0
12,2016,-1,0,0,0,0,0,0,0,0,0,0,0,0,0
13,2016,-1,-1,-1,-1,-1,-1,-1,0,0,0,0,-1,-1,0
14,2016,3167,-1,-1,0,-1,0,0,-1,0,0,0,-1,-1,0
15,2016,-1,-1,0,-1,-1,-1,-1,0,-1,0,-1,-1,1849,-1
16,2016,-1,-1,-1,0,-1,-1,0,0,0,0,0,-1,0,-1
17,2016,0,0,0,0,0,0,0,0,0,0,0,0,0,0
18,2016,-1,-1,0,0,0,0,0,0,0,0,0,0,0,0
19,2016,0,0,0,0,0,0,0,0,0,0,0,0,0,0
20,2016,-1,-1,0,-1,-1,-1,-1,-1,0,0,0,-1,0,-1
78,2016,76,61,0,-1,-1,0,-1,0,0,0,0,-1,-1,-1
21,2016,30370,11063,11224,-1,54083,-1,-1,-1,15562,0,-1,12935,4871,8065
22,2016,0,0,0,0,0,0,0,0,0,0,0,0,0,0
72,2016,0,0,0,0,0,0,0,0,0,0,0,0,0,0
24,2016,0,0,0,0,0,0,0,0,0,0,0,0,0,0
25,2016,0,0,0,0,0,0,0,0,0,0,0,0,0,0
26,2016,0,0,0,0,0,0,0,0,0,0,0,0,0,0
15,2016,0,0,0,0,0,0,0,0,0,0,0,0,0,0
27,2016,0,0,0,0,-1,-1,0,0,0,0,0,0,0,0
28,2016,-1,0,0,0,0,0,0,0,0,0,0,0,0,0
29,2016,-1,-1,-1,-1,-1,-1,-1,-1,-1,0,-1,-1,-1,-1
30,2016,-1,0,3869,-1,-1,0,-1,-1,-1,0,0,4865,-1,2562
31,2016,-1,-1,-1,0,-1,0,0,0,0,0,-1,-1,-1,-1
32,2016,-1,-1,-1,-1,-1,0,0,-1,0,0,-1,-1,-1,-1
33,2016,0,0,0,0,0,0,0,0,0,0,0,0,0,0
34,2016,-1,-1,-1,0,-1,0,-1,-1,-1,0,0,-1,-1,-1
77,2016,-1,-1,0,0,0,0,0,0,0,0,0,0,0,0
75,2016,0,0,0,0,0,0,0,0,0,0,0,0,0,0
35,2016,0,0,0,0,-1,-1,-1,-1,-1,0,-1,0,0,0
36,2016,16564,-1,8480,4752,-1,-1,0,0,-1,0,-1,13232,4244,8988
37,2016,852,-1,-1,-1,-1,0,-1,-1,-1,0,-1,1133,404,729
38,2016,-1,-1,-1,-1,-1,0,0,-1,0,0,0,2702,840,1862
39,2016,14232,-1,7053,2344,-1,0,0,0,0,0,-1,9397,-1,6396
40,2016,0,0,0,0,0,0,0,0,0,0,0,0,0,0
41,2016,0,0,0,0,0,0,0,0,0,0,0,0,0,0
42,2016,0,0,0,0,-1,0,0,0,0,0,-1,0,0,0
80,2016,0,0,0,0,0,0,0,0,0,0,0,0,0,0
43,2016,0,0,0,0,-1,0,0,-1,0,0,0,0,0,0
44,2016,-1,0,-1,0,0,0,0,0,0,0,0,-1,0,-1
45,2016,0,0,0,0,0,0,0,0,0,0,0,0,0,0
46,2016,0,0,0,0,0,0,0,0,0,0,0,0,0,0
47,2016,0,0,0,0,0,0,0,0,0,0,0,0,0,0
48,2016,-1,0,0,0,0,0,0,0,0,0,0,0,0,0
49,2016,0,0,0,0,0,0,0,0,0,0,0,0,0,0
50,2016,0,0,0,0,-1,0,0,-1,0,0,0,0,0,0
51,2016,-1,0,-1,0,0,0,0,0,0,0,0,-1,0,-1
52,2016,0,0,0,0,0,0,0,0,0,0,0,0,0,0
53,2016,0,0,0,0,0,0,0,0,0,0,0,0,0,0
73,2016,0,0,0,0,0,0,0,0,0,0,0,0,0,0
55,2016,0,0,0,0,0,0,0,0,0,0,0,0,0,0
60,2016,0,0,0,0,0,0,0,0,0,0,0,0,0,0
61,2016,0,0,0,0,0,0,0,0,0,0,0,0,0,0
63,2016,0,0,0,0,0,0,0,0,0,0,0,0,0,0
74,2016,0,0,0,0,0,0,0,0,0,0,0,0,0,0
64,2016,0,0,0,0,0,0,0,0,0,0,0,0,0,0
86,2016,0,0,0,0,0,0,0,0,0,0,0,0,0,0
81,2016,0,0,0,0,0,0,0,0,0,0,0,0,0,0
82,2016,0,0,0,0,0,0,0,0,0,0,0,0,0,0
83,2016,0,0,0,0,0,0,0,0,0,0,0,0,0,0
84,2016,0,0,0,0,0,0,0,0,0,0,0,0,0,0
85,2016,0,0,0,0,0,0,0,0,0,0,0,0,0,0
65,2016,0,0,0,0,-1,-1,0,0,0,0,0,0,0,0
66,2016,-1,-1,0,-1,-1,-1,0,0,0,0,0,-1,0,-1
69,2016,-1,-1,0,-1,-1,-1,-1,0,0,0,-1,-1,0,-1
0,2017,85277,34205,33108,26721,150014,26175,19169,46333,-1,0,24402,59829,17434,42395
1,2017,4905,-1,0,0,-1,-1,-1,-1,0,0,-1,0,0,0
7,2017,34283,3776,17357,13877,-1,0,0,-1,0,0,-1,31234,8155,23080
10,2017,21029,16823,-1,0,60330,15963,-1,-1,-1,0,-1,-1,0,-1
21,2017,15613,-1,-1,6567,-1,-1,-1,-1,-1,0,-1,18918,5890,-1
35,2017,7985,-1,-1,6277,-1,0,0,-1,0,0,0,7207,-1,4167
39,2017,0,0,0,0,-1,0,0,-1,0,0,0,0,0,0
43,2017,0,0,0,0,-1,0,0,0,-1,0,0,0,0,0
81,2017,0,0,0,0,0,0,0,0,0,0,0,0,0,0
65,2017,-1,-1,-1,0,-1,0,-1,0,0,0,0,0,0,0
69,2017,1214,-1,-1,0,-1,-1,0,0,-1,0,-1,-1,-1,0
0,2018,129658,22421,62579,79974,91940,7667,30179,-1,8723,0,-1,142554,40914,101640
1,2018,7403,4003,-1,-1,21974,4133,9884,-1,-1,0,-1,7519,4189,-1
7,2018,78227,2659,41565,61646,-1,0,-1,-1,0,0,-1,103211,26273,76939
10,2018,-1,-1,-1,-1,-1,-1,-1,0,-1,0,-1,-1,-1,0
21,2018,27754,5729,14807,-1,-1,0,-1,-1,-1,0,-1,20823,-1,16942
35,2018,7985,-1,-1,6277,-1,0,0,-1,0,0,0,7207,-1,4167
39,2018,0,0,0,0,0,0,0,0,0,0,0,0,0,0
43,2018,0,0,0,0,-1,-1,0,0,0,0,0,0,0,0
81,2018,0,0,0,0,0,0,0,0,0,0,0,0,0,0
65,2018,-1,-1,-1,0,0,0,0,0,0,0,0,-1,-1,0
69,2018,709,269,-1,0,-1,0,0,0,-1,0,0,-1,-1,-1
0,2019,536531,120369,173321,43045,80023,3822,-1,19823,-1,0,43260,216366,81437,134929
1,2019,-1,-1,0,1852,7114,2517,-1,0,-1,0,-1,1852,1852,0
2,2019,-1,-1,0,0,-1,-1,0,0,0,0,-1,0,0,0
3,2019,-1,-1,0,-1,-1,-1,-1,0,0,0,0,-1,-1,0
4,2019,0,0,0,0,0,0,0,0,0,0,0,0,0,0
5,2019,-1,0,0,-1,0,0,0,0,0,0,0,-1,-1,0
6,2019,-1,-1,0,0,-1,-1,0,0,-1,0,-1,0,0,0
87,2019,-1,-1,0,-1,0,0,0,0,0,0,0,-1,-1,0
7,2019,53634,-1,25367,13048,-1,0,-1,0,0,0,-1,38415,17032,21383
8,2019,-1,0,16026,5999,0,0,0,0,0,0,0,22025,9164,12861
88,2019,-1,-1,3373,4369,-1,0,-1,0,0,0,0,7741,3558,4183
9,2019,-1,0,3630,1695,0,0,0,0,0,0,0,5325,2944,2381
89,2019,-1,-1,-1,411,-1,0,0,0,0,0,-1,465,-1,-1
90,2019,4115,0,2284,-1,0,0,0,0,0,0,0,2859,1180,1679
10,2019,9019,5071,-1,-1,-1,0,0,-1,0,0,-1,-1,-1,-1
11,2019,0,0,0,-1,0,0,0,0,0,0,0,-1,-1,-1
12,2019,0,0,0,-1,0,0,0,0,0,0,0,-1,-1,0
13,2019,-1,-1,0,0,-1,0,0,0,0,0,0,0,0,0
14,2019,-1,-1,0,0,-1,0,0,-1,0,0,0,0,0,0
15,2019,0,0,0,0,-1,0,0,-1,0,0,0,0,0,0
16,2019,0,0,0,0,0,0,0,0,0,0,0,0,0,0
17,2019,0,0,0,0,0,0,0,0,0,0,0,0,0,0
18,2019,0,0,0,0,0,0,0,0,0,0,0,0,0,0
19,2019,-1,-1,0,0,0,0,0,0,0,0,0,0,0,0
20,2019,-1,-1,-1,-1,0,0,0,0,0,0,0,-1,-1,0
91,2019,0,0,0,0,-1,0,0,0,0,0,-1,0,0,0
111,2019,0,0,0,0,0,0,0,0,0,0,0,0,0,0
21,2019,17196,8752,5871,-1,44652,-1,-1,16033,-1,0,-1,10376,5838,-1
22,2019,0,0,0,0,0,0,0,0,0,0,0,0,0,0
72,2019,0,0,0,0,0,0,0,0,0,0,0,0,0,0
93,2019,0,0,0,0,0,0,0,0,0,0,0,0,0,0
25,2019,0,0,0,0,-1,0,0,0,-1,0,0,0,0,0
26,2019,0,0,0,0,0,0,0,0,0,0,0,0,0,0
15,2019,0,0,0,0,0,0,0,0,0,0,0,0,0,0
94,2019,0,0,0,0,-1,-1,0,0,0,0,0,0,0,0
28,2019,0,0,0,0,0,0,0,0,0,0,0,0,0,0
29,2019,-1,-1,-1,0,-1,-1,-1,-1,-1,0,0,-1,-1,0
30,2019,-1,-1,-1,0,0,0,0,0,0,0,0,-1,-1,0
31,2019,-1,-1,-1,-1,-1,0,0,-1,-1,0,-1,-1,-1,-1
32,2019,-1,-1,-1,-1,17342,0,-1,-1,-1,0,-1,-1,-1,-1
33,2019,0,0,0,0,0,0,0,0,0,0,0,0,0,0
34,2019,0,0,0,0,-1,0,0,0,0,0,-1,0,0,0
95,2019,0,0,0,0,0,0,0,0,0,0,0,0,0,0
71,2019,0,0,0,0,0,0,0,0,0,0,0,0,0,0
96,2019,0,0,0,0,0,0,0,0,0,0,0,0,0,0
97,2019,0,0,0,0,0,0,0,0,0,0,0,0,0,0
76,2019,-1,0,0,0,0,0,0,0,0,0,0,0,0,0
98,2019,0,0,0,0,0,0,0,0,0,0,0,0,0,0
35,2019,439488,100235,141695,10794,-1,0,0,-1,0,0,-1,152490,47590,104900
99,2019,-1,0,-1,-1,0,0,0,0,0,0,0,-1,-1,-1
100,2019,7107,0,-1,647,0,0,0,0,0,0,0,-1,697,-1
101,2019,1577,0,-1,-1,0,0,0,0,0,0,0,-1,-1,-1
102,2019,7769,0,2142,0,0,0,0,0,0,0,0,2142,458,1684
103,2019,1742,0,0,201,0,0,0,0,0,0,0,201,86,115
104,2019,1341,322,0,1212,150,0,0,0,0,0,150,1212,631,581
105,2019,7191,-1,5672,1792,1221,0,0,0,0,0,1221,7463,2504,4959
106,2019,93750,63028,24362,-1,-1,0,0,0,0,0,-1,25921,7984,17937
38,2019,287166,0,98683,-1,-1,0,0,0,0,0,-1,101745,31844,69901
107,2019,0,-1,0,51,0,0,0,0,0,0,0,51,0,51
108,2019,-1,100235,9628,-1,-1,0,0,-1,0,0,-1,10492,2871,7620
39,2019,-1,0,0,-1,0,0,0,0,0,0,0,0,0,0
40,2019,-1,0,0,-1,0,0,0,0,0,0,0,-1,-1,0
41,2019,-1,0,0,0,0,0,0,0,0,0,0,-1,-1,0
42,2019,0,0,0,0,0,0,0,0,0,0,0,0,0,0
80,2019,0,0,0,0,0,0,0,0,0,0,0,0,0,0
43,2019,-1,-1,0,-1,0,0,0,0,0,0,0,0,0,0
44,2019,0,0,0,0,0,0,0,0,0,0,0,-1,-1,-1
45,2019,-1,0,0,0,0,0,0,0,0,0,0,0,0,0
46,2019,0,0,0,0,0,0,0,0,0,0,0,0,0,0
47,2019,0,0,0,-1,0,0,0,0,0,0,0,0,0,0
48,2019,0,0,0,0,0,0,0,0,0,0,0,-1,-1,-1
49,2019,0,0,0,0,0,0,0,0,0,0,0,0,0,0
50,2019,0,0,0,0,0,0,0,0,0,0,0,0,0,0
51,2019,0,0,0,0,0,0,0,0,0,0,0,0,0,0
52,2019,0,0,0,0,0,0,0,0,0,0,0,0,0,0
53,2019,-1,-1,0,0,0,0,0,0,0,0,0,0,0,0
73,2019,0,0,0,0,0,0,0,0,0,0,0,0,0,0
55,2019,0,0,0,0,0,0,0,0,0,0,0,0,0,0
86,2019,0,0,0,0,0,0,0,0,0,0,0,0,0,0
64,2019,-1,-1,0,0,0,0,0,0,0,0,0,0,0,0
60,2019,0,0,0,0,0,0,0,0,0,0,0,0,0,0
61,2019,0,0,0,0,0,0,0,0,0,0,0,0,0,0
63,2019,0,0,0,0,0,0,0,0,0,0,0,0,0,0
109,2019,0,0,0,0,0,0,0,0,0,0,0,0,0,0
81,2019,0,0,0,0,0,0,0,0,0,0,0,0,0,0
82,2019,0,0,0,0,0,0,0,0,0,0,0,0,0,0
83,2019,0,0,0,0,0,0,0,0,0,0,0,0,0,0
84,2019,0,0,0,0,0,0,0,0,0,0,0,0,0,0
85,2019,0,0,0,0,0,0,0,0,0,0,0,0,0,0
65,2019,0,0,0,0,0,0,0,0,0,0,0,0,0,0
65,2019,0,0,0,0,0,0,0,0,0,0,0,0,0,0
69,2019,693,0,-1,-1,-1,0,-1,0,0,0,-1,-1,-1,263
69,2019,693,0,-1,-1,-1,0,-1,0,0,0,-1,-1,-1,263
0,2020,928658,184036,390874,1015766,7114,2517,-1,0,-1,0,0,531113,200618,330496
1,2020,-1,-1,0,46043,-1,-1,0,0,0,0,0,1852,1852,0
2,2020,-1,-1,0,16709,-1,-1,-1,0,0,0,0,0,0,0
3,2020,-1,-1,0,2999,0,0,0,0,0,0,0,-1,-1,0
4,2020,0,0,0,-1,0,0,0,0,0,0,0,0,0,0
5,2020,-1,0,0,4123,-1,-1,0,0,-1,0,0,-1,-1,0
6,2020,-1,-1,0,9365,0,0,0,0,0,0,0,0,0,0
110,2020,-1,-1,0,6976,0,0,0,0,0,0,0,-1,-1,0
7,2020,83089,-1,41825,161702,0,0,0,0,0,0,0,70506,30623,39883
8,2020,20458,-1,11001,64010,0,0,0,0,0,0,0,17408,10041,7367
88,2020,12146,-1,9776,4806,0,0,0,0,0,0,0,17869,5834,12035
9,2020,34997,0,11166,37784,0,0,0,0,0,0,0,17568,8573,8995
89,2020,3719,0,2848,32287,0,0,0,0,0,0,0,7662,2808,4854
90,2020,11769,0,7034,22815,-1,-1,0,0,0,0,0,9999,3367,6632
10,2020,3350,2438,-1,189351,0,0,0,0,0,0,0,3335,3335,0
11,2020,0,0,0,21371,0,0,0,0,0,0,0,0,0,0
12,2020,0,0,0,21947,-1,-1,0,0,0,0,0,0,0,0
13,2020,-1,-1,0,17006,0,0,0,0,0,0,0,-1,-1,0
14,2020,-1,-1,-1,24537,0,0,0,0,0,0,0,-1,-1,0
15,2020,0,0,0,20684,0,0,0,0,0,0,0,0,0,0
16,2020,0,0,0,17538,0,0,0,0,0,0,0,0,0,0
17,2020,0,0,0,18532,0,0,0,0,0,0,0,0,0,0
18,2020,0,0,0,9967,0,0,0,0,0,0,0,0,0,0
19,2020,0,0,0,8084,0,0,0,0,0,0,0,0,0,0
20,2020,-1,-1,0,3167,0,0,0,0,0,0,0,-1,-1,0
91,2020,0,0,0,22021,0,0,0,0,0,0,0,0,0,0
111,2020,-1,0,-1,4497,7114,2517,-1,0,-1,0,0,-1,-1,0
21,2020,44662,24438,9528,251511,-1,-1,0,0,0,0,0,23376,-1,-1
22,2020,0,0,0,-1,-1,-1,-1,0,0,0,0,0,0,0
112,2020,0,0,0,7769,0,0,0,0,0,0,0,0,0,0
93,2020,0,0,0,8756,0,0,0,0,0,0,0,0,0,0
25,2020,0,0,0,19004,-1,-1,0,0,-1,0,0,0,0,0
26,2020,0,0,0,22667,0,0,0,0,0,0,0,0,0,0
15,2020,-1,0,0,11955,0,0,0,0,0,0,0,0,0,0
27,2020,0,0,0,3524,0,0,0,0,0,0,0,0,0,0
28,2020,0,0,0,35577,0,0,0,0,0,0,0,0,0,0
29,2020,-1,0,-1,-1,0,0,0,0,0,0,0,-1,-1,-1
30,2020,-1,0,0,7491,0,0,0,0,0,0,0,-1,-1,0
31,2020,-1,-1,-1,10767,0,0,0,0,0,0,0,-1,-1,-1
32,2020,-1,-1,-1,-1,-1,-1,0,0,0,0,0,-1,-1,-1
33,2020,0,0,0,7136,0,0,0,0,0,0,0,0,0,0
34,2020,0,0,0,14570,0,0,0,0,0,0,0,0,0,0
95,2020,0,0,0,4842,-1,-1,0,0,0,0,0,0,0,0
71,2020,0,0,0,16606,0,0,0,0,0,0,0,0,0,0
77,2020,0,0,0,26190,0,0,0,0,0,0,0,0,0,0
97,2020,0,0,0,-1,0,0,0,0,0,0,0,0,0,0
76,2020,0,0,0,10822,0,0,0,0,0,0,0,0,0,0
98,2020,0,0,0,3678,0,0,0,0,0,0,0,0,0,0
113,2020,-1,-1,-1,6811,0,0,0,0,0,0,0,-1,-1,-1
35,2020,789265,151416,337767,238769,83737,-1,-1,27298,-1,0,0,431701,152469,279233
99,2020,-1,0,0,-1,0,0,0,0,0,0,0,-1,-1,-1
100,2020,-1,0,0,3717,0,0,0,0,0,0,0,0,0,0
101,2020,-1,-1,-1,-1,0,0,0,0,0,0,0,-1,-1,-1
102,2020,27759,0,14857,8833,-1,0,0,0,-1,0,0,17237,7130,10107
103,2020,95614,-1,62300,-1,0,0,0,0,0,0,0,64658,14126,50532
104,2020,81414,-1,-1,71245,0,0,0,0,0,0,0,70617,18996,51621
105,2020,192333,-1,31275,-1,-1,-1,0,0,0,0,0,-1,-1,22425
106,2020,143840,-1,96245,31025,0,0,0,0,0,0,0,104491,-1,59574
38,2020,197488,104734,61619,-1,-1,-1,-1,0,-1,0,0,100735,-1,65400
107,2020,23593,-1,6995,44010,0,0,0,0,0,0,0,27920,14013,13907
108,2020,9699,7387,2995,3512,0,0,0,0,0,0,0,4596,2159,2438
39,2020,0,0,0,12429,27947,-1,0,-1,-1,0,0,0,0,0
41,2020,0,0,0,-1,0,0,0,0,0,0,0,0,0,0
40,2020,0,0,0,10517,-1,0,0,0,0,0,0,0,0,0
42,2020,0,0,0,-1,0,0,0,0,0,0,0,0,0,0
80,2020,0,0,0,-1,0,0,0,0,0,0,0,0,0,0
43,2020,0,0,0,100092,0,0,0,0,0,0,0,0,0,0
44,2020,0,0,0,12490,0,0,0,0,0,0,0,0,0,0
45,2020,0,0,0,11775,0,0,0,0,0,0,0,0,0,0
46,2020,0,0,0,6158,0,0,0,0,0,0,0,0,0,0
48,2020,0,0,0,-1,-1,-1,-1,-1,0,0,0,0,0,0
49,2020,0,0,0,9866,-1,1812,-1,-1,-1,0,0,0,0,0
50,2020,0,0,0,12241,0,0,0,0,0,0,0,0,0,0
51,2020,0,0,0,-1,-1,0,0,-1,0,0,0,0,0,0
52,2020,0,0,0,10768,-1,0,0,-1,0,0,0,0,0,0
53,2020,0,0,0,12958,-1,0,0,0,0,0,0,0,0,0
73,2020,0,0,0,-1,0,0,0,0,0,0,0,0,0,0
55,2020,0,0,0,291,0,0,0,0,0,0,0,0,0,0
86,2020,0,0,0,-1,-1,-1,-1,-1,-1,0,0,0,0,0
64,2020,0,0,0,2005,0,0,0,0,0,0,0,0,0,0
60,2020,0,0,0,1105,-1,0,0,-1,0,0,0,0,0,0
61,2020,0,0,0,413,-1,-1,0,0,0,0,0,0,0,0
63,2020,0,0,0,933,-1,-1,-1,-1,-1,0,0,0,0,0
109,2020,0,0,0,12144,0,0,0,0,0,0,0,0,0,0
47,2020,0,0,0,-1,0,0,0,0,0,0,0,0,0,0
81,2020,-1,0,0,-1,0,0,0,0,0,0,0,0,0,0
82,2020,-1,0,0,-1,0,0,0,0,0,0,0,0,0,0
83,2020,0,0,0,-1,0,0,0,0,0,0,0,0,0,0
84,2020,0,0,0,-1,0,0,0,0,0,0,0,0,0,0
85,2020,0,0,0,269,0,0,0,0,0,0,0,0,0,0
65,2020,-1,-1,-1,1229,0,0,0,0,0,0,0,-1,0,-1
69,2020,-1,-1,-1,1427,0,0,0,0,0,0,0,-1,-1,-1
