id,year,goats_total,male_lt_6mo,male_6mo_lt_1yr,male_1yr_lt_2yrs,male_gte_2yrs,female_lt_6mo,female_6mo_lt_1yr,female_1yr_lt_2yrs,female_gte_2yrs,male_indigenous,male_hybrid,male_exotic,female_indigenous,female_hybrid,female_exotic,
1,2011,2874520,367686,125777,117171,196885,394825,198331,225542,1248302,808610,0,0,2071115,0,0
2,2011,1053529,131405,43653,47303,60444,142443,81121,99980,447180,282805,0,0,770724,0,0
3,2011,897857,113535,35434,37649,79481,124767,52571,60467,393954,267337,0,0,635710,0,0
4,2011,185837,18943,8776,5655,10285,23855,11029,13905,93390,43844,0,0,141993,0,0
5,2011,369894,50965,22273,14639,24779,51404,21087,22712,162036,112320,0,0,257589,0,0
6,2011,367402,52839,15641,11926,21896,52356,32523,28479,151741,102303,0,0,265099,0,0
7,2011,1713660,122585,73326,78792,131234,196701,154649,226579,729794,404455,-1,0,1299142,-1,-1
8,2011,1087304,85909,45248,41954,81259,124781,99925,129388,478840,252917,0,0,825657,0,-1
9,2011,626356,36676,28079,36838,49975,71920,54725,97190,250954,151538,-1,0,473485,-1,0
10,2011,5189432,773586,261772,240662,410372,806465,304887,312029,2079660,1681645,0,0,3486711,0,0
11,2011,1146150,194160,53254,50722,52990,204511,74022,75304,441188,347664,0,0,784263,0,0
12,2011,492647,75973,26878,24080,32617,75820,25369,23613,208298,159547,0,0,333286,0,0
13,2011,663974,82926,35403,29097,55598,92787,44989,47448,275726,204267,0,0,459964,0,0
14,2011,734409,108954,43829,31839,83229,99244,34746,36498,296070,267071,0,0,465279,0,0
15,2011,666034,85557,33586,46147,94976,99734,32493,32681,240861,258792,0,0,404269,0,0
16,2011,333802,64031,8552,9782,20342,61193,19359,11569,138973,102708,0,0,230670,0,0
17,2011,277809,49755,15204,13587,12670,46966,13807,19569,106252,91215,0,0,186594,0,0
18,2011,567714,57247,29309,25240,40595,77433,44437,50461,242992,152578,0,0,415136,0,0
19,2011,124199,24385,7545,3792,7724,19819,5736,5441,49757,43257,0,0,80134,0,0
20,2011,162273,27575,7187,5479,8013,25534,8843,7876,71767,48004,0,0,113300,0,0
78,2011,20421,3022,1025,898,1617,3426,1088,1569,7776,6542,0,0,13817,0,0
21,2011,7226944,105546,342687,257936,383868,1121828,462607,498440,3104116,2038263,-1,0,5176015,-1,0
22,2011,152360,28260,9048,4402,6621,27246,8778,8827,59178,47365,0,0,103141,0,0
72,2011,160937,30722,8561,3718,6276,31694,11487,6645,61834,49277,0,0,111660,0,0
24,2011,185350,34078,9727,6995,4694,31628,11065,12848,74316,56144,0,0,130159,0,0
25,2011,304376,48923,13478,6889,7074,47595,17767,25976,136672,77768,0,0,227496,0,0
26,2011,382900,70668,19322,17201,13364,70400,29091,30864,131990,119936,0,0,262963,0,0
15,2011,223245,40257,10279,4499,11945,39009,13699,16319,87237,66981,0,0,154553,0,0
27,2011,488512,71586,19558,14995,27626,78898,37406,31210,207233,132892,0,0,353572,0,0
28,2011,653327,102589,31595,17135,26622,105904,40985,59189,269309,176479,-1,0,470998,-1,0
29,2011,758530,110294,32673,30017,38352,117546,43989,43142,342517,212701,0,0,547490,0,0
30,2011,1070975,145531,58004,60716,64059,131850,54858,75692,480266,328403,0,0,743712,0,0
31,2011,751422,104670,31963,21686,35881,117810,40256,43945,355212,194200,0,0,557222,0,0
32,2011,849261,87615,37538,30402,71933,120041,65638,63706,372388,226036,0,0,618385,0,0
33,2011,235617,41486,11120,6641,15174,42992,14479,15294,88432,74421,0,0,161632,0,0
34,2011,445051,48507,22191,18043,35427,56694,34949,28112,201127,124363,0,0,320662,0,0
77,2011,370119,55183,17226,9033,10832,62573,27773,28382,159117,91973,0,0,276083,0,0
75,2011,74674,12805,4327,3177,2621,14974,3850,5018,27903,23204,0,0,52295,0,0
76,2011,120289,22288,6078,2389,5366,24974,6536,3272,49385,36122,0,0,83991,0,0
10,2005,4856472,667708,245794,219050,441097,684596,302372,364314,1931542,1572646,-1,0,3282489,-1,0
11,2005,1114883,156109,61043,38818,68738,179379,85455,96045,429296,323704,-1,0,789841,-1,0
12,2005,523517,83516,22741,25334,30494,82869,28258,36819,213485,162086,0,0,361431,0,0
13,2005,619610,83730,27803,22556,56823,84046,37593,40517,266542,190912,0,0,428697,0,0
14,2005,770052,103760,34308,30001,105712,105084,35732,40737,314719,273781,0,0,496272,0,0
15,2005,662213,75514,45695,54304,106872,67738,39652,53607,218831,282386,0,0,379828,0,0
16,2005,245314,30417,13406,9099,14823,38363,13865,21371,103971,67745,0,0,177569,0,0
17,2005,274139,50077,11795,11428,10575,43076,14047,15931,117210,83875,0,0,190264,0,0
18,2005,367523,37890,15478,17474,32123,45732,27346,34318,157161,102966,0,0,264557,0,0
19,2005,130485,25316,6152,4140,6806,17215,7804,8647,54405,42414,0,0,88071,0,0
20,2005,148737,21379,7373,5895,8132,21095,12620,16321,55922,42778,0,0,105958,0,0
21,2005,5383640,764890,295955,229225,318502,797715,358155,412828,2206371,1608571,0,0,3774615,-1,-1
22,2005,112394,16500,6965,-1,6026,18442,9317,13555,39571,31509,0,0,80885,0,0
72,2005,179238,23880,9428,8363,12438,29782,14779,17983,62585,54109,0,0,125129,0,0
24,2005,100740,18636,5481,3282,-1,16679,6087,4331,42048,31595,0,0,69145,0,0
25,2005,240997,36720,10195,9673,8783,37994,11994,15542,110096,65371,0,0,175626,0,0
26,2005,236991,40560,10146,7080,12769,49879,12833,19960,83764,70555,0,0,166436,0,0
15,2005,176218,27196,9981,7291,11996,28710,13113,10216,67715,56465,0,0,119753,0,0
27,2005,588092,79762,31994,18471,25005,105108,47125,41515,239113,155232,0,0,432861,0,0
28,2005,448849,62630,22617,18406,30056,63678,26709,34870,189883,133709,0,0,315140,0,0
29,2005,741514,108067,42654,39264,54069,94815,40522,53760,308364,244054,0,0,497460,0,0
30,2005,889342,119493,53374,55500,76028,111969,58886,65371,348722,304395,0,0,584636,-1,0
31,2005,626174,103016,34285,12236,14512,92758,31378,40891,297097,164049,0,0,462125,0,0
32,2005,595738,65649,33952,27804,32141,84173,52058,55931,244029,159546,0,0,436192,0,0
33,2005,183195,32724,10870,6471,10842,28787,12703,14922,65876,60907,0,0,122145,0,-1
34,2005,264156,30056,14014,13364,19640,34940,20652,23981,107508,77074,0,0,187082,0,0
35,2005,668619,63891,33002,36381,67420,76933,45500,61086,284406,200694,0,0,467925,0,0
36,2005,74213,6799,3143,3056,4614,9833,7836,9132,29800,17611,0,0,56602,0,0
37,2005,361636,39370,20218,19068,35519,40108,21356,25628,160369,114175,0,0,247461,0,0
38,2005,232770,17723,9642,14257,27286,26992,16309,26326,94236,68907,0,0,163862,0,0
39,2005,314277,49425,19289,13019,14530,47038,25665,31037,114274,96263,0,0,218014,0,0
40,2005,114281,20386,7456,4275,4113,18652,9176,13617,36607,36230,0,0,78051,0,0
41,2005,152480,22154,9088,6965,7990,20413,12100,13281,60490,46196,0,0,106284,0,0
42,2005,47516,6886,2746,1779,2427,7973,4389,4140,17176,13837,0,0,33678,0,0
43,2005,2054080,250686,110610,92730,150062,260350,149377,175828,864437,604088,0,0,1449780,-1,0
44,2005,118585,19779,7623,6150,2786,16161,6986,11123,47976,36338,0,0,82247,0,0
45,2005,112961,13953,5922,3022,5551,16439,10796,7173,50103,28448,0,0,84512,0,0
46,2005,41075,5565,871,1082,1913,6037,4309,3952,17345,9431,0,0,31431,-1,0
47,2005,193173,26847,12401,12152,7714,25515,10824,12841,84879,59114,0,0,134059,0,0
48,2005,9410,-1,-1,-1,-1,2257,519,-1,3292,2223,0,0,7186,0,0
49,2005,120000,17669,6711,2894,3437,21393,6133,11990,49772,30711,0,0,89289,0,0
35,2011,1365265,107584,68207,68397,174296,139054,93793,115853,598081,419087,0,0,946831,-1,0
36,2011,192890,15904,10913,10020,14036,19582,16887,18492,87057,50879,0,0,141941,0,0
37,2011,545537,47634,28430,27845,76104,62128,35741,41232,226422,180455,0,0,365187,-1,0
38,2011,626839,44046,28864,30533,84156,57343,41165,56129,284603,187754,0,0,439703,0,0
39,2011,454460,62663,27264,17059,21489,69763,36588,41625,178008,128103,0,0,325589,0,0
40,2011,182527,28352,11909,8807,6951,30042,13309,14700,68457,56119,0,0,126567,0,0
41,2011,192840,22776,11277,6127,10248,27439,16318,21898,76757,50016,0,0,142128,0,0
42,2011,56427,7435,3045,1668,3895,7791,5257,3011,24326,16071,0,0,40414,0,0
80,2011,22665,4100,1033,457,395,4492,1704,2017,8468,5896,0,0,16480,0,0
43,2011,3506210,370738,188289,197142,397012,386461,234882,308476,1423209,1150153,-1,-1,2344527,-1,-1
44,2011,120455,16267,5138,5842,7654,16919,8941,9867,49826,34530,0,0,86136,0,0
45,2011,144656,19160,8566,6127,5212,20953,12039,9270,63329,38564,-1,0,105445,0,-1
46,2011,34816,3842,2051,1357,1200,4420,2399,2709,16836,8342,-1,0,25698,-1,0
47,2011,253041,43851,8474,9805,18365,36885,13417,14376,107867,81129,0,0,172317,0,0
48,2011,11606,-1,-1,855,2111,-1,-1,-1,5295,4037,0,0,7417,0,0
49,2011,103599,15128,3425,3002,4725,16125,8317,8962,43914,25789,0,0,77033,0,0
50,2011,1526174,94331,81983,121333,-1,115862,109698,177892,560326,562546,0,-1,964798,0,-1
51,2011,18542,2630,1888,573,593,3194,766,1312,7585,5748,0,0,12755,0,0
52,2011,232547,39053,13037,6142,5922,35117,13353,16256,103667,64020,0,0,167131,0,0
53,2011,301418,42523,20953,12415,16347,39211,20572,17215,132182,91370,0,0,203697,0,0
73,2011,82892,9750,5877,2040,4773,12578,4519,4711,38644,22015,0,0,59186,0,0
55,2011,25351,4153,1038,406,549,3869,1450,1476,12410,6310,0,0,19200,0,0
56,2011,74777,9575,4904,3537,5538,8084,4719,5299,33121,23735,0,0,51496,0,0
57,2011,28923,3316,1312,1309,3713,3564,1427,1874,12408,9679,0,0,19245,0,0
58,2011,196274,19322,8123,9367,35160,19053,9034,12563,83652,70885,0,0,123708,0,0
59,2011,86102,8049,4386,4604,10692,8070,6130,6836,37335,27580,0,0,58117,0,0
60,2011,60773,8667,4265,2562,2648,10334,4641,5651,22006,17988,0,0,42621,0,0
61,2011,7617,744,410,419,810,850,496,881,3006,2383,0,0,5233,0,0
63,2011,14165,1603,1483,712,-1,1754,1054,1593,5384,4340,0,0,9784,0,0
74,2011,123543,17724,7713,3110,4253,19037,8338,6902,56466,32993,0,0,90581,0,0
64,2011,58939,10165,3073,1625,1413,9106,3253,2354,27950,16169,0,0,42927,0,0
81,2011,79623,9967,5236,3581,4977,12875,7997,7682,27307,23765,0,0,55807,0,0
82,2011,9662,1598,699,-1,-1,1821,821,1010,3056,2937,0,0,6708,0,0
83,2011,56705,6527,3719,2513,3520,9379,6184,5612,19251,16301,0,0,40370,0,0
84,2011,1916,209,-1,130,222,325,122,237,491,740,0,0,1175,0,0
85,2011,11341,1633,640,643,872,1351,870,824,4508,3787,0,0,7554,0,0
65,2011,41964,4709,1873,3527,2720,4470,2261,5095,17310,12835,0,0,29072,0,0
66,2011,41964,4709,1873,3527,2720,4470,2261,5095,17310,12835,0,0,29072,0,0
69,2011,161027,15820,7828,7467,7754,17358,11508,17796,75497,38903,0,0,121159,-1,0
0,2012,24060792,2786977,1189112,1039124,1948077,3065458,1624507,1978891,10428645,6963137,0,-1,17095759,-1,-1
1,2012,3191184,300931,179996,157349,241905,340277,261715,322187,1386824,880181,0,0,2311003,0,0
2,2012,1194801,106036,71245,59042,67697,140815,121158,147409,481398,304020,0,0,890781,0,0
3,2012,1006957,82018,53654,62655,106886,73664,67710,86639,473732,305212,0,0,701745,0,0
4,2012,217262,24747,13131,7751,13471,21363,14476,16668,105656,59100,0,0,158163,0,0
5,2012,402218,42074,19308,14694,31922,51165,30360,39340,173355,107998,0,0,294220,0,0
6,2012,369945,46056,22657,13208,21930,53270,28011,32130,152683,103851,0,0,266094,0,0
7,2012,1935611,117327,75327,83089,99467,189267,169554,272891,928688,375210,0,0,1560401,0,0
8,2012,1164580,68153,44972,46694,55397,111024,110829,172658,554853,215216,0,0,949364,0,0
9,2012,771031,49174,30355,36395,44070,78243,58726,100233,373836,159994,0,0,611037,0,0
10,2012,5102580,682984,262651,237215,464513,687567,316985,358832,2091831,1647364,0,0,3455216,0,0
11,2012,1251867,205246,58549,46102,66295,195707,92248,104145,483575,376192,0,0,875675,0,0
12,2012,382383,47068,20140,13730,37195,47337,18593,24142,174177,118134,0,0,264250,0,0
13,2012,501259,64415,20969,22362,49838,69033,26982,32161,215499,157583,0,0,343676,0,0
14,2012,720700,89834,35171,28622,87739,84116,29288,46462,319469,241366,0,0,479334,0,0
15,2012,732433,86488,41571,64305,101134,88766,41401,52020,256749,293497,0,0,438936,0,0
16,2012,394402,49249,20422,13876,37905,53301,28259,24022,167368,121451,0,0,272950,0,0
17,2012,339858,57293,23583,14707,19484,52915,24019,19985,127873,115066,0,0,224792,0,0
18,2012,467816,33563,26168,19925,45622,44164,40797,41054,216522,125279,0,0,342537,0,0
19,2012,124595,22300,7181,6516,9878,22451,6559,4324,45386,45874,0,0,78721,0,0
20,2012,164891,24328,7773,5914,8096,26478,7674,9083,75546,46110,0,0,118781,0,0
78,2012,22375,3200,1126,1156,1328,3301,1164,1434,9666,6810,0,0,15565,0,0
21,2012,7554869,1064889,377613,290355,431482,1124745,465521,531109,3269155,2164339,0,0,5390151,0,-1
22,2012,155054,35101,5972,2378,3207,28193,8847,13825,57531,46658,0,0,108396,0,0
72,2012,146775,27740,8860,7589,7183,27394,6556,10757,50697,51371,0,0,95404,0,0
24,2012,224989,41469,10767,6701,4521,43743,12697,20044,85048,63457,0,0,161532,0,0
25,2012,345105,56506,18598,7766,6892,65785,16649,14476,158434,89761,0,0,255344,0,0
26,2012,392473,62773,24286,22875,17780,68160,27197,31226,138176,127714,0,0,264759,0,0
15,2012,234652,35232,9926,8745,21374,40319,13193,17076,88787,75277,0,0,159375,0,0
27,2012,568761,75230,26334,22207,27477,86303,37031,40855,253324,151248,0,0,417513,0,0
28,2012,683053,84104,29165,18876,45964,103514,37918,43239,320274,178109,0,0,504944,0,0
29,2012,704732,85044,34352,27041,30684,101279,42252,48323,335757,177121,0,0,527611,0,0
30,2012,916571,129128,50439,55004,53037,110384,53937,69611,395032,287608,0,0,628963,0,0
31,2012,772723,114368,40758,22136,49586,112447,48349,41829,343250,226848,0,0,545875,0,0
32,2012,989691,97901,41140,36993,87855,113740,58717,75973,477371,263889,0,0,725802,0,0
33,2012,308121,43847,20747,14313,18561,51634,19193,22810,117016,97468,0,0,210653,0,0
34,2012,488466,60901,25789,21868,38529,67856,36743,47469,189311,147087,0,0,341379,0,0
77,2012,353223,66292,14339,8904,9517,52883,28786,20258,152244,99052,0,0,254171,0,0
75,2012,111203,17786,5664,3905,3247,19872,8725,7036,44968,30602,0,0,80601,0,0
76,2012,159278,31468,10478,3054,6068,31242,8731,6301,61935,51068,0,0,107831,0,-1
35,2012,1639080,130207,74563,71027,181418,176442,117698,141595,746129,457216,0,0,1181864,0,0
36,2012,194362,12060,9654,9016,19872,17096,14467,20850,91347,50602,0,0,143760,0,0
37,2012,747685,60107,33073,35897,88039,79758,56530,76579,317701,217117,0,0,530569,0,0
38,2012,697033,58040,31836,26114,73507,79589,46701,44165,337080,189497,0,0,507535,0,0
39,2012,411503,56638,21504,13691,18858,58781,33814,34815,173401,110692,0,0,300811,0,0
40,2012,160879,26258,9701,5677,7047,23614,12733,7676,68174,48684,0,0,112196,0,0
41,2012,162097,17089,6823,5275,8265,22739,13884,19807,68214,37452,0,0,124645,0,0
42,2012,64873,9556,3547,2211,2982,9163,5889,5412,26114,18295,0,0,46578,0,0
80,2012,23654,3735,1434,527,565,3264,1309,1920,10900,6261,0,0,17393,0,0
43,2012,3912131,400355,179035,172552,492441,451184,232771,286422,1697371,1244229,0,-1,2666385,-1,-1
44,2012,125794,21364,4475,4920,7001,20865,5676,9064,52429,37761,0,0,88033,0,0
45,2012,148705,23481,7143,4530,6609,19681,8286,9723,69252,41764,0,0,106942,0,0
46,2012,55341,6484,2274,1495,2681,7930,4390,4727,25361,12780,0,-1,41044,-1,-1
47,2012,236416,32937,14192,11857,13114,34880,14902,19521,95012,72100,0,0,164315,0,0
48,2012,8033,1327,756,-1,-1,-1,-1,-1,3551,2986,0,0,5047,0,0
49,2012,129475,17841,6737,4337,3034,20202,8436,16297,52591,31948,0,0,97527,0,0
50,2012,1774657,99076,76984,96138,360922,141555,103221,140573,756188,633120,0,0,1141537,0,0
51,2012,21632,3170,1259,566,1501,3714,1455,1031,8936,6496,0,0,15136,0,0
52,2012,264122,45442,9242,7150,4440,50874,11427,14306,121241,66274,0,0,197848,0,0
53,2012,336439,51607,17879,14468,18041,40857,24771,25002,143813,101995,0,0,234444,0,0
73,2012,77439,10301,4514,1881,3705,13036,5856,4055,34092,20401,0,0,57039,0,0
55,2012,28903,5234,983,272,567,3978,1911,1470,14487,7056,0,0,21847,0,0
60,2012,67803,10024,4845,3102,2065,12173,5349,4734,25513,20035,0,0,47768,0,0
61,2012,12973,1718,677,523,1047,1502,1145,549,5812,3965,0,0,9008,0,0
63,2012,20077,2997,1127,514,1210,3197,1737,1812,7483,5848,0,0,14229,0,0
74,2012,170460,22698,7439,3857,11184,28609,11587,7609,77477,45178,0,0,125282,0,0
64,2012,64814,9675,2692,1814,2895,11903,3239,3514,29081,17077,0,0,47737,0,0
86,2012,369048,34980,15817,14770,51880,35431,18859,22260,175053,117446,0,0,251602,0,0
81,2012,84229,9479,4863,3796,5640,11439,7504,8755,32754,23777,0,0,60451,0,0
82,2012,19254,2378,1241,746,980,2950,1674,2265,7020,5344,0,0,13910,0,0
83,2012,58783,6487,2987,2514,3890,7797,5357,5929,23822,15878,0,0,42905,0,0
84,2012,2255,291,414,275,-1,213,140,204,555,1144,0,0,1112,0,0
85,2012,3936,323,222,-1,607,478,334,357,1356,1411,0,0,2525,0,0
65,2012,51039,5978,3215,2439,3028,5919,3600,4229,22631,14659,0,0,36379,0,0
66,2012,51039,5978,3215,2439,3028,5919,3600,4229,22631,14659,0,0,36379,0,0
69,2012,178567,18189,10345,7612,9324,19836,15345,18056,79860,45470,0,0,133097,0,0
0,2013,28163332,3149779,1453883,1318390,2249990,3454216,1985728,2348038,12203307,8170627,-1,-1,19989014,1131,-1
1,2013,4000252,380252,205826,170230,304656,425756,332238,418249,1763046,1060747,-1,0,2938666,0,-1
2,2013,1780868,187131,77659,69866,118804,208855,137743,196199,784610,453461,0,0,1327407,0,0
3,2013,1049114,76252,68793,57780,100009,83424,90253,107191,465411,302620,-1,0,746279,0,0
4,2013,216564,17900,10773,10814,16036,19715,20077,19138,102110,55523,0,0,161041,0,0
5,2013,443124,37488,23544,12017,38095,40550,37539,46379,207512,111144,0,0,331981,0,0
6,2013,510582,61480,25056,19752,31712,73212,46626,49341,203403,138000,0,0,371959,0,-1
7,2013,2984271,246551,107612,98180,197268,364009,232272,337914,1400465,648742,0,-1,2334139,0,-1
8,2013,1901791,159085,66574,58777,138908,223132,133281,193204,928831,423344,0,0,1478448,0,0
9,2013,1082479,87466,41038,39403,58360,140876,98992,144710,471634,225399,0,-1,855692,0,-1
10,2013,5291571,649345,287091,275960,478280,679835,354284,351943,2214833,1690344,-1,0,3600565,-1,0
11,2013,1386767,201569,71260,63834,68014,209770,111820,104337,556162,404678,0,0,982090,0,0
12,2013,434230,44626,27445,18341,41145,50373,27245,31328,193727,131558,0,0,302672,0,0
13,2013,489691,48899,24811,23004,51378,52015,30516,32702,226366,148092,0,0,341599,0,0
14,2013,697187,86083,47586,33536,87137,75674,31853,36184,299134,254011,-1,0,442514,-1,0
15,2013,735978,87895,36677,56311,109246,82853,38517,44796,279684,290128,0,0,445850,0,0
16,2013,479160,59319,25305,21260,31462,72785,48185,23166,197678,137346,0,0,341814,0,0
17,2013,315142,48409,20850,17961,17770,50724,19487,20068,119874,104989,0,0,210153,0,0
18,2013,405085,21280,16649,23666,44830,32541,32067,39900,194152,106425,0,0,298661,0,0
19,2013,142612,23235,6856,8691,11956,24132,5419,7327,54996,50738,0,0,91875,0,0
20,2013,183723,24638,8451,8463,13348,26065,8117,10908,83734,54899,0,0,128824,0,0
78,2013,21994,3391,1201,892,1997,2903,1059,1226,9325,7481,0,0,14514,0,0
21,2013,8151014,1144981,442906,315292,449183,1187053,562367,564783,3484448,2352363,0,0,5798651,0,0
22,2013,160175,30453,9654,3278,3963,28277,10080,11460,63010,47347,0,0,112828,0,0
72,2013,135215,23570,8288,6709,7756,25149,8972,8254,46518,46323,0,0,88892,0,0
24,2013,240756,38026,13422,4977,6233,43412,18074,21375,95236,62658,0,0,178097,0,0
25,2013,439193,73659,19640,15198,4527,82368,21234,24165,198401,113025,0,0,326169,0,0
26,2013,453167,91435,21946,10585,17466,83660,25300,33667,169107,141433,0,0,311735,0,0
15,2013,253728,43519,13867,11082,13840,46099,14794,14296,96231,82307,0,0,171421,0,0
27,2013,579382,79861,33523,18264,32649,88455,43636,28093,254902,164297,0,0,415085,0,0
28,2013,777159,108537,42833,32353,50949,102886,67009,73619,298973,234672,0,0,542487,0,0
29,2013,905369,120076,37795,32763,47648,145022,57832,54385,409848,238282,0,0,667087,0,0
30,2013,997746,134056,60307,60563,55817,131598,63580,68369,423456,310743,0,0,687003,0,0
31,2013,743590,90794,41340,31303,51363,88530,55428,42094,342739,214800,0,0,528791,0,0
32,2013,957688,90196,52583,36267,78293,105686,71609,75341,447713,257339,0,0,700349,0,0
33,2013,351697,50051,23739,13332,23890,54959,23213,20664,141850,111012,0,0,240686,0,0
34,2013,471623,60880,22002,19984,33341,60911,34927,38259,201319,136207,0,0,335415,0,0
77,2013,375520,55315,22750,9997,8871,48074,25813,29449,175250,96933,0,0,278587,0,0
75,2013,142352,25259,9733,3582,2943,23231,9420,12089,56095,41516,0,0,100836,0,0
76,2013,166654,29295,9483,5057,9635,28735,11445,9204,63801,53469,0,0,113185,0,0
35,2013,2033165,178656,107434,114618,233414,216037,147503,164343,871161,634122,0,0,1399043,0,0
36,2013,143425,13331,5966,5760,9483,16964,12818,16019,63085,34540,0,0,108886,0,0
37,2013,916193,77862,63584,70736,113678,90841,74154,81522,343816,325860,0,0,590333,0,0
38,2013,973547,87463,37884,38121,110254,108231,60531,66802,464260,273723,0,0,699824,0,0
39,2013,417424,65751,19177,13536,19943,70749,29505,27115,171648,118407,0,0,299017,0,0
40,2013,189617,30973,8793,6850,6903,35776,12058,10291,77971,53520,0,0,136096,0,0
41,2013,153386,22019,6547,3982,9624,22919,12215,11984,64096,42172,0,0,111214,0,0
42,2013,57645,9677,2785,2431,3220,9430,3729,3258,23116,18112,0,0,39532,0,0
80,2013,16776,3082,1052,273,196,2624,1504,1582,6464,4602,0,0,12174,0,0
43,2013,4953588,445905,264763,314395,550105,469654,302066,445108,2161593,1575168,0,0,3377620,-1,0
44,2013,138175,19952,10606,7748,8600,15870,9357,9579,56463,46906,0,0,91269,0,0
45,2013,168801,23119,9948,9146,5326,21416,12748,12896,74202,47539,0,0,121262,0,0
46,2013,53222,6254,3557,1936,1909,8131,4320,3504,23610,13656,0,0,38765,-1,0
47,2013,265376,35262,9122,-1,16782,35448,9249,-1,120570,80268,0,0,185108,0,0
48,2013,11647,1453,-1,-1,-1,2076,-1,-1,4924,3132,0,0,8515,0,0
49,2013,130840,19447,7248,4572,4324,20476,7876,9424,57473,35590,0,0,95249,0,0
50,2013,2843777,150572,148564,221899,427770,189722,183356,303849,1218045,948805,0,0,1894973,0,0
51,2013,18341,2608,874,619,944,2977,766,1042,8511,5045,0,0,13296,0,0
52,2013,256817,43929,13250,6159,6331,41443,12733,14852,118120,69669,0,0,187148,0,0
53,2013,310697,42894,14650,15590,16332,41928,13780,24687,140836,89466,0,0,221231,0,0
73,2013,75719,10622,5396,2113,4053,9181,5311,6237,32807,22183,0,0,53535,0,0
55,2013,34303,5083,1772,886,-1,5135,1870,1900,17258,8140,0,0,26163,0,0
60,2013,60624,8994,4149,3383,4540,8489,3863,5329,21875,21067,0,0,39556,0,0
61,2013,11702,1791,428,-1,688,1711,560,728,5220,3482,0,0,8220,0,0
63,2013,15490,2438,1040,-1,-1,1566,1393,1570,6131,4830,0,0,10660,0,0
74,2013,192692,29833,13917,4625,12023,26821,10134,10798,84542,60398,0,0,132294,0,0
64,2013,61910,10004,3308,1544,2604,8691,4129,2249,29382,17460,0,0,44450,0,0
86,2013,303456,31652,16534,13864,35479,28573,19562,16166,141625,97530,0,0,205926,0,0
81,2013,89860,12276,5336,3459,3988,12441,7373,8509,36479,25059,0,0,64802,0,0
82,2013,26628,4094,1920,856,1019,3412,2317,2409,10601,7889,0,0,18739,0,0
83,2013,56478,7421,2713,2308,2735,8212,4380,5410,23300,15176,0,0,41302,0,0
84,2013,2917,427,490,-1,-1,343,298,-1,1028,1223,0,0,1694,0,0
85,2013,3837,-1,213,-1,88,474,-1,665,1549,770,0,0,3067,0,0
65,2013,58432,5362,4132,4052,3764,6897,4061,5307,24856,17311,0,0,41121,0,0
66,2013,58432,5362,4132,4052,3764,6897,4061,5307,24856,17311,0,0,41121,0,0
69,2013,183755,20701,9606,8668,9390,21785,14060,24767,74779,48364,0,0,135390,0,0
0,2014,29112963,3275989,1465650,1383403,2294890,3794032,2108672,2504412,12285914,8415047,-1,-1,20687260,4087,-1
1,2014,4255290,500560,213827,184121,253545,545652,336809,439039,1781738,1147909,-1,-1,3100037,-1,-1
2,2014,1971601,233216,103427,78603,107487,269158,169172,224082,786457,522188,-1,0,1448324,-1,0
3,2014,1139452,125223,51957,63375,84430,127173,77921,107493,501879,321595,-1,-1,812239,-1,-1
4,2014,183043,18012,9767,7770,9374,18713,13341,17093,88974,44922,0,0,138121,0,0
5,2014,381346,49010,21862,14400,21465,42459,26447,31708,173996,106737,0,0,274610,0,0
6,2014,579847,75099,26814,19972,30790,88149,49928,58664,230432,152467,-1,0,426744,-1,0
7,2014,3149351,227733,104016,114207,204793,347544,277530,367819,1505709,650321,0,-1,2497961,0,-1
8,2014,1999445,142125,63991,64011,129526,228742,178049,245281,947719,399654,0,0,1599791,0,0
9,2014,1149905,85608,40025,50195,75267,118802,99481,122538,557990,250667,0,-1,898170,0,-1
10,2014,6064944,795189,347407,306620,532785,905502,403757,377223,2396460,1982002,0,0,4082641,-1,0
11,2014,1773651,247485,114703,85968,127778,280202,149868,137342,630305,575934,0,0,1197717,0,0
12,2014,547051,88532,26472,25989,39876,82428,32403,29999,221353,180869,0,0,366182,0,0
13,2014,479981,66243,19006,16923,35043,74479,22922,30593,214771,137216,0,0,342464,-1,0
14,2014,785527,79992,46509,48902,99480,97445,41227,42189,329783,274883,0,0,510643,0,0
15,2014,820947,91640,56661,56002,127822,114436,47611,40019,286756,332125,0,0,488822,0,0
16,2014,549794,81996,36088,20341,35312,89561,36847,34640,215010,173736,0,0,376058,0,0
17,2014,353157,58230,12847,18889,11771,70543,21805,18746,140324,101738,0,0,251419,0,0
18,2014,416551,32719,15266,16940,36574,41112,32678,30695,210568,101498,0,0,315053,0,0
19,2014,125007,18549,10055,7470,3755,22692,6649,5469,50368,39830,0,0,85177,0,0
20,2014,189575,26130,8291,8061,13019,29326,10365,6201,88182,55501,0,0,134074,0,0
78,2014,23705,3673,1508,1135,2356,3278,1383,1330,9042,8672,0,0,15033,0,0
21,2014,7849924,1067080,403704,310789,437300,1163664,551964,535301,3380121,2218873,0,0,5631050,0,0
22,2014,129692,26658,7415,3533,2893,20787,7734,8893,51780,40499,0,0,89193,0,0
72,2014,154536,23459,12056,5694,5777,26269,10066,9445,61771,46986,0,0,107550,0,0
24,2014,237811,37875,12188,6562,6290,39292,19674,13556,102374,62915,0,0,174896,0,0
25,2014,411180,60700,19629,13839,11381,68607,21620,19002,196402,105549,0,0,305631,0,0
26,2014,430886,79011,19943,9152,18071,79934,27029,26961,170785,126177,0,0,304709,0,0
15,2014,268697,46619,16317,7944,16695,43857,16134,12608,108521,87575,0,0,181122,0,0
27,2014,584350,84405,34223,21903,34743,83357,46078,43992,235649,175274,0,0,409076,0,0
28,2014,738729,91580,35912,33035,41361,101848,73402,48467,313125,201887,0,0,536842,0,0
29,2014,884494,125492,43143,36944,43202,142019,57481,74018,362195,248782,0,0,635713,0,0
30,2014,928729,137908,56236,44443,54325,118997,51124,67407,398290,292912,0,0,635817,0,0
31,2014,742490,83584,34424,31228,49085,104693,49961,43247,346268,198321,0,0,544169,0,0
32,2014,878355,80831,43245,37836,63576,105151,73847,68346,405522,225488,0,0,652867,0,0
33,2014,352194,45564,14135,20454,36619,54595,24202,22433,134192,116772,0,0,235422,0,0
34,2014,424525,49218,19439,18239,21818,58895,25089,35484,196343,108714,0,0,315811,0,0
77,2014,404118,53139,19474,13400,14817,65727,31751,25097,180713,100830,0,0,303288,0,0
75,2014,113514,17508,5719,1757,5863,22369,6881,6935,46482,30847,0,0,82667,0,0
76,2014,165624,23530,10205,4827,10785,27266,9892,9411,69708,49347,0,0,116277,0,0
35,2014,1903891,152425,91866,127752,211076,192551,135172,167092,825958,583118,0,0,1320772,0,0
36,2014,145595,11759,7885,10280,12294,16045,11565,16605,59163,42218,0,0,103378,0,0
37,2014,878610,81005,53428,77131,92183,88871,62296,68866,354830,303748,0,0,574863,0,0
38,2014,879685,59660,30552,40342,106599,87634,61311,81621,411966,237153,0,0,642532,0,0
39,2014,440719,60640,24919,18238,21557,65444,29372,31630,188920,125354,0,0,315365,0,0
40,2014,208516,29829,13874,8005,10019,33381,12804,11043,89561,61727,0,0,146789,0,0
41,2014,173826,22134,7325,7783,9691,22469,11846,15802,76776,46933,0,0,126893,0,0
42,2014,40771,5412,2676,1812,1226,6897,3121,3531,16096,11126,0,0,29645,0,0
80,2014,17605,3264,1044,638,621,2696,1601,1255,6486,5567,0,0,12038,0,0
43,2014,5092628,432970,257744,306183,616603,529943,346165,547292,2055728,1613251,-1,0,3477632,-1,0
44,2014,121291,14139,6797,8387,14103,13048,8361,5732,50725,43426,0,0,77865,0,0
45,2014,157514,22722,9988,5102,8746,20877,12406,10409,67264,46558,0,0,110956,0,0
46,2014,61576,7955,3089,2727,2368,9525,3356,5379,27179,15889,-1,0,43943,-1,0
47,2014,267039,35217,9548,14803,24930,40404,13621,16648,111868,84498,0,0,182541,0,0
48,2014,20056,2031,-1,901,-1,2097,-1,-1,8699,7025,0,0,13031,0,0
49,2014,146292,16007,10523,4925,5504,22911,10805,18068,57549,36959,0,0,109332,0,0
50,2014,2924841,157699,128577,-1,473155,233258,211313,398102,1109710,972457,0,0,1952383,0,0
51,2014,20212,3531,1006,390,791,3603,1586,873,8433,5717,0,0,14495,0,0
52,2014,255210,40307,14655,6187,4472,46235,11466,9168,122720,65621,0,0,189589,0,0
53,2014,378797,47399,26519,18480,20508,52256,17546,28042,168047,112907,0,0,265891,0,0
73,2014,80996,10801,5027,2948,6350,10739,5301,3902,35927,25127,0,0,55869,0,0
55,2014,32283,5314,1030,607,910,4862,1528,1838,16194,7861,0,0,24422,0,0
60,2014,58899,7918,4099,3608,4508,6830,5166,4995,21775,20133,0,0,38766,0,0
61,2014,12172,952,742,720,1308,1256,867,837,5491,3722,0,0,8451,0,0
63,2014,19236,2975,1371,975,-1,2153,1104,1507,7906,6566,0,0,12670,0,0
74,2014,190842,25483,15009,5515,7268,26021,15226,15196,81125,53275,0,0,137568,0,0
64,2014,67163,7680,4124,3274,5832,7091,5924,3737,29499,20911,0,0,46252,0,0
86,2014,278209,24838,15424,13612,30727,26776,18547,22666,125618,84601,0,0,193608,0,0
81,2014,88610,10374,5698,3260,4550,12079,7487,7822,37339,23883,0,0,64727,0,0
82,2014,20772,2203,1974,724,1064,2697,1640,1535,8934,5966,0,0,14806,0,0
83,2014,59717,7306,3017,2045,2884,8475,5170,5656,25162,15252,0,0,44465,0,0
84,2014,2917,427,490,-1,-1,343,298,-1,1028,1223,0,0,1694,0,0
85,2014,5204,438,217,331,455,563,-1,605,2214,1442,0,0,3762,0,0
65,2014,57624,7035,3577,4481,3196,6097,3386,4564,25289,18223,-1,0,39205,-1,0
66,2014,57624,7035,3577,4481,3196,6097,3386,4564,25289,18223,-1,0,39205,-1,0
69,2014,209982,21983,12892,7752,9485,25557,17030,26632,88651,52112,0,0,157870,0,0
0,2015,29704958,3447375,1461337,1238466,2297051,3841440,2054382,2283444,13081463,8441670,2228,-1,21252449,6240,-1
1,2015,3948276,476114,190772,141729,238951,487582,293475,372885,1746766,1045458,-1,-1,2894413,-1,-1
2,2015,1922107,234427,82994,63417,96908,250736,153614,198276,841735,476889,-1,-1,1440856,-1,-1
3,2015,893506,101969,45512,39036,71177,84488,47709,77738,425878,257118,-1,0,634228,-1,0
4,2015,224724,23420,13877,10630,12455,24253,18513,17223,104354,60381,0,0,164343,0,0
5,2015,355995,41961,19383,13861,28311,45711,25661,25913,155194,103516,0,0,252288,0,-1
6,2015,551943,74337,29006,14785,30101,82395,47978,53735,219605,147553,-1,0,402698,-1,0
7,2015,3301056,219663,111306,124293,188145,352707,271239,379462,1654241,643407,0,0,2657649,0,0
8,2015,1769578,124073,59669,73799,100209,181100,134457,174540,921732,357750,0,0,1411829,0,0
9,2015,1531478,95590,51638,50494,87936,171607,136782,204922,732509,285658,0,0,1245820,0,0
10,2015,6085912,826547,318634,305533,507506,896265,396722,379762,2454943,1958221,0,0,4127691,0,0
11,2015,1767857,244543,102966,87513,88247,280707,145149,135621,683111,523270,0,0,1244588,0,0
12,2015,554086,77650,26018,20254,45243,90163,25222,22980,246555,169165,0,0,384921,0,0
13,2015,510097,65322,22460,16653,44364,69718,35951,44606,211023,148799,0,0,361299,0,0
14,2015,812473,102704,33451,45985,94617,108836,43514,41733,341633,276757,0,0,535717,0,0
15,2015,817496,105092,48016,72284,111975,106401,42636,50047,281045,337368,0,0,480128,0,0
16,2015,508984,92507,21891,12773,36195,86733,24070,18634,216182,163366,0,0,345619,0,0
17,2015,355190,52501,26845,14982,31738,53971,25527,0,134709,126066,0,0,229125,0,0
18,2015,398867,31016,18129,18820,35000,35665,34769,33961,191506,102966,0,0,295901,0,0
19,2015,153218,26671,10814,7246,7338,26200,9503,7778,57668,52069,0,0,101149,0,0
20,2015,180820,25390,6703,8028,10136,34373,8752,7019,80419,50257,0,0,130563,0,0
78,2015,26823,3151,1341,995,2653,3497,1630,2465,11092,8140,0,0,18683,0,0
21,2015,8377584,1148278,456427,331947,499230,1203523,551945,553684,3632551,2435431,-1,0,5940552,-1,0
22,2015,137509,20605,7553,1581,4401,28287,13045,9313,52722,34141,0,0,103368,0,0
72,2015,130294,24672,5967,4186,7602,22358,8288,8957,48266,42426,0,0,87868,0,0
24,2015,222576,41592,12394,4784,4729,37969,11056,10298,99755,63499,0,0,159078,0,0
25,2015,457311,85751,19735,7781,7686,82047,20151,26118,208042,120953,0,0,336358,0,0
26,2015,434531,70766,26825,12115,16561,81691,26391,25958,174224,126267,0,0,308264,0,0
15,2015,318756,49113,9803,12282,19024,50327,21196,19207,137804,90221,0,0,228535,0,0
27,2015,599916,85054,32245,23939,29764,80020,45373,46739,256782,171002,0,0,428914,0,0
28,2015,1059011,117921,56563,0,0,132383,0,0,479473,310312,0,0,748449,-1,0
29,2015,890226,121282,49042,41556,54327,119458,65302,60164,379096,266207,0,0,624019,0,0
30,2015,1051783,139449,66428,50612,59257,147513,58234,69351,460940,315746,0,0,736037,0,0
31,2015,726394,83264,42760,31526,56853,95695,57555,47047,311694,214404,0,0,511991,0,0
32,2015,876139,82609,41700,37924,85030,94158,69076,71682,393960,247263,0,0,628876,0,0
33,2015,376552,67214,25666,13205,23477,51955,16704,26339,151992,129562,0,0,246990,0,0
34,2015,423698,48910,20342,14229,30322,64010,32007,24039,189840,113803,0,0,309895,0,0
77,2015,404220,61365,24091,12454,12572,61265,25199,22626,184648,110031,-1,0,292837,-1,0
75,2015,122086,24219,5823,2369,0,24740,7467,8497,47660,33722,0,0,88365,0,0
76,2015,146582,24490,9491,6215,5678,29646,7881,7526,55655,45874,0,0,100708,0,0
35,2015,1835811,138737,81996,110709,189843,208871,140734,202092,762828,521285,0,0,1314526,0,0
36,2015,121420,9906,5481,4610,9778,14272,9519,13721,54133,29775,0,0,91645,0,0
37,2015,612304,53043,31973,47093,64643,60404,42494,64480,248173,196753,0,0,415551,0,0
38,2015,1102088,75787,44541,59006,115423,134195,88721,123891,460523,294757,0,0,807330,0,0
39,2015,448635,67013,24451,14962,21008,73445,38837,39639,169281,127434,0,0,321201,0,0
40,2015,213642,34399,12410,6182,9929,37879,15052,18922,78869,62919,0,0,150722,0,0
41,2015,172271,23460,7929,6811,8483,24750,17716,16296,66825,46684,0,0,125587,0,0
42,2015,44307,6175,2816,1490,2110,7630,3826,2847,17413,12592,0,0,31716,0,0
80,2015,18415,2980,1295,478,486,3186,2244,1573,6173,5239,0,0,13176,0,0
43,2015,5343072,533331,254432,193561,630621,579137,329863,319502,2502626,1611944,0,0,3730294,-1,-1
44,2015,153704,19893,9443,7262,14769,16123,9553,10776,65885,51368,0,0,102337,0,0
45,2015,169414,19892,10668,11702,12700,20145,10858,14196,69254,54962,0,0,113927,0,-1
46,2015,52051,6904,1587,1366,3606,7990,2743,4899,22957,13463,0,0,38280,-1,0
47,2015,300716,37771,13462,14334,38927,30876,16119,13950,135276,104494,0,0,196222,0,0
48,2015,0,0,0,0,0,0,0,0,0,-1,0,0,12580,0,0
49,2015,133437,18105,8643,5230,4630,17589,12230,10005,57005,36608,0,0,96829,0,0
50,2015,3084232,229856,133028,101380,459142,293822,194650,173534,1498820,923406,0,0,2160826,0,0
51,2015,21206,3907,878,534,963,3510,1657,0,9515,6281,0,0,14925,0,0
52,2015,268713,51390,13477,8176,5567,39854,16008,13424,120817,78610,0,0,190103,0,0
53,2015,379174,56571,18134,17807,21306,47555,17011,24681,176110,113817,0,0,265357,0,0
73,2015,87314,10823,4833,2371,2439,13587,5938,4724,42598,20466,0,0,66848,0,0
55,2015,38687,6217,1602,700,1189,6082,2247,1870,18781,9708,0,0,28979,0,0
60,2015,57613,9825,3892,1793,7078,7577,3563,5424,18462,22588,0,0,35025,0,0
61,2015,10206,988,672,0,1227,1492,654,526,4285,3249,0,0,6957,0,0
63,2015,15042,1655,930,1039,945,2385,1180,1821,5087,4570,0,0,10472,0,0
74,2015,205416,27685,11340,5355,12562,32325,13142,12291,90716,56942,0,0,148474,0,0
64,2015,68169,8994,3578,2028,3998,10233,4370,4888,30080,18598,0,0,49571,0,0
86,2015,281432,20769,17897,11860,38325,26328,17546,21603,127105,88850,0,0,192582,0,0
81,2015,94184,9435,6629,3284,6633,10202,9769,9025,39207,25981,0,0,68203,0,0
82,2015,24464,2475,1923,710,1799,2380,3551,2277,9351,6906,0,0,17558,0,0
83,2015,59067,5681,3122,2067,4371,7225,5144,5629,25828,15241,0,0,43826,0,0
84,2015,4326,695,563,390,0,292,0,0,1227,2063,0,0,2263,0,0
85,2015,6327,585,0,0,0,305,0,616,2801,1772,0,0,4556,0,0
65,2015,67721,7781,4337,2919,5153,7641,4429,3645,31817,20189,0,0,47531,0,0
66,2015,67721,7781,4337,2919,5153,7641,4429,3645,31817,20189,0,0,47531,0,0
69,2015,202707,20475,12354,9528,9960,22068,17369,23749,87203,52318,0,0,150389,0,0
0,2016,30200226,3444111,1474872,1460811,2494672,3860155,2110351,2611384,12743870,8871652,-1,-1,21319461,-1,-1
1,2016,4584138,527563,173012,158881,250062,577479,310193,432789,2154158,1107124,-1,-1,3469919,-1,0
2,2016,2163416,245759,70692,60722,113090,275433,139503,212038,1046179,489314,-1,0,1671571,-1,0
3,2016,1081261,120230,46717,62135,67092,125070,63492,87932,508593,296174,0,0,785087,0,0
4,2016,214265,23823,10694,6992,10915,25858,13378,16755,105849,52424,0,0,161841,0,0
5,2016,458283,54315,18432,12384,23466,55857,35769,45951,212110,108595,0,0,349688,0,0
6,2016,666913,83437,26478,16648,35499,95261,58051,70112,281426,160617,-1,-1,501732,-1,0
7,2016,3461260,287664,131977,101170,233458,461587,289483,339758,1616163,754269,0,0,2706991,0,0
8,2016,1778848,162530,78167,48099,128711,241967,155884,142324,821166,417506,0,0,1361342,0,0
9,2016,1682412,125134,53811,53071,104747,219620,133598,197434,794997,336763,0,0,1345649,0,0
10,2016,6438600,896446,353255,334999,527796,960823,429559,389382,2546339,2112496,0,0,4325269,-1,0
11,2016,1947196,290427,121061,67170,84685,330452,154102,135770,763528,563344,0,0,1383018,-1,0
12,2016,514746,77407,21632,18978,35517,86432,29745,31136,213901,153533,0,0,361213,0,0
13,2016,459482,64044,25597,22066,35383,62823,24897,18128,206545,147089,0,0,312393,0,0
14,2016,975070,127995,58755,51355,96369,130027,65799,73046,371723,334474,0,0,640596,0,0
15,2016,953293,111443,51591,108996,158434,112144,62618,41893,306173,430465,0,0,522828,0,0
16,2016,451290,79659,18375,16465,31054,72026,28565,23025,182122,145553,0,0,305737,0,0
17,2016,277189,39952,15361,14808,16336,53042,17691,17183,102816,86457,0,0,190732,0,0
18,2016,432885,39005,15462,14041,39162,49595,23276,29972,222372,107670,0,0,325215,0,0
19,2016,162576,28287,10855,3832,13427,25033,10718,7940,62484,56401,0,0,106175,0,0
20,2016,241399,34307,13260,16260,15452,35551,10855,10034,105678,79280,0,0,162119,0,0
78,2016,23472,3921,1306,1026,1977,3697,1293,1255,8997,8230,0,0,15242,0,0
21,2016,8129784,1097703,458458,339347,563637,1122755,592535,580904,3374447,2459144,0,0,5670640,0,0
22,2016,135555,25644,4656,2471,-1,26194,10721,12847,51218,34575,0,0,100980,0,0
72,2016,151293,28325,10208,8712,4320,25096,12648,9849,52135,51565,0,0,99727,0,0
24,2016,248602,35535,17950,7101,7101,39943,18446,15039,107486,67688,0,0,180914,0,0
25,2016,439512,68436,25949,10944,14130,64370,28467,26393,200822,119460,0,0,320052,0,0
26,2016,454224,78627,21588,17116,22058,84377,32810,27882,169766,139389,0,0,314835,0,0
15,2016,316403,52645,13012,9293,19946,52324,17859,15667,135657,94896,0,0,221507,0,0
27,2016,566340,72654,30289,14656,28368,73403,44131,38196,264643,145967,0,0,420373,0,0
28,2016,789864,106308,46628,35994,51402,109871,69357,64016,306288,240332,0,0,549532,0,0
29,2016,836840,101809,50412,38678,61732,117125,69513,58939,338632,252631,0,0,584209,0,0
30,2016,1069635,144655,69061,60341,70299,133001,72565,81161,438553,344356,0,0,725280,0,0
31,2016,734183,91143,43379,36373,51206,94764,64947,49161,303211,222100,0,0,512083,0,0
32,2016,868571,72140,36453,27027,-1,99734,53709,58019,385723,271386,0,0,597184,0,0
33,2016,369607,62735,18207,22537,27056,44846,16090,26433,151704,130535,0,0,239073,0,0
34,2016,426882,48853,27375,17649,30624,50976,29928,32728,188750,124501,0,0,302381,0,0
77,2016,465901,64436,29680,20449,-1,59954,33778,48223,183467,140479,0,0,325422,0,0
75,2016,119528,20979,6465,-1,3708,24838,6966,7955,43422,36348,0,0,83181,0,0
76,2016,136844,22777,7146,4810,8203,21940,10602,8395,52970,42936,0,0,93908,0,0
35,2016,1519602,117383,73526,86255,138880,158549,122651,175132,647227,416043,0,0,1103558,0,0
36,2016,148602,16360,5049,7455,10061,20853,9413,13954,65458,38925,0,0,109678,0,0
37,2016,506337,47408,31996,35763,51093,40287,39833,47838,212117,166261,0,0,340076,0,0
38,2016,864662,53615,36481,43037,77725,97408,73404,113341,369652,210858,0,0,653805,0,0
39,2016,431216,66085,21932,14690,18272,66917,36122,44629,162569,120978,0,0,310237,0,0
40,2016,231329,38033,11563,8891,9063,39360,20057,20536,83826,67551,0,0,163778,0,0
41,2016,143981,18117,7571,4225,6527,18098,11718,18980,58745,36440,0,0,107541,0,0
42,2016,33641,6120,1646,1076,1755,5503,2928,2673,11939,10598,0,0,23043,0,0
80,2016,22265,3814,1152,497,927,3956,1419,2441,8059,6390,0,0,15875,0,0
43,2016,5258250,407631,244554,408505,738388,464825,305105,612710,2076532,1798658,-1,0,3458409,527,-1
44,2016,133689,15887,10211,5107,9295,19173,11295,10252,52470,40500,0,0,93189,0,0
45,2016,190975,21201,14742,10685,9459,27069,12630,14635,80554,55823,-1,0,134888,0,0
46,2016,63969,8243,4656,2917,2990,9240,4748,4014,27161,18651,-1,0,44636,527,0
47,2016,338551,33521,18847,25394,43308,30090,22274,21583,143534,121070,0,0,217481,0,0
48,2016,22945,-1,2753,-1,1280,1722,1927,1617,10529,7150,0,0,15795,0,0
49,2016,159362,19580,9360,6157,9639,17883,10988,14912,70844,44736,0,0,114389,0,-1
50,2016,2889665,118881,110319,-1,-1,165653,148936,-1,1038989,1094647,0,0,1795018,0,0
51,2016,20057,2694,2067,-1,801,1892,1973,2006,7802,6383,0,0,13673,0,0
52,2016,241256,43185,6215,6107,5028,41373,13003,9385,116960,60535,0,0,180721,0,0
53,2016,392380,50760,20621,19118,19968,51188,25462,35539,169723,110467,0,0,281913,0,0
73,2016,93952,11228,4212,5511,4146,15355,5125,6185,42190,25097,0,0,68855,0,0
55,2016,35640,4578,1389,1411,759,4959,1565,2998,17981,8137,0,0,27503,0,0
60,2016,67879,9081,4649,5867,4931,7851,4467,6315,24719,24527,0,0,43352,0,0
61,2016,13755,1400,563,356,-1,1518,1099,678,6156,4305,0,0,9450,0,0
63,2016,18885,2255,1735,1795,484,2130,1404,1699,7383,6268,0,0,12617,0,0
74,2016,227592,25864,13994,10279,9663,33908,15979,11967,105937,59801,0,0,167791,0,0
64,2016,74440,10310,4764,1842,2335,10101,5968,4538,34581,19251,0,0,55188,0,0
86,2016,273258,26535,13458,15409,35907,23720,16263,22946,119020,91309,0,0,181949,0,0
81,2016,99018,11865,4553,4515,6015,11960,8417,11105,40587,26949,0,0,72069,0,0
82,2016,38770,5354,-1,1405,2829,4365,3525,3788,15683,11410,0,0,27360,0,0
83,2016,45954,5036,1987,2109,2399,5701,4064,5532,19125,11532,0,0,34422,0,0
84,2016,5635,711,426,618,-1,750,445,352,1952,2136,0,0,3499,0,0
85,2016,8658,765,318,382,405,1144,-1,1433,3826,1871,0,0,6787,0,0
65,2016,72555,9188,4951,4369,3703,8804,4778,6401,30361,22211,0,0,50344,0,0
66,2016,72555,9188,4951,4369,3703,8804,4778,6401,30361,22211,0,0,50344,0,0
69,2016,205804,22584,8653,8081,14461,26456,11509,18574,95486,53779,0,0,152025,0,0
0,2017,32738385,3996826,1756390,1480255,2426212,4265544,2290655,2557987,13964515,9657416,-1,-1,23072652,-1,-1
1,2017,4301221,556965,237633,161399,219976,598048,315619,415156,1796424,1175973,0,0,3125248,0,0
7,2017,3265403,295555,119249,103360,218543,396160,224536,300880,1607120,736707,0,0,2528696,0,0
10,2017,7766661,1104285,403208,492378,630646,1080591,461576,526191,3067785,2630517,0,0,5136143,0,0
21,2017,8591204,1117745,541311,333737,580122,1126220,646293,586663,3659112,2572916,0,0,6018288,0,0
35,2017,2826424,202693,138777,140379,245094,303895,221725,302005,1271856,726943,0,0,2099481,0,0
39,2017,602840,87588,37474,18497,25013,93535,56606,54276,229851,168572,0,0,434269,0,0
43,2017,4958255,583477,253854,208372,481967,613375,332280,332817,2152114,1525403,-1,-1,3424535,-1,-1
81,2017,107083,13854,7555,4423,4655,15544,7895,7756,45401,30487,0,0,76596,0,0
65,2017,69901,8287,4566,4395,4531,8031,5499,5983,28610,21779,0,0,48123,0,0
69,2017,249393,26377,12763,13315,15665,30145,18627,26259,106243,68119,0,0,181274,0,0
0,2018,38963879,4100172,1971957,1758898,3043216,5064541,2790446,3094745,17139905,10873171,-1,0,28081316,-1,-1
1,2018,4232680,441234,217421,187034,316082,510421,317105,408907,1834476,1161233,-1,0,3064394,-1,-1
7,2018,9975247,769261,350189,286862,662166,1290523,731396,657458,5227393,2068477,0,0,7906769,0,0
10,2018,6805724,891497,413880,315512,595957,927889,454485,449767,2756737,2216846,0,0,4588878,0,0
21,2018,9082745,1174849,496720,415724,655692,1284592,603197,703153,3748819,2742984,0,0,6339761,0,0
35,2018,2826424,202693,138777,140379,245094,303895,221725,302005,1271856,726943,0,0,2099481,0,0
39,2018,524316,68819,33590,19203,29684,73822,50875,45065,203257,151297,0,0,372844,0,175
43,2018,5116030,508241,296408,373285,511664,626329,379808,494913,1925381,1689065,-1,0,3424801,-1,0
81,2018,133246,15991,7749,7575,8878,18093,10286,10159,54515,40192,0,0,93053,0,0
65,2018,81466,8045,6920,5084,5596,7689,7784,7718,32630,25644,0,0,55822,0,0
69,2018,186002,19542,10303,8239,12404,21289,13784,15601,84839,50488,0,0,135513,0,0
1,2019,4838969,506809,209642,222876,367882,618995,383588,546009,1983167,1303026,-1,0,3525227,-1,0
2,2019,2357427,275136,93762,87902,158028,316490,172306,266771,987032,614828,0,0,1741904,-1,0
3,2019,1110054,97421,50076,53198,114647,123809,82849,106691,481363,315342,0,0,794713,0,0
4,2019,194578,24645,6291,8023,16663,23173,13301,25272,77211,55621,0,0,138956,0,0
5,2019,161672,16858,7733,7224,9568,19443,13654,17276,69917,41382,0,0,120290,0,0
6,2019,679188,62937,41489,48827,39376,92846,75566,98081,220068,192629,0,0,486560,0,0
87,2019,336050,29813,10291,17704,29601,43234,25913,31919,147576,83224,-1,0,242805,-1,0
7,2019,8531082,697471,383308,346763,733664,959438,577516,763355,4069568,2156351,0,-1,6357473,0,-1
8,2019,3684850,338421,161477,140859,338984,460654,235585,340085,1668785,974887,0,-1,2692705,0,-1
88,2019,1631277,95496,54032,45741,99781,174413,119291,146331,896192,295050,0,0,1336226,0,0
9,2019,1665529,131494,78813,92271,176734,142786,104156,147722,791553,479312,0,0,1186217,0,0
89,2019,566703,42952,22856,16310,20496,68499,49583,64455,281550,102614,0,0,464088,0,0
90,2019,982724,89109,66130,51581,97668,113086,68900,64762,431488,304488,0,0,678236,0,0
10,2019,6883316,871764,412526,411545,772456,902415,438346,556908,2517356,2467289,-1,0,4411701,-1,0
11,2019,604411,88650,35010,23074,41329,97500,40412,43910,234526,188063,0,0,416349,0,0
12,2019,841006,99146,55631,43029,84892,117526,60582,65731,314469,282697,0,0,558309,0,0
13,2019,564572,85660,26101,24001,40503,80193,33797,43049,231266,176266,0,0,388306,0,0
14,2019,1342100,193662,69568,86978,183495,163612,57565,91255,495966,533702,0,0,808398,0,0
15,2019,820701,82106,46717,66797,181007,89530,38424,63490,252630,376628,0,0,444073,0,0
16,2019,237881,34507,7384,8723,15556,46510,6324,24054,94824,66170,0,0,171712,0,0
17,2019,222911,31571,-1,-1,12010,22637,9880,19984,82591,87819,0,0,135092,0,0
18,2019,595054,59929,27637,39771,52020,74228,38573,45430,257467,179357,0,0,415698,0,0
19,2019,-1,-1,-1,-1,-1,-1,-1,-1,-1,-1,0,0,-1,0,0
20,2019,174801,20213,9520,10915,17662,18752,11322,23253,63165,58310,0,0,116492,0,0
91,2019,1017533,121561,80834,56862,73850,136192,99957,94033,354244,332492,-1,0,681345,-1,0
111,2019,190617,27633,12932,11611,11790,29803,19370,19283,58195,63580,-1,0,126407,-1,0
21,2019,7526644,894875,426674,479607,555626,993715,574735,780802,2820610,2355006,0,-1,5166771,-1,-1
22,2019,111144,8284,9991,-1,-1,8193,-1,14367,40104,32354,0,0,78789,0,0
72,2019,189644,23298,8070,11276,-1,26964,11055,19647,69113,62865,0,0,126780,0,0
93,2019,116661,16589,6111,3393,4976,16462,12086,17548,39498,31068,0,0,85593,0,0
25,2019,515513,71566,30231,23823,-1,72872,42971,52056,210719,136895,0,0,377046,0,-1
26,2019,313569,53325,15280,7541,14813,64121,15733,21870,120886,90959,0,0,222610,0,0
15,2019,183952,20371,9070,12362,11821,30653,14811,23620,61243,53624,0,0,130328,0,0
94,2019,351586,43890,17506,23644,21892,53933,28671,40402,121649,106932,0,0,244655,0,0
28,2019,746463,78412,46626,51864,66607,103505,47395,64749,287304,243510,0,0,502214,-1,0
29,2019,931849,113907,38623,54727,99298,124649,56321,57677,386646,306556,0,0,625293,0,0
30,2019,1078685,119412,69024,88672,84420,113892,73996,129808,399461,361528,0,0,717157,0,0
31,2019,1024220,119860,53831,60978,65547,126010,83842,107598,406553,300216,0,0,724004,0,0
32,2019,589024,44913,37629,53438,59213,67188,63432,79504,183707,194153,0,-1,393051,0,-1
33,2019,281224,49169,20374,14242,13392,44369,21885,19062,98731,97177,0,0,184047,0,0
34,2019,301541,31548,19276,17437,24511,31732,26271,44536,106232,92036,0,-1,208770,0,0
95,2019,98980,11336,4999,6553,-1,10475,5800,10596,-1,31360,0,0,67620,0,0
71,2019,65125,11681,-1,-1,-1,8958,-1,-1,21992,20432,0,0,44693,0,0
96,2019,239651,21269,17677,16723,13835,25474,23191,32578,88905,69504,0,0,170148,0,0
97,2019,120443,17258,-1,13392,-1,19624,-1,19779,33578,41797,0,0,78646,0,0
76,2019,172992,25823,11014,6171,14986,30425,11659,9992,62922,57994,0,0,114998,0,0
98,2019,94377,12965,4626,3728,2728,14216,6685,8811,40618,24047,0,0,70330,0,0
35,2019,17001672,1078494,892222,980584,1880896,1310023,1218548,1672680,7968225,4824953,-1,365,12159295,4191,5991
99,2019,327191,34669,9816,15577,31063,42116,20509,29141,144300,91125,0,0,235786,0,-1
100,2019,644107,45649,32943,49804,96604,54196,42011,78358,244542,225000,0,0,419107,0,0
101,2019,3694723,176352,205560,317870,710955,169817,205117,319628,1589423,1404961,-1,0,2283985,0,0
102,2019,857412,41609,35169,74969,120826,72006,71025,141698,300110,271470,1103,0,580648,4191,0
103,2019,706993,56283,57393,61498,87753,93517,72283,75757,202510,262563,0,365,438355,0,5711
104,2019,1183341,86400,74747,99100,152261,90278,94610,119445,466500,412507,0,0,770834,0,0
105,2019,839151,58550,48819,42654,74329,69478,83449,112777,349094,224352,0,0,614798,0,0
106,2019,3464101,229855,164121,113226,261059,257495,221423,253179,1963743,768261,0,0,2695839,0,0
38,2019,4767845,321080,243661,180831,300360,415524,365011,483931,2457447,1045931,0,0,3721914,0,0
107,2019,61231,3469,3599,4090,9483,5979,7678,7801,19132,20641,0,0,40590,0,0
108,2019,455578,24578,16395,20965,36203,39617,35432,50966,231424,98140,0,0,357438,0,0
39,2019,404015,49834,20080,22724,29822,54268,31464,42085,153735,122462,0,0,281553,0,0
40,2019,179652,17541,8782,9880,12679,22384,15573,18337,74476,48881,0,0,130771,0,0
41,2019,137121,19434,7170,6714,13203,19530,11660,10029,49382,46520,0,0,90600,0,0
42,2019,76119,10941,3510,5830,3237,10804,3473,12038,26286,23518,0,0,52601,0,0
80,2019,11123,1920,619,300,703,1550,757,1681,3592,3542,0,0,7581,0,0
43,2019,4819573,403832,240693,341144,664252,452481,340321,620333,1756516,1648761,-1,0,3167746,-1,-1
44,2019,113947,12914,7900,4228,8969,16586,6903,12100,44347,34011,0,0,79936,0,0
45,2019,218039,24137,7868,10748,17639,31536,14824,30121,81165,60393,0,0,157646,0,0
46,2019,71433,7692,4868,6043,-1,7947,5806,9838,26182,21661,0,0,49772,0,0
47,2019,323200,27884,-1,23361,26246,38485,-1,45755,117800,100761,0,0,222439,0,0
48,2019,7805,0,-1,-1,0,-1,-1,-1,5061,-1,0,0,6417,0,0
49,2019,202686,22677,8718,10586,19424,18945,17371,27356,77608,61405,0,0,140889,-1,0
50,2019,-1,101004,102506,-1,-1,143324,151641,288571,-1,-1,0,0,1298264,0,0
51,2019,15782,3044,690,538,-1,1474,-1,1558,6977,4637,0,0,11145,0,0
52,2019,208430,30187,6819,7505,11374,31133,15586,21054,84772,55885,0,0,152545,0,0
53,2019,460207,69197,20394,28424,20722,49216,33501,60827,177925,138738,0,0,321470,0,0
73,2019,112380,9414,5257,7187,12400,11261,11089,16660,39112,34258,0,0,77781,0,-1
55,2019,43314,6677,-1,630,1450,5508,1812,3700,19918,12378,0,0,30936,0,0
86,2019,491133,44641,20777,34599,72250,44549,29714,54301,190303,172266,0,0,318867,0,0
64,2019,97461,11379,6794,2940,3794,12794,7187,9154,43419,24907,0,0,72554,0,0
60,2019,69716,9876,5598,6811,6735,6487,6267,10003,17938,29021,0,0,40528,-1,0
61,2019,11708,1386,-1,363,873,1582,655,1230,5283,2749,-1,0,8699,-1,0
63,2019,27395,2941,1452,3354,2367,2890,1606,3922,8863,10115,0,0,17280,0,0
109,2019,217502,18781,13143,17327,6720,28471,14303,23640,95117,55019,-1,0,160579,-1,0
81,2019,134206,16990,4871,6056,15840,15959,6961,11938,55591,43389,0,-1,89804,0,-1
82,2019,6226,734,-1,493,685,525,-1,604,2617,2235,0,0,3991,0,0
83,2019,110049,14008,3695,4746,13414,13556,5128,9881,45621,35494,0,-1,73541,0,-1
84,2019,5877,921,283,-1,544,-1,-1,458,2452,2086,0,0,3791,0,0
85,2019,12054,1327,570,479,1197,1455,1130,995,4900,3573,0,0,8481,0,0
65,2019,103567,13345,5547,8027,11131,10094,4663,10849,39910,37415,0,-1,65411,0,-1
65,2019,103567,13345,5547,8027,11131,10094,4663,10849,39910,37415,0,-1,65411,0,-1
69,2019,258629,29488,14571,10744,20629,31243,15961,26836,109157,75432,0,0,183198,0,0
69,2019,258629,29488,14571,10744,20629,31243,15961,26836,109157,75432,0,0,183198,0,0
0,2020,52463535,4585247,2708225,3216634,5465163,5739122,4124763,6104061,20520320,15957835,0,0,36454135,0,0
1,2020,4838969,506809,209642,222876,367882,618995,383588,546009,1983167,1303026,0,-1,3525227,0,-1
2,2020,2357427,275136,93762,87902,158028,316490,172306,266771,987032,614828,-1,-1,1741904,0,-1
3,2020,1110054,97421,50076,53198,114647,123809,82849,106691,481363,315342,-1,-1,794713,-1,-1
4,2020,194578,24645,6291,8023,16663,23173,13301,25272,77211,55621,-1,-1,138956,-1,-1
5,2020,161672,16858,7733,7224,9568,19443,13654,17276,69917,41382,-1,-1,120290,-1,-1
6,2020,679188,62937,41489,48827,39376,92846,75566,98081,220068,192629,-1,-1,486560,-1,-1
110,2020,336050,29813,10291,17704,29601,43234,25913,31919,147576,83224,0,-1,242805,0,-1
7,2020,8843082,660356,402137,355455,647726,976871,706656,867391,4226491,2065674,-1,-1,6777408,-1,-1
8,2020,3924025,307648,153398,118473,291419,470215,310534,296918,1975419,870938,-1,-1,3053087,-1,-1
88,2020,1376619,106706,65271,64404,118659,151866,92017,138234,639462,355040,-1,-1,1021580,-1,-1
9,2020,1871544,128383,107578,98010,140497,197651,174900,234563,789962,474469,-1,-1,1397075,-1,-1
89,2020,587919,38427,21399,22895,37706,62476,44539,59444,301032,120428,-1,-1,467492,-1,-1
90,2020,1082975,79192,54491,51673,59445,94663,84666,138232,520616,244799,0,0,838174,0,0
10,2020,7045305,929799,324356,413292,696428,937508,429525,612061,2702336,2363875,-1,-1,4681028,-1,0
11,2020,645359,92990,28466,40727,29559,93012,50454,48351,261799,191742,-1,-1,453617,-1,-1
12,2020,905804,124986,44431,37030,84037,128040,62451,78428,346402,290483,-1,-1,615320,-1,-1
13,2020,583226,72603,17630,33268,45117,92352,23378,51328,247550,168618,-1,-1,414609,-1,-1
14,2020,1390763,191320,58122,103382,132173,183598,89492,125961,506717,484996,-1,-1,905767,-1,-1
15,2020,823550,75574,36655,67264,188770,96544,24810,72119,261816,368262,-1,-1,454886,-1,0
16,2020,250630,42466,10883,4252,17108,35537,13571,24602,102210,74709,-1,-1,175921,-1,-1
17,2020,288719,51505,13605,34621,0,39359,0,23769,105242,104582,-1,-1,184137,-1,-1
18,2020,550710,55904,27511,27768,60343,53009,44256,51620,230298,171526,-1,-1,379184,-1,-1
19,2020,130732,17346,0,11183,16182,20413,7260,10168,35787,57104,-1,-1,73628,-1,-1
20,2020,211362,24307,12495,11212,20383,20844,13490,20725,87907,68396,-1,-1,142967,-1,-1
91,2020,1060173,155344,49901,31639,86733,146049,64648,83189,442670,323617,-1,-1,736556,-1,-1
111,2020,204277,25455,12265,10945,11174,28752,19949,21800,73936,59840,-1,-1,144437,-1,-1
21,2020,8425727,961977,538402,498047,728689,1055690,641769,856678,3144475,2726055,-1,0,5698299,0,-1
22,2020,69192,21307,-1,0,-1,9296,0,0,27330,24574,-1,-1,44618,-1,-1
112,2020,171251,23889,13660,11330,0,31425,10707,13035,60987,55096,-1,-1,116155,-1,-1
93,2020,146369,23893,5373,5581,4777,23796,14307,15547,53095,39625,-1,-1,106745,-1,-1
25,2020,570387,66066,41664,15940,44803,87333,34828,48037,231716,168473,-1,-1,401915,-1,-1
26,2020,264931,40791,17276,9733,3186,51396,17874,20110,104566,70986,-1,-1,193945,-1,-1
15,2020,158116,19496,9111,11211,7119,24428,14514,27413,44825,46936,-1,-1,111180,-1,-1
27,2020,431649,46280,41321,29391,23898,50766,41521,48939,149534,140889,-1,-1,290760,-1,-1
28,2020,1176724,129585,67864,81487,138079,142307,86410,106623,424369,417015,-1,-1,759709,-1,-1
29,2020,1112238,104281,62959,72987,122267,124856,80134,125070,419685,361435,-1,0,749431,0,-1
30,2020,1151462,152297,69774,71918,116011,126179,59366,105559,450358,410000,-1,-1,741462,-1,-1
31,2020,404246,63725,18573,8288,13170,56169,32004,38144,174173,103756,-1,-1,300490,-1,-1
32,2020,657479,55701,44279,52085,65217,85325,78035,86912,189924,217282,-1,-1,440197,-1,-1
33,2020,260410,30923,21385,13073,15081,35927,17089,32696,94235,80463,-1,-1,179947,-1,-1
34,2020,331790,37324,15819,14914,29581,37497,25962,26884,143809,97638,-1,-1,234152,-1,-1
95,2020,192905,0,0,0,0,20579,0,20740,65856,0,-1,-1,128806,-1,-1
71,2020,73625,10252,6273,0,4103,11397,0,0,26448,23815,-1,-1,49810,-1,-1
77,2020,245950,24859,24072,9937,8028,26961,28310,35891,87892,66896,-1,-1,179054,-1,-1
97,2020,83494,0,5369,4217,0,8902,0,0,43188,25958,-1,-1,57537,-1,-1
76,2020,146124,16984,11696,13354,9221,18475,7998,12261,56136,51255,-1,-1,94869,-1,-1
98,2020,95030,15240,4554,5130,2579,14974,5493,8764,38296,27503,-1,-1,67527,-1,-1
113,2020,682353,55916,42010,46638,87798,67701,57021,67217,258053,232362,-1,-1,449991,-1,-1
35,2020,16464505,1003297,855433,1115031,2034654,1605110,1491851,2324510,6034619,4996646,0,0,11429850,0,0
99,2020,344966,35094,14153,14365,27987,45929,22944,29539,154954,91600,-1,-1,253366,-1,-1
100,2020,712699,49030,33011,51482,99806,53023,41721,56254,328372,233330,-1,-1,479369,-1,-1
101,2020,3981852,208691,221922,291674,555341,386450,387499,635210,1295065,1275011,-1,0,2700952,-1,0
102,2020,1084399,63984,63936,105065,141748,97540,100061,130685,381380,374733,-1,-1,709666,-1,-1
103,2020,609943,37058,28371,28490,62766,65842,58650,75211,253555,156435,-1,0,452253,-1,0
104,2020,1279518,82782,80249,125810,168280,104658,103698,182743,431298,457121,-1,-1,822397,-1,-1
105,2020,734718,31164,25429,52762,101385,58790,51709,131190,282289,206277,-1,0,514160,-1,0
106,2020,4185770,242341,201321,213773,411181,412286,408651,677187,1619029,1068617,-1,-1,3117153,-1,-1
38,2020,936629,82915,44600,39577,91696,120653,86577,99953,370659,255126,0,-1,666855,0,-1
107,2020,2066417,125398,110437,161446,325746,188207,174874,243591,736716,723028,-1,-1,1343389,-1,-1
108,2020,527594,44838,32003,30586,48717,71731,55467,62947,181303,155368,-1,0,370290,-1,0
39,2020,446323,54624,23811,29527,32298,60496,36007,60583,148979,140259,-1,-1,306064,-1,-1
41,2020,157629,17719,8322,7936,8790,22808,11096,19040,61918,42767,-1,-1,114861,-1,-1
40,2020,145031,19229,7630,12021,15135,17024,12917,21687,39388,54015,-1,-1,91016,-1,-1
42,2020,132817,15992,7323,8514,7904,19040,11202,18164,44677,39733,-1,-1,93083,-1,-1
80,2020,10847,1683,535,1056,468,1623,792,1693,2996,3743,-1,-1,7104,-1,-1
43,2020,5518806,384706,294993,522011,888594,376501,365263,741807,1944930,2090002,0,-1,3427978,0,-1
44,2020,139061,23308,5603,7450,8832,15883,8794,14409,54781,45194,-1,-1,93867,-1,-1
45,2020,197170,17395,12543,11657,13905,17984,16734,25762,81190,55500,-1,-1,141670,-1,-1
46,2020,72393,6581,5704,5363,4597,6896,4696,9891,28666,22244,-1,-1,50150,-1,-1
48,2020,9108,0,-1,0,0,0,-1,1248,4357,1762,-1,-1,7346,-1,-1
49,2020,211575,22235,13211,11582,15659,20061,15678,37335,75813,62687,-1,-1,148887,-1,-1
50,2020,3110966,141521,158277,390080,683051,134492,187262,453129,963154,1372930,-1,-1,1738037,-1,-1
51,2020,9715,-1,0,0,0,0,0,0,4733,0,-1,-1,8358,-1,-1
52,2020,200499,24621,10328,6466,0,25937,14004,19786,92587,48185,-1,-1,152314,-1,-1
53,2020,495852,53935,32189,23495,28744,55962,45108,60442,195976,138364,-1,-1,357488,-1,-1
73,2020,92905,8417,5391,5483,11797,9066,4171,9502,39078,31087,-1,-1,61818,-1,-1
55,2020,36709,5145,1023,818,0,3765,0,2478,18423,7976,-1,-1,28733,-1,-1
86,2020,443376,23146,16269,27697,80852,25613,23323,50844,195632,147963,-1,-1,295413,-1,-1
64,2020,113975,15457,5318,2823,9582,14612,7158,8954,50071,32877,0,-1,80593,0,-1
60,2020,72492,6157,4759,9942,6391,7531,7353,12322,18037,27249,-1,-1,45243,-1,-1
61,2020,12183,1837,303,0,0,1299,564,1708,4973,3639,-1,-1,8544,-1,-1
63,2020,27379,1952,2301,3550,2238,1906,2418,4883,8132,10040,-1,-1,17339,-1,-1
109,2020,273449,32103,21174,14067,13604,31801,23015,28358,109327,80948,-1,-1,192180,0,-1
47,2020,308903,29632,21600,20191,28374,39239,18741,28089,123036,99798,-1,-1,209106,-1,-1
81,2020,135494,13829,11930,10111,8739,17328,14496,20746,38315,44609,-1,-1,90885,-1,-1
82,2020,7932,1165,244,573,451,1141,0,898,2748,2433,-1,-1,5499,-1,-1
83,2020,109121,10606,10020,8026,7041,14476,11947,17725,29280,35693,-1,-1,73429,-1,-1
84,2020,9744,982,1235,1147,612,0,0,1167,3131,3975,-1,-1,5770,-1,-1
85,2020,8697,1076,432,366,635,1121,957,955,3156,2509,-1,-1,6188,-1,-1
65,2020,110499,9662,7669,8926,7048,12400,6474,15154,43166,33185,-1,0,77074,-1,0
69,2020,325922,30557,18253,21167,24731,38983,30393,31033,130806,94707,-1,-1,231215,-1,-1
0,2011,22613105,2890802,1102259,991734,1730607,3149800,1507504,1759116,9481283,6705819,-1,-1,15855968,1906,-1
0,2019,50501672,4562902,2610134,2830070,5052199,5348630,3592104,5031796,21473836,15034083,-1,-1,35408180,16350,-1
50,2005,556492,43258,31810,34122,59882,58075,52307,63155,213884,169072,0,0,387421,0,0
51,2005,8455,1105,365,540,244,1397,968,516,3320,2255,0,0,6201,0,0
52,2005,102293,17751,4085,2288,1110,19439,6320,7326,43974,25234,0,0,77058,0,0
53,2005,226250,29312,9877,7688,16383,27123,15352,15286,105228,63259,0,0,162991,0,0
73,2005,41030,6560,1960,762,2536,4017,2757,2638,19801,11818,0,0,29212,0,0
55,2005,19256,2661,928,440,505,2797,1348,1231,9346,4534,0,0,14722,0,0
56,2005,43548,6156,1776,1924,3637,5595,1958,3343,19159,13492,0,0,30056,0,0
57,2005,24242,2669,1043,1055,2733,2618,1393,1924,10806,7501,0,0,16741,0,0
58,2005,134253,11894,7512,6515,20260,12411,7476,8249,59935,46181,0,0,88071,0,0
59,2005,67589,5876,3879,4557,9841,6369,4688,5700,26679,24154,0,0,43436,0,0
60,2005,45448,6893,2582,2865,1325,6792,3022,6149,15819,13665,0,0,31783,0,0
61,2005,4222,499,-1,-1,214,533,349,143,2199,997,0,0,3225,0,0
63,2005,8556,1562,562,422,329,1246,447,871,3116,2875,0,0,5680,0,0
74,2005,128662,21217,7897,3059,6150,16607,8866,9107,55759,38323,0,0,90339,0,0
64,2005,48582,8376,2354,879,2854,7528,2558,1990,22044,14462,0,0,34120,0,0
65,2005,32782,4347,2047,2264,1060,4315,2133,2687,13929,9718,0,0,23064,0,0
66,2005,32782,4347,2047,2264,1060,4315,2133,2687,13929,9718,0,0,23064,0,0
67,2005,4079,689,242,150,138,806,268,200,1586,1219,0,0,2861,0,0
9,2005,2801,407,184,123,111,485,238,160,1093,825,0,0,1976,0,0
68,2005,1278,282,-1,-1,-1,321,-1,-1,493,394,0,0,885,0,0
69,2005,124094,14085,4868,5120,7261,14704,9337,14860,53858,31335,0,0,92759,0,0
0,2006,18423395,2169780,971810,840853,1464910,2433858,1260516,1525424,7756243,5446810,-1,-1,12974163,-1,-1
1,2006,2751911,297163,121299,117161,191847,348729,189689,263995,1222028,727116,-1,0,2023542,-1,-1
2,2006,947778,114402,37319,38060,55761,132304,80919,99973,389041,245541,0,0,702237,0,0
3,2006,952257,86448,46582,47370,73789,106882,54726,89042,447419,253834,-1,0,697170,-1,-1
4,2006,193084,24669,8054,7264,10124,22231,10006,15566,95169,50111,0,0,142973,0,0
5,2006,361112,37953,15434,14862,29904,39639,21617,33675,168027,98154,0,0,262959,0,0
6,2006,297680,33692,13910,9604,22269,47672,22421,25738,122373,79476,0,0,218204,0,0
7,2006,627897,37846,22944,21370,31537,67036,59042,97542,290579,113698,0,0,514199,0,0
8,2006,188499,9650,6464,6986,9447,18785,17296,28130,91742,32546,0,0,155953,0,0
9,2006,439397,28196,16481,14384,22090,48251,41746,69412,198837,81152,0,0,358246,0,0
10,2006,5140542,633292,292721,231555,478006,718231,309439,348756,2128542,1635574,0,0,3504968,0,0
11,2006,1243194,166952,70833,49426,71298,196080,74919,96297,517388,358510,0,0,884684,0,0
12,2006,542136,69936,28583,16161,46071,78291,30746,34451,237897,160751,0,0,381385,0,0
13,2006,594596,68492,30495,21845,56862,84383,31907,35648,264964,177693,0,0,416903,0,0
14,2006,810432,89977,47874,46825,103393,99637,51928,56498,314302,288068,0,0,522364,0,0
15,2006,749192,83016,49496,50534,119524,88227,44114,48929,265352,302569,0,0,446623,0,0
16,2006,291956,36716,15088,8378,17988,41986,23294,13218,135289,78169,0,0,213787,0,0
17,2006,299720,48859,15666,15137,14142,57269,14508,19297,114842,93803,0,0,205917,0,0
18,2006,351434,30202,20039,17362,35237,31020,24278,30109,163188,102840,0,0,248594,0,0
19,2006,110714,18780,6830,2445,6189,17570,6802,4614,47483,34245,0,0,76470,0,0
20,2006,147168,20362,7818,3443,7303,23768,6943,9694,67836,38926,0,0,108242,0,0
21,2006,5787278,772093,310979,257856,366825,818769,408657,435634,2416465,1707753,0,0,4078892,-1,-1
22,2006,73987,10336,4278,2134,3247,14178,4816,7833,27164,19996,0,0,53991,0,0
72,2006,106429,14954,6891,4731,4587,14286,8575,7521,44884,31163,0,0,75266,0,0
24,2006,128722,22688,5264,3398,5756,24071,6895,7746,52903,37108,0,0,91614,0,0
25,2006,269700,40238,13888,9877,7504,40700,15713,17254,124525,71507,0,0,198192,0,0
26,2006,323826,52098,13063,10815,24466,53918,20831,30501,118135,100441,0,0,223385,0,0
15,2006,156823,26834,6499,9130,11448,22878,7295,11765,60975,53911,0,0,102912,0,0
27,2006,496714,65110,25717,14763,28162,80089,36049,38602,208222,133752,0,0,362962,0,0
28,2006,417887,60251,21810,19867,21207,55907,29590,20754,188502,123135,0,0,294752,0,0
29,2006,762794,98061,41457,37307,52197,103462,60313,67072,302926,229022,0,0,533772,0,0
30,2006,943929,117990,58107,69253,65476,113566,57344,80126,382067,310826,0,0,632760,-1,0
31,2006,474805,61032,32810,13912,21706,62620,33065,28665,220995,129459,0,0,345345,0,0
32,2006,696992,77200,36045,23366,55267,92222,56821,40300,315772,191878,0,0,505114,0,0
33,2006,189863,27848,10163,6850,16689,30107,11554,12934,73718,61550,0,0,128313,0,0
0,2003,13834703,1746658,766329,578899,1010264,1895985,1074240,1162820,5599507,4099309,-1,0,9721375,-1,-1
1,2003,2034710,255488,92793,93602,158396,278406,146727,178117,831181,597581,-1,0,1423252,-1,-1
2,2003,682642,87509,36398,26941,46520,95052,56895,64725,268602,194670,-1,0,474305,-1,-1
3,2003,786190,100951,27572,43464,64220,102513,45105,66238,336128,236206,0,0,549984,0,-1
4,2003,144445,14451,7037,4330,13804,15788,9581,12258,67196,39622,0,0,104823,0,-1
5,2003,251078,32522,10287,9149,17620,41189,20742,21534,98034,69578,0,0,181500,0,-1
6,2003,170356,20056,11499,9718,16232,23864,14404,13362,61221,57505,0,0,112641,0,-1
7,2003,438083,33346,18523,15195,25496,62947,49150,54233,179194,92560,0,0,345523,0,-1
8,2003,115851,8589,3227,3192,5426,16430,13274,15875,49836,20435,0,0,95416,0,-1
9,2003,322232,24757,15295,12003,20070,46516,35876,38358,129357,72125,0,0,250107,0,-1
10,2003,3969106,554229,211167,156196,316942,578746,269179,259623,1623024,1238534,0,0,2730572,0,-1
11,2003,791826,116186,39780,23263,44646,116539,68913,53571,328926,223876,0,0,567950,0,-1
12,2003,421895,73169,11727,20204,19916,66532,29334,23798,177215,125016,0,0,296879,0,-1
13,2003,550433,62958,27864,17795,47866,81517,39564,31783,241087,156483,0,0,393950,0,-1
14,2003,799454,102386,44458,37181,85435,102474,43751,62613,321156,269460,0,0,529994,0,-1
15,2003,537105,65890,41391,28699,74340,69051,33503,29214,195017,210320,0,0,326785,0,-1
16,2003,163133,23229,8446,5421,9246,27657,10944,11903,66288,46341,0,0,116792,0,-1
17,2003,189759,33382,13437,7571,7277,28498,10973,11630,76991,61666,0,0,128093,0,-1
18,2003,271727,35043,10421,8894,15079,43965,16365,14279,127679,69438,0,0,202289,0,-1
19,2003,104976,17921,6346,4215,5030,17672,7368,10313,36112,33511,0,0,71465,0,-1
20,2003,138798,24064,7297,2954,8108,24839,8465,10519,52553,42423,0,0,96376,0,-1
21,2003,4081039,571339,238608,141083,222776,597648,312233,333281,1664071,1173806,0,0,2907233,0,-1
22,2003,74458,15100,6109,1962,-1,11008,5764,9307,22067,26312,0,0,48145,0,-1
23,2003,153038,28381,6901,5112,8699,21795,11620,11395,59135,49093,0,0,103945,0,-1
24,2003,83951,14245,5863,2786,1900,10774,10117,-1,34058,24795,0,0,59156,0,-1
25,2003,232125,30164,20612,4188,-1,24257,21566,14374,102809,69118,0,0,163007,0,-1
26,2003,153087,25268,9691,3337,7533,26847,11888,9660,58863,45830,0,0,107257,0,-1
15,2003,104112,14203,4975,5367,5850,18520,5602,7052,42544,30395,0,0,73717,0,-1
27,2003,445803,59056,23833,12599,21660,61737,36933,34208,195778,117148,0,0,328655,0,-1
28,2003,288098,41998,17220,6650,16266,51189,19896,13282,121597,82134,0,0,205964,0,-1
29,2003,502589,70269,27708,21773,25840,88669,36675,45741,185915,145590,0,0,356999,0,-1
30,2003,647955,95247,34906,28152,37795,81932,39074,63546,267301,196101,0,0,451854,0,-1
31,2003,472863,73480,20293,19204,14420,77244,29878,32888,205456,127397,0,0,345466,0,-1
32,2003,584729,69298,37420,17074,40484,77426,56656,53894,232478,164275,0,0,420454,0,-1
33,2003,121776,13609,7432,5178,8618,20389,12078,10749,43722,34838,0,0,86938,0,-1
34,2003,216453,21020,15644,7700,16415,25861,14486,22978,92349,60779,0,0,155674,0,-1
35,2003,606717,52576,30134,30991,46184,75748,54184,63408,253492,159886,0,0,446832,0,-1
36,2003,84949,8703,3382,3653,5156,13361,6005,9544,35146,20894,0,0,64054,0,-1
37,2003,274491,26753,15777,14155,20851,32262,26295,29844,108555,77535,0,0,196956,0,-1
38,2003,247277,17120,10976,-1,20177,30125,21884,24021,109792,61456,0,0,185821,0,-1
39,2003,218515,27009,14234,8125,15132,29106,22660,17155,85095,64500,0,0,154015,0,-1
40,2003,89579,11047,5910,3769,7077,12931,7975,5073,35797,27803,0,0,61776,0,-1
41,2003,94199,11575,6471,3379,6158,10522,11036,8884,36173,27584,0,0,66615,0,-1
42,2003,34737,4387,1852,977,1897,5652,3649,3198,13125,9114,0,0,25623,0,-1
43,2003,2317624,232139,151357,126054,216918,250459,207187,239933,893577,726326,-1,0,1591156,0,-1
44,2003,115767,11463,5755,2572,5633,16065,11770,6789,55721,25422,0,0,90345,0,-1
45,2003,133425,14383,12419,4499,5757,14968,13096,10875,57428,37059,0,0,96367,0,-1
46,2003,36042,4880,3358,1275,-1,3972,3855,2685,15236,10152,-1,0,25748,0,-1
47,2003,175321,21144,13524,6481,8761,21241,13417,14326,76426,49911,0,0,125410,0,-1
48,2003,9157,-1,-1,-1,-1,-1,1044,878,4061,2234,0,0,6922,0,-1
49,2003,119539,15640,8071,4735,5486,15392,12940,13273,44003,33932,0,0,85608,0,-1
50,2003,900132,59914,64272,73367,123026,72291,91796,119134,296332,320579,0,0,579553,0,-1
51,2003,8087,1663,323,-1,-1,1311,743,654,3036,2342,0,0,5745,0,-1
52,2003,87847,15508,2805,2123,3129,17116,4664,4414,38089,23564,0,0,64283,0,-1
53,2003,224314,27692,11344,10671,-1,28988,15713,24892,89478,65243,0,0,159071,0,-1
54,2003,48407,7227,1238,-1,-1,8561,3696,2624,22183,11342,0,0,37065,0,-1
55,2003,17340,1946,994,360,390,2499,1153,1556,8441,3690,0,0,13650,0,-1
56,2003,39738,4776,2630,1562,2940,3942,2465,3584,17840,11908,0,0,27831,0,-1
57,2003,21507,2507,1230,1038,2088,2375,1146,1510,9614,6862,0,0,14645,0,-1
58,2003,116310,12035,7372,6305,18802,9738,6412,9773,45874,44513,0,0,71796,0,-1
59,2003,52133,4346,2583,3367,6946,5655,3701,4184,21352,17241,0,0,34891,0,-1
60,2003,39033,5263,2896,1513,1375,5779,5077,3815,13316,11046,0,0,27988,0,-1
61,2003,3270,440,155,97,184,283,273,167,1672,875,0,0,2395,0,-1
63,2003,7144,1210,341,263,310,1342,565,683,2429,2124,0,0,5020,0,-1
63,2003,122610,14570,7201,3649,-1,13304,10251,11019,51570,36466,0,0,86143,0,-1
64,2003,40501,4960,2351,980,1529,4698,3411,3099,19474,9819,0,0,30681,0,-1
65,2003,26356,3924,1810,819,1016,3800,2170,1402,11415,7569,0,0,18787,0,-1
66,2003,26356,3924,1810,819,1016,3800,2170,1402,11415,7569,0,0,18787,0,-1
67,2003,10218,1112,689,848,641,1469,652,445,4361,3290,0,0,6928,0,-1
9,2003,7588,764,547,463,570,1048,480,398,3315,2345,0,0,5242,0,-1
68,2003,-1,-1,-1,-1,-1,421,-1,-1,1046,-1,0,0,1686,0,-1
69,2003,132335,15497,7012,5985,6763,17658,10099,15223,54097,35258,0,0,97077,0,-1
0,2004,14858646,1800037,778109,670043,1068407,1907139,1056291,1225013,6353608,4316463,-1,0,10539587,-1,-1
1,2004,2089697,167870,116654,96384,171346,186822,160034,204114,986473,552254,0,0,1537443,0,0
2,2004,689672,49396,31947,31306,53769,62380,56671,78681,325522,166417,0,0,523254,0,0
3,2004,718001,50248,49938,40653,65138,48656,57020,67153,339196,205976,0,0,512025,0,0
4,2004,146697,12886,8734,5996,11153,11304,9063,9216,78344,38769,0,0,107928,0,0
5,2004,293836,25327,12856,8834,24897,33051,14492,28364,146016,71914,0,0,221922,0,0
6,2004,241492,30014,13179,9594,16390,31431,22788,20700,97395,69177,0,0,172314,0,0
7,2004,483779,38191,19394,15306,27000,70858,45851,54642,212536,99892,0,0,383887,0,0
8,2004,196725,13791,6636,4197,8119,27374,22655,24289,89665,32742,0,0,163982,0,0
9,2004,287055,24401,12759,11109,18881,43484,23197,30353,122872,67150,0,0,219905,0,0
10,2004,4101770,509572,204204,203309,337129,515888,254581,296841,1780244,1254215,0,0,2847555,0,0
11,2004,835132,113157,40640,38917,36440,127915,62153,63871,352039,229154,0,0,605978,0,0
12,2004,457200,55410,21359,21710,28193,49320,27171,32794,221242,126673,0,0,330528,0,0
13,2004,541789,53325,29986,24418,38983,72481,33504,37353,251740,146713,0,0,395077,0,0
14,2004,781797,82936,38445,41508,98345,73451,36812,48449,361852,261233,0,0,520564,0,0
15,2004,551251,65163,29583,42945,81251,64297,34115,36934,196963,218942,0,0,332309,0,0
16,2004,204540,31129,10339,8377,11946,25966,17462,16904,82418,61790,0,0,142750,0,0
17,2004,258742,47109,10346,6210,12649,46245,12499,19512,104174,76313,0,0,182429,0,0
18,2004,215188,16517,12193,8536,19476,17224,16504,19750,104988,56722,0,0,158466,0,0
19,2004,114903,22398,4270,4064,4324,17890,4264,8562,49130,35056,0,0,79846,0,0
20,2004,141228,22429,7043,6625,5522,21100,10097,12712,55699,41619,0,0,99609,0,0
21,2004,4849060,725680,260989,194692,251226,724309,341570,337349,2013245,1432588,0,0,3415367,-1,0
22,2004,87269,15876,4636,2755,2309,16208,7056,7568,30862,25575,0,0,61694,0,0
72,2004,150053,27590,8131,3503,6740,26127,11392,8965,57605,45964,0,0,104090,0,0
24,2004,78711,15748,2742,3413,3119,12141,4209,5077,32260,25023,0,0,53688,0,0
25,2004,216789,37679,8519,9024,8842,34863,9619,13330,94911,64066,0,0,152723,0,0
26,2004,239662,37354,15882,9299,9935,36744,15865,19141,95442,72470,0,0,167192,0,0
15,2004,117976,19955,5661,3928,5807,15462,10635,5025,51503,35351,0,0,82626,0,0
27,2004,548239,93448,29484,14196,20135,97568,34885,29959,228564,157262,0,0,390976,0,0
28,2004,456978,81024,20645,18465,19775,71801,25250,24884,195135,139909,0,0,317069,0,0
29,2004,634424,93425,30422,29913,29654,88696,59199,45139,257975,183415,0,0,451009,0,0
30,2004,666986,77035,46900,34893,47908,78515,47015,48828,285892,206737,0,0,459144,-1,0
31,2004,514257,74957,31970,16164,11415,76142,33216,44002,226390,134507,0,0,379750,0,0
32,2004,693873,83018,34217,29273,49929,98874,54318,56522,287722,196436,0,0,497437,0,0
33,2004,176243,33325,10442,7749,10531,29451,10880,11044,62821,62048,0,0,114196,0,0
34,2004,267600,35245,11339,12117,25125,41716,18030,17864,106163,83826,0,0,183774,0,0
35,2004,650973,52382,27627,35394,60463,74495,48300,67772,284540,175866,0,0,475107,0,0
36,2004,75943,8532,2970,3190,3924,10803,5268,7409,33848,18616,0,0,57327,0,0
37,2004,284772,28386,13699,13468,25236,34760,19687,21292,128244,80788,0,0,203984,0,0
38,2004,290257,15464,10958,-1,-1,28932,23346,-1,122447,76461,0,0,213796,0,0
39,2004,244572,37905,13577,10364,11386,39146,16998,24626,90570,73232,0,0,171341,0,0
40,2004,90559,16036,5441,4004,3027,16208,5549,7820,32475,28507,0,0,62051,0,0
41,2004,105197,14969,5405,4023,5557,15159,6970,12427,40687,29954,0,0,75243,0,0
42,2004,48817,6900,2732,2337,2802,7780,4479,4379,17408,14770,0,0,34047,0,0
43,2004,2289973,251088,126574,107860,203451,277312,177031,223235,923421,688841,-1,0,1599641,-1,-1
44,2004,113414,17967,6399,3073,3394,18551,7292,12367,44370,30834,0,0,82038,-1,0
45,2004,112689,15683,3896,4491,3083,18691,8848,6804,51193,27153,0,0,85535,0,0
46,2004,44552,5251,3045,1229,-1,5103,3692,6059,18939,10626,-1,0,32977,-1,-1
47,2004,177434,23922,9880,6685,11468,25501,9911,13716,76351,51955,0,0,125479,0,0
48,2004,13001,-1,-1,-1,1535,1280,-1,-1,5513,5018,0,0,7982,0,0
49,2004,139401,19707,7406,4266,-1,20751,9064,14387,60182,35017,0,0,104384,0,0
50,2004,825673,54026,53185,56193,116990,69371,74014,101990,299904,280394,0,0,545279,0,0
51,2004,8124,1451,590,321,-1,1267,512,629,3097,2619,0,0,5505,0,0
52,2004,79443,13425,1481,1025,-1,15939,4234,6477,34938,17855,0,0,61588,0,0
53,2004,217492,26559,9530,7335,17017,31296,18935,16456,90363,60442,0,0,157051,0,0
73,2004,34450,4938,1198,1148,-1,4599,2637,2809,16089,8316,0,0,26134,0,0
55,2004,16174,2626,779,237,324,2229,974,1319,7687,3966,0,0,12209,0,0
56,2004,47270,5626,2038,1607,2654,6910,2987,3541,21908,11925,0,0,35345,0,0
57,2004,24787,2948,1275,851,2541,2784,1586,1772,11030,7615,0,0,17172,0,0
58,2004,143172,10925,8542,7876,20846,11376,10931,13681,58995,48189,0,0,94983,0,0
59,2004,54347,5267,3195,3334,6854,5405,3810,3854,22628,18651,0,0,35696,0,0
60,2004,48414,8136,3054,2209,2837,5902,3961,5345,16971,16236,0,0,32178,0,0
61,2004,3872,429,87,200,336,569,122,-1,1957,1052,0,0,2820,0,0
63,2004,8347,1562,591,461,-1,1431,359,681,3126,2750,0,0,5597,0,0
74,2004,118600,19709,6111,2355,3687,20110,8686,6792,51150,31862,0,0,86738,0,0
64,2004,59318,9781,3757,1162,1666,8246,4097,3577,27031,16367,0,0,42951,0,0
65,2004,26909,3296,1739,1688,1379,3370,2039,2696,10701,8103,0,0,18806,0,0
66,2004,26909,3296,1739,1688,1379,3370,2039,2696,10701,8103,0,0,18806,0,0
67,2004,3147,526,184,97,148,630,112,293,1157,955,0,0,2192,0,0
9,2004,2171,328,125,88,109,447,68,241,764,650,0,0,1521,0,0
68,2004,976,198,-1,-1,-1,183,-1,-1,393,305,0,0,671,0,0
69,2004,118766,13526,7166,4948,4878,14310,9774,13446,50720,30517,0,0,88249,0,0
0,2005,16248899,2101235,859765,721509,1219648,2232350,1135932,1353406,6625054,4900755,-1,-1,11344646,1248,-1
1,2005,2399808,256740,127256,105003,185836,291600,199123,245238,989013,674437,-1,-1,1723877,-1,-1
2,2005,824966,80371,45068,40670,51616,96131,82213,117477,311418,217470,-1,0,606849,-1,0
3,2005,844113,85856,49723,37992,83079,91412,71361,67766,356924,256651,0,0,587462,0,0
4,2005,169232,20105,7219,4937,10141,18748,11704,12631,83747,42262,0,-1,126123,0,-1
5,2005,306510,36691,12103,10988,22824,46862,16497,28294,132252,82606,0,0,223905,0,0
6,2005,254986,33716,13143,10416,18175,38447,17349,19069,104672,75449,0,0,179537,0,0
7,2005,411047,28774,20701,18567,33743,54293,44002,45327,165641,101785,0,0,309263,0,0
8,2005,122518,6421,5148,4179,-1,16297,10929,13028,56550,25714,0,0,96804,0,0
9,2005,288529,22353,15553,14388,23778,37996,33072,32299,109091,76071,0,0,212458,0,0
34,2006,282222,31718,14527,15894,31482,33391,21638,22913,110659,93621,0,0,188311,0,-1
75,2006,57334,9936,1550,487,2726,10784,4865,5886,21100,14699,0,0,42635,0,0
76,2006,97200,16493,5065,2920,4589,17513,7026,6957,36637,29067,0,0,68133,0,0
77,2006,308052,39307,13845,13151,10316,49078,26267,28808,127281,76618,0,0,231434,0,0
35,2006,1062084,89066,48428,59522,104759,119652,77830,111976,450850,301775,0,0,760309,0,0
36,2006,153790,15589,10776,9310,10530,19993,15251,18591,53750,46205,0,0,107585,0,0
37,2006,467807,44706,19224,19789,54680,54655,30612,30835,213305,138400,0,0,329407,0,0
38,2006,440487,28770,18428,30423,39549,45004,31967,62549,183795,117171,0,0,323316,0,0
39,2006,339455,51068,17428,11791,14926,59390,29046,28225,127581,95139,0,-1,244242,0,0
40,2006,140119,23415,6458,5172,5370,26552,13161,10708,49283,40415,0,0,99704,0,0
41,2006,126214,16944,7167,3965,5617,19699,10030,11903,50888,33620,0,-1,92520,0,0
42,2006,73123,10710,3802,2653,3939,13138,5855,5615,27410,21104,0,0,52019,0,0
43,2006,2538751,269553,148739,134074,266677,279198,173431,222073,1045005,818928,-1,0,1719360,-1,0
44,2006,97621,12505,5369,3477,-1,13045,7459,7791,42606,26721,0,0,70900,0,0
45,2006,112198,14585,7236,5463,4483,15571,6713,6244,51903,31768,0,0,80430,0,0
46,2006,40987,5086,1712,682,1539,6844,3190,3429,18506,8904,-1,0,31621,-1,0
47,2006,196201,27088,10478,8468,14556,23471,13082,7257,91801,60589,0,0,135612,0,0
48,2006,10316,1628,814,683,-1,-1,-1,-1,4926,3906,0,0,6410,0,0
49,2006,121849,18827,5019,4086,2931,21137,10685,13130,46034,30863,0,0,90987,0,0
50,2006,1011044,64145,66508,76006,157587,81876,73692,111497,379732,364248,0,0,646797,0,0
51,2006,6908,1075,374,-1,182,1189,429,266,3343,1680,0,0,5228,0,0
52,2006,107975,22017,3741,2005,2372,16285,6378,6701,48476,30135,0,0,77840,0,0
53,2006,202174,23385,13304,5135,12548,24238,12159,21133,90273,54372,0,0,147802,0,0
73,2006,50494,7919,4042,1654,1815,6449,3548,3159,21909,15431,0,0,35064,0,0
55,2006,20517,3133,1074,536,230,2533,1520,844,10646,4974,0,0,15542,0,0
56,2006,51006,5936,1649,1897,5124,5746,2100,4046,24508,14606,0,0,36400,0,0
57,2006,29470,3280,1218,1457,3056,2853,1482,1944,14180,9011,0,0,20459,0,0
58,2006,171810,13652,10667,8720,30930,14787,10714,12278,70062,63968,0,0,107841,0,0
59,2006,77809,6987,3756,3934,12966,6658,5311,7480,30716,27644,0,0,50165,0,0
60,2006,45703,8602,1705,3108,2084,7162,3048,3452,16544,15499,0,0,30205,0,0
61,2006,3584,392,214,-1,151,548,307,428,1487,814,0,0,2770,0,0
63,2006,10327,1991,662,317,470,1717,541,698,3930,3441,0,0,6886,0,0
74,2006,116295,19847,5939,3493,4023,18685,6784,4763,52760,33302,0,0,82992,0,0
64,2006,54462,7472,3256,2847,3480,7778,4176,4789,20664,17055,0,0,37407,0,0
65,2006,34450,4605,2567,1836,1752,4088,2173,2761,14669,10759,0,0,23691,0,0
66,2006,34450,4605,2567,1836,1752,4088,2173,2761,14669,10759,0,0,23691,0,0
67,2006,3695,618,156,68,339,667,86,199,1562,1181,0,0,2514,0,0
9,2006,2614,425,129,-1,207,521,49,171,1080,793,0,0,1821,0,0
68,2006,1081,193,-1,-1,131,-1,-1,-1,482,388,0,0,693,0,0
69,2006,137330,14474,6549,5622,8241,18097,11123,14264,58961,34886,0,0,102445,0,0
0,2007,21709428,2460318,1219454,1070525,1901116,2698729,1548946,1863038,8947302,6650992,-1,0,15056233,-1,0
1,2007,3005463,278509,170153,155987,250731,309250,245814,293398,1301620,855177,-1,0,2149070,-1,0
2,2007,903196,94384,47238,40234,73002,111707,68030,92408,376194,254858,0,0,648338,0,0
3,2007,1237653,95193,79765,83302,117337,106799,102819,118618,533820,375394,-1,0,861042,-1,0
4,2007,201410,17207,11010,7432,11964,16496,21914,20888,94500,47612,0,0,153798,0,0
5,2007,385890,35521,19923,13919,27865,40295,30055,39000,179312,97228,0,0,288662,0,0
6,2007,277314,36204,12217,11100,20563,33954,22997,22484,117795,80085,0,0,197230,0,0
7,2007,599828,42949,29865,25120,44017,75908,59045,70397,252527,141951,0,0,457877,0,0
8,2007,345432,21255,14245,12899,23809,38930,30889,38646,164759,72208,0,0,273224,0,0
9,2007,254396,21694,15620,12221,20208,36977,28156,31751,87768,69743,0,0,184652,0,0
10,2007,5468624,644993,303113,274855,527585,687316,345711,415509,2269542,1750545,0,0,3718079,0,0
11,2007,1281298,185087,85390,58283,72640,172161,81254,113596,512887,401400,0,0,879899,0,0
12,2007,736524,93168,30641,29485,53833,103612,51463,53004,321320,207126,0,0,529398,0,0
13,2007,543677,48282,27026,29763,56745,56394,40378,48396,236693,161816,0,0,381861,0,0
14,2007,701007,77061,38062,38798,98638,75995,35400,42645,294408,252558,0,0,448449,0,0
15,2007,717460,70381,38200,54379,118101,76802,40930,44610,274057,281061,0,0,436399,0,0
16,2007,392831,54181,20957,13619,27325,63860,27160,27325,158405,116081,0,0,276750,0,0
17,2007,354905,45038,18150,13929,25083,55016,22542,23483,151665,102199,0,0,252705,0,0
18,2007,396670,25373,21419,22670,50359,31958,23223,37852,183816,119821,0,0,276849,0,0
19,2007,112215,17731,8966,5470,6612,18200,6962,7159,41117,38779,0,0,73436,0,0
20,2007,209776,25516,12955,7299,16027,30206,14937,16002,86833,61797,0,0,147979,0,0
78,2007,22261,3177,1347,1159,2225,3113,1464,1437,8341,7908,0,0,14354,0,0
21,2007,7685529,1016363,440445,332004,558435,1051729,542475,629447,3114631,2347247,0,0,5338002,-1,0
22,2007,115354,19918,7895,5534,5154,15494,8207,8484,44667,38501,0,0,76853,0,0
72,2007,157806,29413,7776,4355,4751,29473,9540,13382,59117,46295,0,0,111511,0,0
24,2007,188724,32652,11156,5791,6368,31992,13931,22302,64533,55967,0,0,132757,0,0
25,2007,248049,34320,11493,9752,11652,31913,20644,13692,114581,67218,0,0,180831,0,0
26,2007,320114,67809,11133,9874,17747,45789,21732,29996,116033,106564,0,0,213550,0,0
15,2007,252947,43094,11925,10539,18196,45142,11152,13345,99554,83754,0,0,169193,0,0
27,2007,733537,76172,59715,-1,53097,85396,60823,83986,268802,234531,0,0,498726,-1,0
28,2007,718810,96588,36505,24330,55577,103031,48130,56804,297846,212999,0,0,505811,0,0
29,2007,980004,128127,49619,48649,80320,132097,63837,72486,404870,306715,0,0,673290,0,0
30,2007,1292484,148267,80646,70901,107677,161307,97582,104825,521279,407491,0,0,884993,0,0
31,2007,794277,102725,38922,24456,52568,112189,52539,48788,362090,218671,0,0,575607,0,0
32,2007,676890,70192,38376,29532,62841,83038,54891,69050,268969,200941,0,0,475949,0,0
33,2007,200461,27668,12767,9775,22086,29097,12969,16287,69813,72295,0,0,128166,0,0
34,2007,427338,50096,29853,12925,33440,54112,29621,27288,190003,126314,0,0,301024,0,0
77,2007,341134,50967,17216,11024,16869,51187,22318,29906,141648,96076,0,0,245059,0,0
75,2007,131823,22757,9321,5212,-1,21399,8910,10496,48779,42238,0,0,89585,0,0
76,2007,105775,15599,6128,3807,5142,19073,5647,8331,42048,30677,0,0,75099,0,0
35,2007,1703290,138315,98849,100699,225102,180285,133582,160750,665710,562964,0,0,1140327,0,0
36,2007,548925,41506,36161,-1,64523,58224,53751,68303,191074,177573,0,0,371352,0,0
37,2007,642017,55283,33812,37429,104211,70077,42912,52077,246216,230734,0,0,411283,0,0
38,2007,512348,41526,28876,27886,56368,51984,36919,40370,228420,154656,0,0,357692,0,0
39,2007,371500,49164,21234,15747,23219,56854,31389,36474,137418,109365,0,0,262135,0,0
40,2007,158805,24207,9891,6823,8409,27691,11792,12590,57401,49330,0,0,109474,0,0
41,2007,145076,16317,6772,5830,11053,19013,12699,16815,56577,39973,0,0,105103,0,0
42,2007,52534,6029,3818,2713,3257,7277,5560,5665,18214,15818,0,0,36716,0,0
79,2007,2515,309,244,57,107,369,277,211,942,716,0,0,1799,0,0
80,2007,12569,2301,510,324,392,2504,1061,1194,4284,3527,0,0,9042,0,0
43,2007,2624588,260711,141935,153656,256532,305189,172825,230113,1103627,812615,-1,0,1811266,-1,0
44,2007,150904,18737,6521,9982,12776,19341,7762,10503,65283,48015,0,0,102889,0,0
45,2007,106058,11851,6402,5183,-1,10132,8635,9612,49135,28544,0,0,77514,0,0
46,2007,50667,6138,2482,1645,1197,7092,4658,5071,22383,11244,-1,0,38716,-1,0
47,2007,153125,20874,6790,8499,11792,23197,11743,8194,62035,47955,0,0,105169,0,0
48,2007,-1,-1,-1,-1,-1,-1,-1,770,-1,2815,0,0,-1,0,0
49,2007,112550,14837,-1,4969,5012,17052,6788,9981,46479,32249,0,0,80301,0,0
50,2007,878172,63456,54981,67959,103315,81720,58759,89989,357993,289711,0,0,588461,0,0
51,2007,9468,1478,733,263,697,983,674,850,3791,3170,0,0,6298,0,0
52,2007,147797,16767,5587,5311,5793,26184,8545,10350,69260,33459,0,0,114339,0,0
53,2007,229327,23160,10479,10626,22009,26642,14795,20250,101368,66273,0,0,163054,0,0
73,2007,68023,5995,5097,4003,4585,5852,5492,7969,29031,19679,0,0,48344,0,0
55,2007,19644,2566,972,107,488,3016,1252,1849,9393,4134,0,0,15510,0,0
56,2007,74588,8587,3965,2910,7321,9796,4858,5363,31789,22782,0,0,51806,0,0
57,2007,30610,3821,1394,1278,3859,3386,1596,2069,13209,10351,0,0,20259,0,0
58,2007,267938,21834,13737,16092,44422,28533,16666,23297,103357,96085,0,0,171853,0,0
59,2007,74857,6269,3552,5116,12730,6678,3933,5756,30823,27667,0,0,47190,0,0
60,2007,51755,7838,3869,2711,3200,6977,3868,3837,19454,17619,0,0,34136,0,0
61,2007,-1,-1,360,-1,-1,-1,-1,850,-1,-1,0,0,8799,0,0
63,2007,11873,1621,844,548,603,2006,843,1137,4272,3616,0,0,8257,0,0
74,2007,99560,15709,2997,3229,5850,15149,6578,7321,42728,27785,0,0,71775,0,0
64,2007,66221,6377,3279,-1,4446,9291,3362,5095,32038,16435,0,0,49786,0,0
81,2007,54638,5268,3086,3311,4456,6869,5243,7308,19097,16121,0,0,38517,0,0
82,2007,12571,1663,500,617,444,1791,1058,907,5591,3224,0,0,9347,0,0
83,2007,27601,2197,1927,-1,2664,3213,2689,4654,8184,8860,0,0,18741,0,0
84,2007,1169,-1,-1,122,-1,168,-1,-1,428,452,0,0,717,0,0
85,2007,13297,1310,606,500,1169,1697,1422,1699,4894,3585,0,0,9712,0,0
65,2007,41226,4519,2661,2431,2423,4946,3005,3000,18241,12034,0,0,29192,0,0
66,2007,41226,4519,2661,2431,2423,4946,3005,3000,18241,12034,0,0,29192,0,0
69,2007,154743,19527,8113,6716,8617,20382,9857,16641,64890,42973,0,0,111769,0,0
0,2008,21884222,2554431,1136087,1053294,1857015,2724848,1563229,1895820,9099499,6600525,-1,0,15280530,2476,-1
1,2008,3107994,304488,169892,159443,265870,347698,268718,307468,1284417,899391,-1,0,2206005,-1,-1
2,2008,1018434,96898,54279,50724,87300,121611,98682,116085,392854,288900,-1,0,728481,-1,0
3,2008,1234652,106648,74146,75536,120139,123927,99774,112746,521735,376469,0,0,856638,-1,-1
4,2008,229345,25169,10804,6076,16379,24391,21515,14428,110585,58427,0,0,170918,0,0
5,2008,326291,33875,14381,13526,23954,36019,24792,35531,144213,85736,0,0,240555,0,0
6,2008,299271,41898,16282,13581,18098,41751,23954,28678,115030,89858,0,0,209413,0,0
7,2008,801497,59081,34006,29869,49495,94231,71330,98762,364723,172450,0,0,629046,0,0
8,2008,375208,26735,15700,13450,27171,40344,34699,41337,175772,83057,0,0,292151,0,0
9,2008,426289,32346,18306,16418,22324,53887,36631,57426,188952,89393,0,0,336895,0,0
10,2008,6022105,753174,297447,295899,597384,794675,367408,436289,2479829,1943904,0,0,4078201,0,0
11,2008,1382656,192186,74065,49636,111737,211515,92153,89752,561612,427624,0,0,955032,0,0
12,2008,655519,96938,27187,29606,49960,103371,29657,36679,282121,203691,0,0,451828,0,0
13,2008,670795,73946,24454,43318,61176,64815,47537,50851,304698,202894,0,0,467901,0,0
14,2008,795254,78325,47723,51253,85492,75201,51166,81961,324133,262793,0,0,532462,0,0
15,2008,822108,96408,50128,53389,132036,95910,33237,56262,304737,331961,0,0,490147,0,0
16,2008,537688,73327,24163,-1,55656,81850,-1,50574,183422,176713,0,0,360975,0,0
17,2008,321470,56958,13182,9834,18998,58326,19859,14042,130270,98973,0,0,222497,0,0
18,2008,560528,48573,23266,24262,57718,62611,35366,41815,266917,153819,0,0,406709,0,0
19,2008,102237,13478,3864,4779,11809,21033,3129,5057,39088,33930,0,0,68307,0,0
20,2008,153201,20202,8416,4975,10534,17462,9196,7991,74424,44128,0,0,109073,0,0
78,2008,20647,2832,1000,1278,2268,2582,977,1305,8406,7378,0,0,13269,0,0
21,2008,7439725,992954,388274,323128,477448,981073,525246,610901,3140700,2181804,0,0,5257921,0,0
22,2008,99096,17481,3596,3228,2194,14536,9466,6418,42176,26500,0,0,72596,0,0
72,2008,203441,36474,10801,6780,9473,37817,12803,11918,77375,63529,0,0,139912,0,0
24,2008,181058,30905,11862,5758,7524,28687,13595,13044,69683,56049,0,0,125009,0,0
25,2008,288411,44450,14369,9435,10790,44529,14239,21991,128609,79043,0,0,209368,0,0
26,2008,294867,49457,19645,8898,16620,48192,17533,23377,111145,94620,0,0,200247,0,0
15,2008,205125,32231,7933,8784,20082,34409,12625,9106,79955,69030,0,0,136095,0,0
27,2008,522058,57419,27280,17652,41651,67009,42670,42663,225715,144002,0,0,378056,0,0
28,2008,698428,100120,36760,30978,44499,101211,40693,52023,292143,212358,0,0,486070,0,0
29,2008,867453,109445,38996,42461,56722,119329,62809,57577,380115,247623,0,0,619830,0,0
30,2008,1240898,150361,77630,73307,84522,120574,87113,121214,526176,385821,0,0,855078,0,0
31,2008,668965,82012,32314,22161,30716,86460,44551,41065,329685,167203,0,0,501762,0,0
32,2008,936602,83584,44395,39912,82832,107809,87159,110912,379999,250722,0,0,685879,0,0
33,2008,184973,31683,9854,8331,14208,27344,10696,11934,70922,64077,0,0,120896,0,0
34,2008,524665,73875,29387,27891,41842,61035,32116,44866,213654,172994,0,0,351670,0,0
77,2008,308826,51245,15550,11007,8325,41660,22413,24709,133917,86127,0,0,222700,0,0
75,2008,100256,20836,3749,3033,1009,19272,7499,9566,35292,28627,0,0,71629,0,0
76,2008,114603,21374,4154,3514,4437,21199,7267,8518,44139,33479,0,0,81124,0,0
35,2008,1374540,104850,82065,79620,176637,127530,115387,129962,558489,443172,0,0,931368,0,0
36,2008,283666,19931,17986,17789,25386,25116,27320,33140,116998,81092,0,0,202575,0,0
37,2008,603098,51199,39685,39498,102719,57830,45130,48784,218254,233100,0,0,369998,0,0
38,2008,487776,33721,24394,22333,48532,44585,42937,48037,223236,128980,0,0,358796,0,0
39,2008,321603,38524,17320,13983,19115,46814,29946,26836,129065,88942,0,0,232661,0,0
40,2008,132163,16684,7427,7996,7828,18817,11928,11461,50020,39936,0,0,92227,0,0
41,2008,120119,13892,5582,3347,7574,17706,11849,9926,50243,30395,0,0,89724,0,0
42,2008,54966,5869,3563,2226,3419,7699,4987,3840,23364,15076,0,0,39889,0,0
79,2008,2088,306,200,102,90,277,155,210,748,698,0,0,1390,0,0
80,2008,12267,1774,548,312,204,2315,1026,1400,4689,2837,0,0,9430,0,0
43,2008,2626611,282286,137218,141862,258559,312055,171486,263536,1059609,819925,0,0,1806118,-1,0
44,2008,153119,20390,8335,7512,5809,19889,8816,10517,71852,42045,0,0,111074,0,0
45,2008,95388,13607,6388,2813,5491,14130,4152,8966,39842,28299,0,0,67090,0,0
46,2008,38212,5499,2620,1104,1257,6110,1871,3272,16479,10480,0,0,27164,-1,0
47,2008,228941,32554,9801,11262,26563,29100,8792,12487,98382,80180,0,0,148761,0,0
48,2008,10165,-1,-1,-1,-1,-1,-1,-1,4068,3233,0,0,6932,0,0
49,2008,102332,12103,5638,3974,-1,14097,7627,11663,42554,26391,0,0,75941,0,0
50,2008,912889,61881,47843,69083,121865,81675,72606,129656,328279,300673,0,0,612216,0,0
51,2008,10900,1452,605,400,648,1772,493,413,5117,3104,0,0,7795,0,0
52,2008,163643,25173,6959,3782,3632,30209,11305,11401,71180,39547,0,0,124096,0,0
53,2008,183439,25078,10123,6827,9787,24692,10829,16533,79571,51815,0,0,131624,0,0
73,2008,100654,11323,6114,3084,6637,12985,7467,7553,45493,27157,0,0,73497,0,0
55,2008,22998,4095,869,477,480,3645,1065,1449,10918,5921,0,0,17077,0,0
56,2008,73770,7774,3282,3378,9082,7959,5322,5823,31149,23516,0,0,50254,0,0
57,2008,25444,3003,1139,1045,3646,2545,975,1372,11719,8833,0,0,16611,0,0
58,2008,205337,14068,11200,15532,38126,17761,12770,20252,75628,78926,0,0,126411,0,0
59,2008,63130,5336,3494,2958,10058,6297,3669,3094,28225,21846,0,0,41284,0,0
60,2008,56809,9110,4742,2850,1256,8897,3265,7484,19205,17959,0,0,38850,0,0
61,2008,8899,930,451,283,-1,1281,-1,-1,4127,2235,0,0,6663,0,0
63,2008,12161,1970,830,465,699,1470,1195,1298,4235,3964,0,0,8197,0,0
74,2008,94919,17060,3153,3374,5265,14827,4377,5461,41402,28851,0,0,66068,0,0
64,2008,63463,8428,2765,1170,2587,10992,3470,3868,30184,14950,0,0,48514,0,0
81,2008,31821,3875,2113,1723,1935,4542,2679,3155,11800,9646,0,0,22176,0,0
82,2008,8979,975,626,433,622,1148,751,899,3525,2656,0,0,6323,0,0
83,2008,17766,2267,1106,992,861,2535,1596,1976,6433,5226,0,0,12540,0,0
84,2008,1892,261,-1,255,-1,272,-1,153,432,939,0,0,952,0,0
85,2008,3185,-1,196,-1,-1,586,237,128,1409,825,0,0,2360,0,0
65,2008,36322,3775,2535,2068,2649,3767,2178,4054,15295,11028,0,0,25294,0,0
66,2008,36322,3775,2535,2068,2649,3767,2178,4054,15295,11028,0,0,25294,0,0
69,2008,122005,11424,5217,5700,7924,12462,8852,14855,55571,30264,0,0,91740,0,0
0,2009,21960706,2356603,1161585,1002131,2250576,2562258,1535584,1696893,9395075,6770369,-1,-1,15186360,-1,-1
1,2009,2621227,181804,138935,124356,257530,223049,218118,269585,1207851,702624,0,0,1917086,-1,-1
7,2009,960971,56496,37954,35202,67813,95489,87598,117507,462911,197465,0,0,763505,0,0
10,2009,4878462,541257,260203,234062,517001,553666,331239,343292,2097740,1552524,0,0,3325380,0,-1
21,2009,7346055,1014689,399437,279177,450090,1056906,488380,471552,3185824,2143022,0,-1,5201919,0,-1
35,2009,1508932,116466,83884,87812,204772,142305,113227,139446,621019,492934,0,0,1015998,0,0
39,2009,335545,45168,21753,12984,14537,52510,27157,26494,134942,94443,0,0,241103,0,0
43,2009,4057497,375644,202483,214704,720073,408532,249695,304101,1582265,1512749,-1,0,2543961,-1,0
81,2009,37833,3970,2222,1543,4486,5626,3717,3678,12591,12220,0,0,25613,0,0
65,2009,41302,4090,3305,2626,2390,4618,2516,4247,17510,12411,0,0,28891,0,0
69,2009,172881,17020,11408,9665,11884,19557,13935,16990,72423,49977,0,0,122904,0,0
0,2010,22786946,2533036,1276786,1033521,1984080,2865173,1662469,1791990,9639892,6826725,-1,0,15956652,-1,-1
1,2010,3049486,264449,180254,137123,285816,327138,274233,276164,1304310,867468,-1,0,2180797,-1,0
2,2010,907385,80468,48987,40322,80344,99633,85775,87422,384436,249945,-1,0,656219,-1,0
3,2010,993935,68756,72384,52746,96897,84073,92483,88416,438181,290782,0,0,703153,0,0
4,2010,240341,21592,14719,8773,20376,25122,16221,17364,116175,65460,0,0,174881,0,0
5,2010,398503,44589,18601,16361,27352,49666,29929,36425,175580,106903,0,0,291601,0,0
6,2010,509322,49045,25563,18922,-1,68644,49825,46537,189938,154378,0,0,354944,0,0
7,2010,1774875,121204,77217,85858,138876,190994,149926,209114,801685,423155,0,0,1351720,0,0
8,2010,1083567,70570,49766,60091,93312,110387,88719,125223,485500,273739,0,0,809828,0,0
9,2010,691308,50634,27451,25767,45564,80607,61207,83892,316185,149416,0,0,541892,0,0
10,2010,5176309,635749,272293,237254,518394,697128,325963,324688,2164841,1663689,0,0,3512619,0,0
11,2010,1147203,146101,59699,47059,71799,167445,105723,73049,476327,324658,0,0,822545,0,0
12,2010,616826,67682,33995,33727,77514,71655,28930,44963,258359,212919,0,0,403907,0,0
13,2010,577472,69423,27941,22934,55711,72353,37696,41605,249807,176010,0,0,401462,0,0
14,2010,737587,87304,39715,38310,89867,86690,41396,46457,307848,255197,0,0,482390,0,0
15,2010,656303,74910,40998,45698,108356,81286,26619,39832,238604,269962,0,0,386341,0,0
16,2010,403474,58164,20977,12699,37194,66240,24983,18349,164867,129035,0,0,274439,0,0
17,2010,238528,34884,12760,8705,18189,44788,9868,5209,104125,74538,0,0,163990,0,0
18,2010,429240,37781,19029,15861,38312,47349,30516,35978,204413,110984,0,0,318256,0,0
19,2010,132292,23807,6489,4586,8886,23967,7183,6679,50694,43768,0,0,88523,0,0
20,2010,215404,32867,9371,6257,10257,32146,11568,10889,102050,58751,0,0,156653,0,0
78,2010,21981,2824,1318,1417,2308,3208,1481,1677,7747,7868,0,0,14113,0,0
21,2010,7531445,983540,441114,313118,512576,1025140,523781,520146,3212031,2250048,-1,0,5280307,-1,-1
22,2010,132773,24591,9731,3065,6296,24526,11686,7756,45123,43683,0,0,89090,0,0
72,2010,174822,30192,9511,10502,11336,26620,9852,9447,67364,61540,0,0,113282,0,0
24,2010,188258,32058,10597,10297,9309,30100,9539,16391,69967,62261,0,0,125997,0,0
25,2010,310642,52637,17852,6910,7497,39367,24228,16568,145582,84897,0,0,225745,0,0
26,2010,314629,46820,22047,12124,22965,46571,25279,25668,113155,103955,0,0,210673,0,0
15,2010,225381,35475,12695,8002,14265,44676,9776,11004,89487,70437,0,0,154944,0,0
27,2010,475393,65561,22517,18770,31413,73499,25101,28447,210086,138260,0,0,337133,0,0
28,2010,696053,94899,39265,29889,37986,90540,44171,42828,316475,202039,0,0,494014,0,0
29,2010,952611,109861,64072,41008,59499,120482,82647,77522,397521,274141,-1,0,677723,-1,0
30,2010,1203562,151556,79992,70677,90561,145065,76731,83443,505537,392786,0,0,810775,0,0
31,2010,723055,81120,37338,24487,60201,92966,51597,37738,337607,203147,0,0,519908,0,0
32,2010,770739,81374,41171,29863,67043,92228,66523,53951,338586,219451,0,0,550946,0,-1
33,2010,267108,33972,19027,10441,28527,37823,14826,18559,103934,91967,0,0,175141,0,0
34,2010,517862,52982,25109,22380,40050,60673,34799,53041,228827,140521,0,0,377340,0,0
77,2010,347043,46671,19843,7417,16738,57399,20427,21619,156930,90668,0,0,256375,0,0
75,2010,86378,16458,3988,3217,2822,15365,6938,6933,30657,26484,0,0,59894,0,0
76,2010,145137,27313,6358,4071,6069,27240,9662,9231,55194,43811,0,0,101326,0,0
35,2010,1411481,122868,79135,70502,155597,170067,116875,136088,560348,428103,0,0,983378,0,0
36,2010,245204,27201,12725,11477,17162,35043,16012,27326,98258,68565,0,0,176639,0,0
37,2010,503881,46866,37495,29747,80937,52715,38099,43195,174829,195044,0,0,308837,0,0
38,2010,662395,48802,28915,29279,57499,82308,62765,65567,287261,164494,0,0,497901,0,0
39,2010,446484,61527,24151,16199,26271,67201,38005,42895,170235,128148,0,0,318336,0,0
40,2010,176207,27235,11823,6330,8440,30431,15467,15199,61282,53828,0,0,122379,0,0
41,2010,191383,21683,7879,7771,12994,23888,15781,21610,79778,50326,0,0,141057,0,0
42,2010,59206,9125,3645,1445,3992,9784,5573,4678,20965,18206,0,0,40999,0,0
80,2010,19688,3484,805,653,845,3098,1184,1408,8210,5788,0,0,13901,0,0
43,2010,3086531,309519,183957,157694,327856,347870,210198,253616,1295823,978801,-1,0,2106471,-1,0
44,2010,156696,16534,8389,9519,11576,20149,9088,13403,68039,46018,0,0,110679,0,0
45,2010,107524,9562,8352,5067,7206,10280,9883,5749,51424,30188,0,0,76871,-1,0
46,2010,41110,6145,2381,1290,1452,5099,2931,3441,18372,11043,-1,0,29273,-1,0
47,2010,298866,32681,21706,17099,19789,39031,21200,24957,122403,91275,0,0,207591,0,0
48,2010,13860,1537,-1,777,-1,1528,-1,-1,7561,3661,0,0,10199,0,0
49,2010,104425,13427,7872,4236,5427,9474,9514,10944,43531,30961,0,0,73463,0,0
50,2010,968531,74543,50748,57309,169359,87500,65453,84817,378802,351959,0,0,616571,0,0
51,2010,14371,2072,881,-1,530,2032,792,1079,6242,4226,0,0,10144,0,0
52,2010,216243,32118,12977,5509,4438,36571,13734,12217,98679,55041,0,0,161202,0,0
53,2010,336941,36176,20752,23149,24767,40735,25172,33353,132837,104844,0,0,232097,0,0
73,2010,98243,11462,5566,3052,6724,12090,4157,4518,50673,26804,0,0,71439,0,0
55,2010,23503,2480,1557,403,586,2748,1590,2140,12000,5025,0,0,18478,0,0
56,2010,67547,5190,3050,3369,7445,8785,3499,4268,31940,19055,0,0,48492,0,0
57,2010,25775,2555,1261,931,3231,2387,1391,1529,12490,7978,0,0,17797,0,0
58,2010,193356,12818,12775,9854,36918,15080,11943,13034,80933,72365,0,0,120990,0,0
59,2010,63953,5906,3199,3349,7361,5753,4505,5872,28009,19815,0,0,44138,0,0
60,2010,63468,9228,5236,3693,2537,8328,4466,7591,22388,20694,0,0,42774,0,0
61,2010,10932,1475,404,372,1003,1142,459,1004,5072,3254,0,0,7677,0,0
63,2010,17919,3067,936,712,709,2073,1315,3782,5325,5424,0,0,12495,0,0
74,2010,193590,23074,10784,5002,11099,26850,13688,16806,86287,49960,0,0,143630,0,0
64,2010,69680,7469,4687,2260,4794,10235,4749,2669,32816,19210,0,0,50469,0,0
81,2010,83897,8504,6081,3850,5010,11635,8341,8917,31559,23446,0,0,60452,0,0
82,2010,6826,876,488,347,321,910,737,548,2600,2031,0,0,4795,0,0
83,2010,59798,6294,4394,2014,3148,9090,6262,4939,23657,15851,0,0,43948,0,0
84,2010,1646,187,189,194,95,166,117,152,546,665,0,0,981,0,0
85,2010,15627,1148,1010,1295,1446,1470,1225,3277,4756,4898,0,0,10728,0,0
65,2010,45256,5187,2581,2729,3733,5015,3035,3400,19576,14230,0,0,31026,0,0
66,2010,45256,5187,2581,2729,3733,5015,3035,3400,19576,14230,0,0,31026,0,0
69,2010,181181,20489,10002,9194,9952,22987,12112,16962,79484,49637,0,0,131544,0,0
