id,year,mules_total,male_lt_3yrs,male_gte_3yrs,female_lt_3yrs,female_gte_3yrs,
0,2003,321339,22289,134293,27589,137168
1,2003,10062,-1,2973,0,6816
2,2003,1218,0,-1,0,1049
3,2003,2311,-1,-1,0,-1
4,2003,2035,0,-1,0,1261
5,2003,3625,0,771,0,-1
6,2003,872,0,469,0,403
7,2003,382,0,235,0,147
8,2003,0,0,0,0,0
9,2003,382,0,235,0,147
10,2003,90652,6581,28818,13133,42120
11,2003,10956,-1,3873,-1,5346
12,2003,14929,1569,-1,2037,6069
13,2003,10868,-1,-1,-1,6354
14,2003,21761,-1,5105,3546,11931
15,2003,10580,-1,4420,1847,3117
16,2003,6338,0,-1,-1,3503
17,2003,9741,-1,4429,1346,3599
18,2003,2371,-1,926,0,1343
19,2003,3015,750,1052,-1,859
20,2003,-1,0,-1,0,0
21,2003,149575,10728,67229,11977,59641
22,2003,8121,0,5145,0,2976
23,2003,10593,-1,4697,-1,4688
24,2003,5440,-1,1684,-1,3125
25,2003,34069,-1,8847,4469,19482
26,2003,5430,-1,-1,-1,2332
15,2003,5692,-1,1367,-1,1768
27,2003,5898,-1,4909,0,-1
28,2003,26520,2998,14301,1625,7596
29,2003,3549,-1,-1,-1,-1
30,2003,-1,0,-1,0,0
31,2003,15804,-1,9747,-1,4848
32,2003,4386,0,3091,0,1295
33,2003,8515,761,3186,932,3636
34,2003,14872,974,7452,1166,5280
35,2003,-1,-1,0,0,-1
36,2003,0,0,0,0,0
37,2003,0,0,0,0,0
38,2003,-1,-1,0,0,-1
39,2003,1521,0,777,0,744
40,2003,1304,0,722,0,581
41,2003,-1,0,0,0,-1
42,2003,147,0,-1,0,-1
43,2003,68221,4539,33621,2453,27610
44,2003,6796,0,2882,1108,2805
45,2003,13031,-1,6103,-1,5982
46,2003,2259,-1,1203,-1,784
47,2003,-1,0,-1,0,-1
48,2003,3355,-1,1954,0,1306
49,2003,3136,-1,1990,0,-1
50,2003,2922,-1,1199,-1,1457
51,2003,-1,0,-1,0,-1
52,2003,8349,-1,6029,0,2106
53,2003,7887,-1,3003,-1,4006
54,2003,2156,0,-1,0,1769
55,2003,161,0,-1,-1,115
56,2003,1058,161,422,-1,394
57,2003,92,0,-1,0,71
58,2003,0,0,0,0,0
59,2003,-1,0,-1,0,0
60,2003,4273,-1,2591,-1,1400
61,2003,399,-1,196,-1,173
63,2003,778,-1,485,0,267
63,2003,6382,2116,2402,-1,1668
64,2003,701,0,409,0,292
65,2003,0,0,0,0,0
66,2003,0,0,0,0,0
67,2003,704,101,579,0,-1
9,2003,297,-1,-1,0,0
68,2003,407,-1,307,0,-1
69,2003,-1,0,-1,-1,0
0,2004,317671,28050,123656,28879,137086
1,2004,9190,-1,2035,0,6706
2,2004,-1,0,0,0,-1
3,2004,-1,0,-1,0,-1
4,2004,1535,-1,-1,0,1103
5,2004,5573,-1,989,0,4364
6,2004,697,-1,508,0,-1
7,2004,195,0,-1,0,90
8,2004,0,0,0,0,0
9,2004,195,0,-1,0,90
10,2004,88996,9837,31606,13135,34418
11,2004,12106,-1,6666,-1,4590
12,2004,15199,-1,5776,1465,6474
13,2004,12893,-1,3768,2567,5919
14,2004,16711,1649,3358,3718,7984
15,2004,11775,3641,2972,1904,3259
16,2004,-1,-1,-1,-1,-1
17,2004,7283,-1,2437,2146,1999
18,2004,2735,-1,1075,0,1549
19,2004,3590,-1,2261,-1,-1
20,2004,-1,0,-1,0,-1
21,2004,153710,12988,57679,12126,70917
22,2004,8225,0,3205,-1,4411
72,2004,12947,1462,4939,-1,5986
24,2004,6438,-1,2808,-1,2967
25,2004,30951,-1,6810,4110,17092
26,2004,6675,-1,3038,-1,1897
15,2004,4841,-1,-1,-1,3208
27,2004,8687,-1,6495,-1,-1
28,2004,28731,3631,12630,2168,10302
29,2004,2406,-1,0,-1,1571
30,2004,0,0,0,0,0
31,2004,15437,-1,7234,-1,7566
32,2004,5371,0,2366,0,3005
33,2004,9254,741,2929,-1,4984
34,2004,13747,-1,4684,1082,6987
35,2004,-1,0,-1,0,-1
36,2004,18,0,9,0,-1
37,2004,0,0,0,0,0
38,2004,-1,0,-1,0,0
39,2004,1774,-1,435,-1,1176
40,2004,933,-1,-1,0,616
41,2004,-1,0,-1,0,-1
42,2004,295,0,114,-1,-1
43,2004,63463,4630,31537,3586,23710
44,2004,5373,-1,-1,-1,2649
45,2004,11263,-1,6857,-1,3183
46,2004,2008,0,916,0,1092
47,2004,-1,-1,-1,0,-1
48,2004,3790,-1,2017,-1,1464
49,2004,1963,0,1128,-1,-1
50,2004,2615,0,1311,-1,1163
51,2004,270,0,-1,0,-1
52,2004,8963,-1,5575,-1,2815
53,2004,8918,-1,3933,-1,3523
73,2004,568,0,-1,0,-1
55,2004,164,0,-1,-1,114
56,2004,1440,-1,772,185,336
57,2004,119,0,-1,0,-1
58,2004,0,0,0,0,0
59,2004,310,0,-1,0,-1
60,2004,4160,773,1782,-1,1399
61,2004,435,0,255,0,180
63,2004,707,107,449,0,-1
74,2004,6237,818,2970,-1,2065
64,2004,792,0,-1,-1,486
65,2004,0,0,0,0,0
66,2004,0,0,0,0,0
67,2004,267,-1,192,0,61
9,2004,174,-1,99,0,61
68,2004,93,0,93,0,0
69,2004,-1,0,-1,0,0
0,2005,340572,19385,145091,21735,154361
1,2005,7901,-1,4107,0,3719
2,2005,-1,0,-1,0,-1
3,2005,2257,0,1428,0,829
4,2005,-1,0,-1,0,757
5,2005,2948,0,-1,0,1381
6,2005,1001,-1,685,0,-1
7,2005,150,0,-1,0,-1
8,2005,0,0,0,0,0
9,2005,150,0,-1,0,-1
10,2005,102580,6970,38820,8260,48529
11,2005,12744,-1,6337,-1,5725
12,2005,16139,-1,8571,-1,5556
13,2005,13678,-1,3089,1126,9252
14,2005,19867,-1,4843,1326,12291
15,2005,11124,1979,4211,1338,3595
16,2005,10321,-1,3702,-1,5487
17,2005,12326,-1,4576,2200,4496
18,2005,1772,0,785,0,987
19,2005,4113,-1,2407,-1,943
20,2005,-1,0,-1,0,-1
21,2005,166921,8058,68598,10546,79719
22,2005,9459,0,3896,-1,5128
72,2005,11469,-1,5045,-1,4854
24,2005,10365,-1,3157,786,6184
25,2005,28812,-1,4548,-1,19900
26,2005,9828,-1,4057,-1,3954
15,2005,5155,0,1255,-1,3084
27,2005,8516,-1,7009,0,826
28,2005,32192,2169,14441,2229,13354
29,2005,2509,-1,-1,0,-1
30,2005,-1,0,0,0,-1
31,2005,19301,-1,10656,0,8412
32,2005,4690,0,3107,0,1583
33,2005,13173,-1,5434,581,7023
34,2005,11170,-1,4461,1318,4369
35,2005,0,0,0,0,0
36,2005,0,0,0,0,0
37,2005,0,0,0,0,0
38,2005,0,0,0,0,0
39,2005,1501,0,527,-1,946
40,2005,1048,0,372,0,676
41,2005,-1,0,-1,0,-1
42,2005,239,0,-1,-1,120
43,2005,61135,4262,32641,2900,21331
44,2005,2108,0,-1,-1,1713
45,2005,10161,-1,5788,-1,3558
46,2005,1804,0,1158,-1,430
47,2005,3366,-1,-1,-1,-1
48,2005,4454,0,2434,0,2020
49,2005,1605,-1,-1,-1,902
50,2005,3041,-1,1301,-1,1206
51,2005,-1,0,-1,0,-1
52,2005,12781,-1,9741,-1,2616
53,2005,6002,893,2671,-1,-1
73,2005,2234,0,845,-1,-1
55,2005,113,0,-1,0,90
56,2005,1293,-1,915,-1,267
57,2005,-1,0,0,0,-1
58,2005,0,0,0,0,0
59,2005,-1,0,-1,0,-1
60,2005,4405,-1,2366,395,1334
61,2005,529,-1,285,-1,212
63,2005,613,-1,495,0,-1
74,2005,5579,1084,2565,-1,1652
64,2005,513,0,208,0,305
65,2005,-1,0,-1,0,0
66,2005,-1,0,-1,0,0
67,2005,364,-1,308,0,-1
9,2005,149,-1,129,0,-1
68,2005,215,-1,180,0,-1
69,2005,0,0,0,0,0
0,2006,325659,24845,145460,21571,133782
1,2006,7247,-1,2719,0,4337
2,2006,724,0,0,0,724
3,2006,-1,0,-1,0,-1
4,2006,-1,0,-1,0,-1
5,2006,4071,-1,1202,0,2701
6,2006,914,-1,-1,0,295
7,2006,157,0,109,0,-1
8,2006,0,0,0,0,0
9,2006,157,0,109,0,-1
10,2006,92787,9534,34427,9587,39239
11,2006,9961,1399,-1,-1,4146
12,2006,11711,-1,6892,-1,4217
13,2006,10896,-1,2707,-1,6170
14,2006,21467,2504,5957,2570,10436
15,2006,10122,2174,3429,1420,3099
16,2006,9380,0,-1,-1,4164
17,2006,14330,2426,-1,2786,5374
18,2006,1644,-1,695,0,868
19,2006,3217,0,2295,-1,-1
20,2006,-1,0,-1,0,0
21,2006,160531,10934,73841,10261,65494
22,2006,3598,0,2702,0,896
72,2006,5643,-1,2423,0,3046
24,2006,10718,-1,3622,-1,6266
25,2006,30217,2950,7462,-1,17096
26,2006,7986,-1,3900,-1,2221
15,2006,6801,-1,1591,-1,3548
27,2006,7663,-1,7090,0,0
28,2006,22827,2551,9172,1439,9665
29,2006,3240,-1,-1,-1,-1
30,2006,-1,0,-1,0,0
31,2006,16889,-1,11527,-1,4588
32,2006,5655,0,3509,0,2146
33,2006,11399,-1,4908,-1,5744
34,2006,15119,1123,7596,1870,4530
75,2006,7407,0,4999,0,2408
76,2006,3291,-1,1250,-1,1553
77,2006,1685,-1,-1,-1,-1
35,2006,-1,0,0,0,-1
36,2006,-1,0,0,0,-1
37,2006,0,0,0,0,0
38,2006,-1,0,0,0,-1
39,2006,1414,-1,326,0,1003
40,2006,908,-1,-1,0,-1
41,2006,-1,0,0,0,-1
42,2006,-1,0,-1,0,-1
43,2006,63023,4098,33706,1722,23496
44,2006,4143,-1,-1,-1,2893
45,2006,5291,-1,2597,0,2068
46,2006,2136,-1,778,0,1244
47,2006,-1,0,-1,0,-1
48,2006,6137,-1,3609,-1,-1
49,2006,1153,-1,-1,0,-1
50,2006,2199,-1,1357,0,571
51,2006,488,0,257,0,231
52,2006,9832,0,7312,-1,2362
53,2006,10698,-1,5871,-1,4356
73,2006,6023,0,3803,0,2220
55,2006,-1,0,-1,0,-1
56,2006,1470,-1,723,-1,618
57,2006,79,0,-1,0,-1
58,2006,0,0,0,0,0
59,2006,405,0,-1,0,-1
60,2006,5064,635,2348,420,1661
61,2006,515,-1,354,-1,108
63,2006,526,-1,-1,-1,202
74,2006,4516,1304,2123,-1,945
64,2006,1067,0,-1,0,453
65,2006,0,0,0,0,0
66,2006,0,0,0,0,0
67,2006,398,0,332,0,66
9,2006,168,0,139,0,29
68,2006,230,0,193,0,-1
69,2006,0,0,0,0,0
0,2007,376682,23023,163023,27842,162794
1,2007,6665,-1,-1,-1,3021
2,2007,-1,0,0,0,-1
3,2007,-1,0,0,0,-1
4,2007,-1,0,-1,0,0
5,2007,-1,0,-1,-1,2143
6,2007,950,-1,691,0,-1
7,2007,-1,0,-1,0,-1
8,2007,0,0,0,0,0
9,2007,-1,0,-1,0,-1
10,2007,135908,11147,51643,14544,58574
11,2007,10350,0,4424,0,5926
12,2007,18148,-1,8603,-1,7995
13,2007,19253,2244,6228,1863,8918
14,2007,48650,4732,13650,7951,22315
15,2007,8179,-1,4746,-1,1917
16,2007,8630,-1,-1,-1,3084
17,2007,13528,-1,4957,2063,5505
18,2007,3216,0,1330,0,1886
19,2007,5610,-1,3288,713,917
20,2007,-1,0,-1,-1,-1
78,2007,-1,0,-1,0,0
21,2007,180364,8948,80709,10473,80234
22,2007,5676,0,2833,0,2844
72,2007,2954,0,-1,0,2341
24,2007,10587,-1,4039,-1,5860
25,2007,33093,-1,9094,3018,20598
26,2007,11355,-1,3481,-1,5636
15,2007,9145,2103,2642,2192,2207
27,2007,9641,-1,8768,0,-1
28,2007,25280,-1,12045,-1,11738
29,2007,3364,-1,1141,0,-1
30,2007,0,0,0,0,0
31,2007,18179,-1,9445,-1,8306
32,2007,5486,0,4034,0,1453
33,2007,9386,-1,3417,-1,5108
34,2007,17234,1280,10575,-1,4964
77,2007,5439,-1,-1,-1,2590
75,2007,9911,-1,4974,-1,3067
76,2007,3634,-1,2192,0,1261
35,2007,-1,0,-1,0,-1
36,2007,0,0,0,0,0
37,2007,0,0,0,0,0
38,2007,-1,0,-1,0,-1
39,2007,682,0,411,0,271
40,2007,276,0,137,0,140
41,2007,-1,0,-1,0,-1
42,2007,-1,0,-1,0,0
79,2007,-1,0,-1,0,0
80,2007,-1,0,-1,0,63
43,2007,52456,2834,26771,2501,20350
44,2007,2886,-1,-1,0,1650
45,2007,6700,-1,3807,-1,2230
46,2007,1850,-1,1189,0,443
47,2007,-1,0,0,0,-1
48,2007,4642,0,3386,0,1256
49,2007,-1,0,-1,0,-1
50,2007,3876,-1,1641,-1,1889
51,2007,818,0,-1,0,325
52,2007,9320,0,6126,-1,3026
53,2007,5583,-1,1570,-1,2770
73,2007,1976,0,-1,-1,-1
55,2007,-1,-1,-1,0,-1
56,2007,1025,-1,343,-1,435
57,2007,151,0,-1,0,102
58,2007,0,0,0,0,0
59,2007,-1,0,-1,0,-1
60,2007,5237,-1,2600,351,1936
61,2007,453,-1,233,0,203
63,2007,510,-1,278,-1,143
74,2007,3833,-1,1458,652,1388
64,2007,-1,0,-1,0,-1
81,2007,-1,0,-1,0,-1
82,2007,0,0,0,0,0
83,2007,0,0,0,0,0
84,2007,-1,0,-1,0,-1
85,2007,0,0,0,0,0
65,2007,0,0,0,0,0
66,2007,0,0,0,0,0
69,2007,0,0,0,0,0
0,2008,373519,17711,168528,21306,165974
1,2008,7694,-1,3483,-1,3888
2,2008,965,0,-1,0,-1
3,2008,-1,0,-1,0,-1
4,2008,-1,0,-1,0,-1
5,2008,3868,0,-1,-1,2449
6,2008,1212,-1,880,-1,-1
7,2008,-1,0,-1,0,0
8,2008,0,0,0,0,0
9,2008,-1,0,-1,0,0
10,2008,124415,8749,50280,8209,57177
11,2008,13612,-1,6505,-1,6394
12,2008,10674,-1,5407,-1,4277
13,2008,15432,-1,5420,-1,9006
14,2008,38199,3302,11481,4455,18962
15,2008,11718,-1,5538,-1,4565
16,2008,9037,-1,3350,-1,4426
17,2008,15615,-1,6917,-1,6759
18,2008,3030,0,1149,0,1881
19,2008,6843,1495,4259,-1,-1
20,2008,-1,0,-1,0,0
78,2008,0,0,0,0,0
21,2008,185360,5419,85779,10959,83204
22,2008,5473,0,2488,-1,2775
72,2008,3116,0,-1,-1,2360
24,2008,10177,-1,3798,-1,5089
25,2008,28371,0,8231,0,20140
26,2008,13498,-1,5453,1974,4937
15,2008,8763,-1,2392,-1,3925
27,2008,9031,0,8647,0,-1
28,2008,29561,-1,13350,2384,13492
29,2008,2694,0,2694,0,0
30,2008,-1,0,0,0,-1
31,2008,15960,0,7203,-1,8569
32,2008,4063,0,3402,0,-1
33,2008,6260,-1,2742,-1,2434
34,2008,29418,1633,15211,-1,11708
77,2008,7269,0,3559,-1,2593
75,2008,8203,-1,3884,-1,2894
76,2008,3127,-1,2164,0,866
35,2008,-1,0,0,0,-1
36,2008,0,0,0,0,0
37,2008,0,0,0,0,0
38,2008,-1,0,0,0,-1
39,2008,687,0,360,0,327
40,2008,424,0,-1,0,-1
41,2008,-1,0,-1,0,0
42,2008,-1,0,-1,0,-1
79,2008,-1,0,-1,0,0
80,2008,-1,0,-1,0,-1
43,2008,55254,3460,28548,1898,21348
44,2008,2169,0,-1,0,1904
45,2008,4725,-1,1828,0,2679
46,2008,793,-1,-1,0,-1
47,2008,-1,0,0,0,-1
48,2008,4157,0,3608,0,549
49,2008,2758,-1,-1,-1,-1
50,2008,5858,-1,-1,-1,3315
51,2008,478,0,316,0,-1
52,2008,11278,1053,7591,0,2634
53,2008,8705,-1,3193,-1,3222
73,2008,1818,0,-1,0,957
55,2008,-1,0,0,0,-1
56,2008,1152,0,760,0,-1
57,2008,-1,0,-1,-1,-1
58,2008,0,0,0,0,0
59,2008,-1,0,-1,0,-1
60,2008,5080,-1,3036,-1,1696
61,2008,655,-1,345,0,274
63,2008,526,0,495,0,-1
74,2008,3714,-1,1601,-1,1640
64,2008,615,0,-1,0,478
81,2008,-1,0,-1,0,0
82,2008,0,0,0,0,0
83,2008,0,0,0,0,0
84,2008,-1,0,-1,0,0
85,2008,0,0,0,0,0
65,2008,0,0,0,0,0
66,2008,0,0,0,0,0
69,2008,0,0,0,0,0
0,2009,365584,24949,152844,24633,163158
1,2009,4920,0,2323,0,2597
7,2009,-1,0,-1,0,0
10,2009,127716,11610,44296,13908,57902
21,2009,174676,9007,74443,9434,81792
35,2009,-1,0,0,0,-1
39,2009,758,0,412,0,346
43,2009,57431,4331,31313,1291,20496
81,2009,-1,0,-1,0,0
65,2009,0,0,0,0,0
69,2009,0,0,0,0,0
0,2010,385374,24412,168892,24456,167615
1,2010,4229,0,2401,0,1828
2,2010,-1,0,0,0,-1
3,2010,-1,0,0,0,-1
4,2010,-1,0,-1,0,0
5,2010,2154,0,1713,0,-1
6,2010,-1,0,-1,0,-1
7,2010,-1,0,-1,0,0
8,2010,0,0,0,0,0
9,2010,-1,0,-1,0,0
10,2010,120459,14135,41445,13354,51525
11,2010,7183,-1,2844,-1,2778
12,2010,15378,-1,5954,-1,7786
13,2010,7916,-1,2318,-1,4624
14,2010,22702,5147,6230,3318,8006
15,2010,11984,-1,5853,-1,4405
16,2010,13874,-1,-1,-1,5234
17,2010,29265,-1,6791,4522,15717
18,2010,2903,0,1045,0,1858
19,2010,9077,1132,5742,1112,-1
20,2010,-1,0,-1,0,0
78,2010,-1,-1,0,-1,-1
21,2010,181381,8080,82355,8967,81980
22,2010,4026,-1,1989,-1,1339
72,2010,5162,0,1975,-1,2987
24,2010,10373,-1,3540,-1,5917
25,2010,23638,-1,5496,-1,14350
26,2010,9454,-1,4270,-1,3994
15,2010,11028,-1,2692,1986,4889
27,2010,5338,-1,4933,0,0
28,2010,22936,2015,11904,-1,8713
29,2010,-1,0,-1,0,-1
30,2010,-1,0,-1,0,-1
31,2010,29524,-1,17492,-1,11066
32,2010,-1,-1,3038,0,-1
33,2010,7810,0,3496,-1,4113
34,2010,29203,-1,13009,-1,14198
77,2010,3899,0,-1,-1,-1
75,2010,4679,-1,1712,0,2825
76,2010,4328,-1,2655,-1,1474
35,2010,-1,0,-1,0,-1
36,2010,-1,0,-1,0,0
37,2010,0,0,0,0,0
38,2010,-1,0,-1,0,-1
39,2010,2624,0,1499,-1,1036
40,2010,2158,0,1352,-1,717
41,2010,-1,0,-1,0,-1
42,2010,-1,0,-1,0,0
79,2010,-1,0,-1,0,-1
80,2010,0,0,0,0,0
43,2010,75331,2197,39919,2046,31169
44,2010,5373,0,2879,0,2495
45,2010,8367,-1,3672,-1,3759
46,2010,1812,0,602,-1,891
47,2010,7397,-1,-1,0,-1
48,2010,5628,0,3484,-1,1923
49,2010,1216,0,1216,0,0
50,2010,4484,-1,1409,-1,2033
51,2010,450,0,-1,0,-1
52,2010,12646,-1,7662,0,4638
53,2010,11362,0,6576,0,4786
73,2010,2887,0,-1,0,1468
55,2010,154,0,-1,0,-1
56,2010,1469,0,989,-1,359
57,2010,99,0,-1,0,-1
58,2010,0,0,0,0,0
59,2010,414,0,-1,0,-1
60,2010,7444,370,4299,-1,2465
61,2010,608,0,430,0,178
63,2010,826,-1,542,0,237
74,2010,2319,0,-1,0,-1
64,2010,378,0,-1,0,-1
81,2010,0,0,0,0,0
82,2010,0,0,0,0,0
83,2010,0,0,0,0,0
84,2010,0,0,0,0,0
85,2010,0,0,0,0,0
65,2010,0,0,0,0,0
66,2010,-1,0,-1,0,-1
69,2010,0,0,0,0,0
0,2011,368781,25751,151411,24149,167469
1,2011,3752,0,1245,-1,2312
2,2011,-1,0,0,0,-1
3,2011,-1,0,0,-1,-1
4,2011,-1,0,0,0,-1
5,2011,-1,0,874,0,-1
6,2011,693,0,-1,0,-1
7,2011,-1,0,-1,-1,-1
8,2011,0,0,0,0,0
9,2011,-1,0,-1,-1,-1
10,2011,136292,14346,45729,13671,62547
11,2011,10653,0,2708,-1,7512
12,2011,19043,-1,7396,-1,8790
13,2011,10630,-1,2626,1408,5365
14,2011,27855,5058,7757,3176,11864
15,2011,12086,2429,3765,2090,3802
16,2011,15527,-1,7077,0,6823
17,2011,24976,1690,5353,4331,13602
18,2011,4655,-1,2169,-1,2144
19,2011,10867,1123,6879,-1,2645
20,2011,0,0,0,0,0
78,2011,0,0,0,0,0
21,2011,150893,7119,66665,7795,69314
22,2011,5479,-1,2293,-1,2479
72,2011,3828,0,2329,0,1499
24,2011,11100,-1,2926,-1,7168
25,2011,22192,-1,3978,3456,11841
26,2011,8786,-1,3533,-1,3980
15,2011,3739,-1,-1,-1,2097
27,2011,7087,0,7087,0,0
28,2011,21587,-1,10596,1127,8789
29,2011,2948,0,1973,0,975
30,2011,2437,0,-1,0,1485
31,2011,22658,0,12257,-1,9876
32,2011,3037,0,-1,0,-1
33,2011,4290,0,-1,-1,2757
34,2011,16233,-1,7078,0,8373
77,2011,-1,0,-1,0,-1
75,2011,4584,-1,1830,0,2443
76,2011,3426,-1,1660,-1,1482
35,2011,-1,0,-1,-1,-1
36,2011,-1,0,-1,-1,-1
37,2011,-1,0,-1,-1,-1
38,2011,-1,0,-1,0,0
39,2011,1774,0,1019,0,755
40,2011,1604,0,998,0,605
41,2011,-1,0,0,0,-1
42,2011,-1,0,0,0,-1
80,2011,-1,0,-1,0,-1
43,2011,74131,4286,36052,1963,31830
44,2011,3698,-1,-1,-1,-1
45,2011,8746,0,4759,-1,3729
46,2011,1170,-1,-1,-1,-1
47,2011,-1,-1,-1,0,-1
48,2011,3937,-1,2362,0,1407
49,2011,2033,-1,1824,0,0
50,2011,5501,-1,1451,-1,-1
51,2011,715,0,425,0,-1
52,2011,11620,744,7878,-1,2842
53,2011,12834,-1,5998,0,6529
73,2011,1993,0,910,0,1083
55,2011,-1,-1,114,0,0
56,2011,-1,0,806,0,-1
57,2011,63,0,-1,0,-1
58,2011,-1,0,-1,0,0
59,2011,-1,0,-1,0,-1
60,2011,6778,-1,3371,541,2231
61,2011,518,0,304,0,214
63,2011,751,-1,272,0,339
74,2011,1585,-1,-1,-1,817
64,2011,-1,0,-1,0,-1
81,2011,-1,0,-1,0,0
82,2011,0,0,0,0,0
83,2011,0,0,0,0,0
84,2011,-1,0,-1,0,0
85,2011,0,0,0,0,0
65,2011,0,0,0,0,0
66,2011,0,0,0,0,0
69,2011,0,0,0,0,0
0,2012,350026,23681,147138,24247,154960
1,2012,4690,0,1664,0,3026
2,2012,-1,0,0,0,-1
3,2012,-1,0,-1,0,-1
4,2012,-1,0,0,0,-1
5,2012,1707,0,-1,0,1017
6,2012,886,0,748,0,-1
7,2012,-1,0,-1,-1,-1
8,2012,-1,0,-1,0,-1
9,2012,-1,0,-1,-1,-1
10,2012,134168,14992,44572,14333,60272
11,2012,9695,-1,3913,-1,4483
12,2012,17182,-1,-1,2295,5603
13,2012,12587,2190,3351,-1,5860
14,2012,29229,-1,6193,5743,14175
15,2012,12912,-1,4735,-1,6037
16,2012,-1,-1,-1,-1,-1
17,2012,22968,-1,4302,-1,14172
18,2012,2942,0,1465,0,1478
19,2012,12414,2117,7485,0,2812
20,2012,0,0,0,0,0
78,2012,0,0,0,0,0
21,2012,152345,7573,69434,8418,66920
22,2012,3955,-1,1532,0,2234
72,2012,4551,0,2281,0,2270
24,2012,16550,-1,3365,-1,11825
25,2012,17190,-1,3566,-1,10647
26,2012,8245,-1,3112,-1,3398
15,2012,3919,-1,-1,-1,1565
27,2012,7039,0,7039,0,0
28,2012,27273,1784,14115,2324,9050
29,2012,4263,-1,2410,0,1687
30,2012,-1,0,0,0,-1
31,2012,23251,-1,13879,-1,8856
32,2012,-1,0,-1,0,-1
33,2012,7170,-1,-1,-1,3778
34,2012,12541,-1,5300,-1,5766
77,2012,3267,0,2807,0,-1
75,2012,4822,-1,2849,0,1843
76,2012,3951,-1,2385,0,1470
35,2012,-1,0,-1,0,-1
36,2012,0,0,0,0,0
37,2012,0,0,0,0,0
38,2012,-1,0,-1,0,-1
39,2012,2532,-1,1524,0,916
40,2012,2375,-1,-1,0,865
41,2012,-1,0,-1,0,0
42,2012,-1,0,-1,0,-1
80,2012,0,0,0,0,0
43,2012,54212,1025,29097,1430,22660
44,2012,3614,0,-1,0,1477
45,2012,5319,0,-1,0,3019
46,2012,2093,0,983,-1,968
47,2012,-1,0,-1,0,-1
48,2012,4259,0,2920,0,-1
49,2012,-1,-1,-1,-1,-1
50,2012,5678,-1,2780,-1,2509
51,2012,1024,0,841,0,-1
52,2012,8853,0,5835,-1,2844
53,2012,8387,0,3482,-1,4619
73,2012,-1,0,-1,0,-1
55,2012,-1,0,-1,0,-1
60,2012,5704,358,2740,-1,2462
61,2012,627,-1,449,0,-1
63,2012,446,0,399,0,-1
74,2012,2439,0,1478,-1,-1
64,2012,550,-1,-1,0,367
86,2012,873,-1,619,-1,-1
81,2012,-1,0,-1,0,0
82,2012,0,0,0,0,0
83,2012,0,0,0,0,0
84,2012,-1,0,-1,0,0
85,2012,0,0,0,0,0
65,2012,-1,0,-1,0,0
66,2012,-1,0,-1,0,0
69,2012,0,0,0,0,0
0,2013,356087,28752,158039,24722,144574
1,2013,5895,0,2856,0,3039
2,2013,1770,0,0,0,1770
3,2013,-1,0,-1,0,0
4,2013,-1,0,-1,0,-1
5,2013,-1,0,-1,0,-1
6,2013,1181,0,703,0,478
7,2013,-1,0,0,0,-1
8,2013,0,0,0,0,0
9,2013,-1,0,0,0,-1
10,2013,129832,17395,46598,14957,50881
11,2013,6493,-1,2919,-1,2039
12,2013,11483,-1,-1,-1,4749
13,2013,8650,-1,2377,1174,3919
14,2013,28554,3924,9084,-1,11579
15,2013,9376,-1,3639,0,5401
16,2013,15754,1744,7300,-1,4702
17,2013,28086,3625,5286,4740,14435
18,2013,4047,0,1625,0,2422
19,2013,17090,4798,9366,-1,-1
20,2013,-1,0,-1,-1,-1
78,2013,0,0,0,0,0
21,2013,151110,9163,67992,7440,66515
22,2013,3601,-1,2513,0,846
72,2013,4019,0,1236,0,2783
24,2013,11463,-1,2735,1106,6652
25,2013,22664,-1,5413,-1,14624
26,2013,9502,-1,5082,-1,3457
15,2013,3254,0,-1,-1,-1
27,2013,7118,-1,5932,0,-1
28,2013,29188,-1,15888,-1,9909
29,2013,2083,0,-1,0,-1
30,2013,-1,0,0,0,-1
31,2013,15271,-1,7716,-1,5924
32,2013,2816,-1,2014,0,-1
33,2013,6899,-1,2987,-1,3127
34,2013,17067,-1,6340,-1,8186
77,2013,4977,-1,-1,-1,-1
75,2013,6482,0,3446,-1,2858
76,2013,3599,0,1581,0,2018
35,2013,-1,0,-1,0,0
36,2013,0,0,0,0,0
37,2013,-1,0,-1,0,0
38,2013,0,0,0,0,0
39,2013,1131,-1,578,0,446
40,2013,1043,-1,528,0,408
41,2013,0,0,0,0,0
42,2013,-1,0,-1,0,-1
80,2013,-1,0,-1,0,0
43,2013,67840,2086,39958,2324,23472
44,2013,4570,-1,-1,0,1412
45,2013,6246,-1,-1,-1,2631
46,2013,1383,0,-1,-1,-1
47,2013,-1,0,-1,0,-1
48,2013,3758,0,2954,0,804
49,2013,-1,0,-1,-1,-1
50,2013,5784,-1,3122,-1,2077
51,2013,1152,0,624,0,-1
52,2013,10953,-1,7573,-1,2491
53,2013,11380,-1,5967,-1,4586
73,2013,1299,0,610,0,689
55,2013,-1,0,-1,0,-1
60,2013,6624,333,3702,-1,2456
61,2013,655,-1,425,0,194
63,2013,594,0,268,0,327
74,2013,2576,0,1530,-1,-1
64,2013,-1,0,0,0,-1
86,2013,1523,0,1260,0,-1
81,2013,-1,0,0,0,-1
82,2013,0,0,0,0,0
83,2013,0,0,0,0,0
84,2013,-1,0,0,0,-1
85,2013,0,0,0,0,0
65,2013,0,0,0,0,0
66,2013,0,0,0,0,0
69,2013,0,0,0,0,0
0,2014,400329,29670,161286,26556,182817
1,2014,5754,-1,2644,-1,2540
2,2014,-1,0,-1,0,0
3,2014,1035,0,-1,0,-1
4,2014,1913,-1,-1,-1,1146
5,2014,1407,0,-1,-1,-1
6,2014,1059,0,634,0,-1
7,2014,-1,0,-1,0,0
8,2014,0,0,0,0,0
9,2014,-1,0,-1,0,0
10,2014,157213,17954,55885,16743,66631
11,2014,13043,-1,6339,-1,5768
12,2014,16474,-1,-1,0,8001
13,2014,11821,-1,4736,-1,4853
14,2014,30071,-1,6265,6818,14388
15,2014,13280,1319,5657,-1,3719
16,2014,18743,-1,8245,-1,7530
17,2014,33107,-1,7969,3678,18035
18,2014,2807,-1,-1,0,2240
19,2014,17528,4836,9826,-1,1984
20,2014,-1,0,-1,0,-1
78,2014,27,0,-1,-1,-1
21,2014,156331,7515,63408,6339,79070
22,2014,4771,0,1963,0,2808
72,2014,4716,0,1890,0,2827
24,2014,15810,-1,3759,-1,10920
25,2014,20011,-1,3610,-1,13832
26,2014,11994,-1,5999,0,5114
15,2014,5889,-1,-1,-1,2793
27,2014,10050,-1,8453,-1,-1
28,2014,20337,-1,7030,0,11698
29,2014,3340,0,1706,-1,-1
30,2014,-1,0,0,0,-1
31,2014,18152,-1,11211,-1,6443
32,2014,1750,0,1389,0,-1
33,2014,6164,-1,2183,0,3441
34,2014,15710,-1,4893,-1,9635
77,2014,6304,-1,3704,-1,-1
75,2014,7553,-1,3627,-1,3225
76,2014,3465,-1,1159,-1,2008
35,2014,-1,0,-1,0,-1
36,2014,0,0,0,0,0
37,2014,-1,0,0,0,-1
38,2014,-1,0,-1,0,0
39,2014,1936,0,1384,0,-1
40,2014,1745,0,1222,0,-1
41,2014,0,0,0,0,0
42,2014,-1,0,-1,0,-1
80,2014,-1,0,-1,0,0
43,2014,78334,4012,37348,3095,33879
44,2014,4206,-1,-1,-1,1800
45,2014,4505,-1,1681,-1,-1
46,2014,760,0,-1,0,-1
47,2014,-1,0,-1,0,-1
48,2014,2765,0,2249,0,-1
49,2014,-1,-1,-1,-1,0
50,2014,15190,-1,6100,-1,7027
51,2014,975,0,734,-1,-1
52,2014,11860,0,8584,-1,2950
53,2014,15115,1859,6742,0,6514
73,2014,1012,0,-1,0,-1
55,2014,-1,0,-1,-1,-1
60,2014,4869,-1,2653,-1,1878
61,2014,586,0,478,0,108
63,2014,896,0,567,0,-1
74,2014,2321,-1,-1,-1,692
64,2014,-1,0,-1,0,-1
86,2014,-1,-1,-1,0,-1
81,2014,-1,0,0,0,-1
82,2014,0,0,0,0,0
83,2014,0,0,0,0,0
84,2014,-1,0,0,0,-1
85,2014,0,0,0,0,0
65,2014,0,0,0,0,0
66,2014,0,0,0,0,0
69,2014,-1,0,-1,0,0
0,2015,405950,26059,169576,28404,181910
1,2015,7536,-1,-1,-1,3748
2,2015,-1,0,0,0,-1
3,2015,1338,0,-1,0,1084
4,2015,-1,0,-1,0,-1
5,2015,-1,0,-1,0,-1
6,2015,-1,-1,-1,-1,532
7,2015,-1,0,-1,0,-1
8,2015,0,0,0,0,0
9,2015,-1,0,-1,0,-1
10,2015,177544,18501,59018,19033,80992
11,2015,7178,-1,4315,0,2340
12,2015,15601,-1,5910,-1,8154
13,2015,12324,-1,4324,-1,5796
14,2015,39567,3810,13317,5493,16947
15,2015,12891,-1,4405,-1,6358
16,2015,20908,5514,7002,-1,6743
17,2015,43768,-1,5687,-1,27748
18,2015,2975,0,1731,0,1243
19,2015,22334,3289,12329,-1,5664
20,2015,0,0,0,0,0
78,2015,0,0,0,0,0
21,2015,152178,5704,68980,7024,70470
22,2015,3697,-1,1534,-1,1745
72,2015,4688,0,1404,0,3284
24,2015,13930,-1,5378,-1,7617
25,2015,17644,-1,4124,-1,11126
26,2015,11720,-1,5248,-1,4847
15,2015,5301,-1,-1,-1,2245
27,2015,7153,0,7153,0,0
28,2015,24605,-1,9662,-1,11962
29,2015,-1,0,-1,0,-1
30,2015,-1,0,0,0,-1
31,2015,17272,0,11037,-1,5636
32,2015,2102,-1,1217,0,-1
33,2015,8909,-1,4623,0,4023
34,2015,16291,-1,8852,-1,6573
77,2015,7094,0,-1,-1,4482
75,2015,6937,-1,3805,-1,2818
76,2015,2755,0,974,-1,1598
35,2015,-1,0,0,0,-1
36,2015,0,0,0,0,0
37,2015,0,0,0,0,0
38,2015,-1,0,0,0,-1
39,2015,1989,-1,-1,0,944
40,2015,1932,-1,-1,0,887
41,2015,0,0,0,0,0
42,2015,-1,0,0,0,-1
80,2015,-1,0,0,0,-1
43,2015,65890,1635,36691,2284,25280
44,2015,-1,-1,-1,-1,-1
45,2015,5755,-1,2884,-1,2288
46,2015,1055,-1,-1,0,535
47,2015,-1,0,-1,0,2775
48,2015,3606,0,2191,-1,1179
49,2015,-1,0,-1,-1,-1
50,2015,5110,0,1773,-1,3013
51,2015,980,0,-1,0,-1
52,2015,11485,-1,8319,0,2956
53,2015,13513,-1,7700,-1,4974
73,2015,1117,0,-1,-1,738
55,2015,-1,0,-1,0,0
60,2015,6354,261,3344,-1,2538
61,2015,758,-1,441,0,285
63,2015,1776,0,747,-1,978
74,2015,1541,0,-1,0,-1
64,2015,-1,-1,0,0,-1
86,2015,1766,-1,-1,0,-1
81,2015,-1,0,-1,0,0
82,2015,0,0,0,0,0
83,2015,0,0,0,0,0
84,2015,-1,0,-1,0,-1
85,2015,0,0,0,0,0
65,2015,0,0,0,0,0
66,2015,0,0,0,0,0
69,2015,0,0,0,0,0
0,2016,409877,26199,172725,31448,179504
1,2016,7634,-1,4079,-1,3182
2,2016,2144,0,-1,0,-1
3,2016,-1,0,0,0,-1
4,2016,883,0,-1,0,-1
5,2016,-1,-1,-1,0,837
6,2016,1369,-1,1008,-1,-1
7,2016,-1,0,-1,0,-1
8,2016,0,0,0,0,0
9,2016,-1,0,-1,0,-1
10,2016,185186,16429,65046,22555,81156
11,2016,18389,-1,8684,-1,7280
12,2016,19921,2865,5204,-1,10666
13,2016,12736,-1,3164,-1,6829
14,2016,34625,-1,12749,6010,13695
15,2016,11647,-1,5471,-1,3347
16,2016,23999,-1,12206,2641,7403
17,2016,44602,-1,10832,-1,26778
18,2016,2438,0,797,-1,1516
19,2016,16667,5635,5940,-1,3482
20,2016,-1,0,0,0,-1
78,2016,0,0,0,0,0
21,2016,140114,5653,66190,5708,62562
22,2016,3364,0,-1,-1,804
72,2016,6433,0,1768,0,4664
24,2016,14978,-1,6616,859,6380
25,2016,18024,-1,6316,-1,10385
26,2016,7950,-1,3205,0,4057
15,2016,6827,-1,-1,2055,3250
27,2016,5680,0,5461,0,-1
28,2016,28658,-1,15450,-1,12095
29,2016,-1,0,-1,0,-1
30,2016,-1,0,0,0,-1
31,2016,15706,-1,9694,-1,5538
32,2016,-1,-1,-1,0,-1
33,2016,5444,0,1832,-1,3348
34,2016,7965,-1,3103,-1,3403
77,2016,4486,0,2824,0,-1
75,2016,6479,-1,3829,0,2415
76,2016,2128,-1,931,-1,925
35,2016,0,0,0,0,0
36,2016,0,0,0,0,0
37,2016,0,0,0,0,0
38,2016,0,0,0,0,0
39,2016,1783,0,765,0,1018
40,2016,1641,0,697,0,945
41,2016,0,0,0,0,0
42,2016,-1,0,-1,0,-1
80,2016,0,0,0,0,0
43,2016,74176,3802,36021,3128,-1
44,2016,4383,0,-1,-1,2474
45,2016,6269,-1,2747,-1,2744
46,2016,2079,-1,-1,-1,1340
47,2016,-1,0,-1,-1,-1
48,2016,3689,0,1430,-1,2037
49,2016,-1,0,-1,0,0
50,2016,5595,-1,2635,-1,2333
51,2016,2550,0,953,-1,-1
52,2016,10870,1400,7144,0,2326
53,2016,15244,-1,9042,0,5234
73,2016,2328,0,972,0,1357
55,2016,289,0,-1,0,219
60,2016,5413,359,2687,-1,2174
61,2016,771,-1,352,-1,318
63,2016,767,0,446,-1,-1
74,2016,2040,-1,-1,-1,-1
64,2016,-1,0,0,-1,-1
86,2016,-1,-1,-1,-1,-1
81,2016,-1,0,-1,0,-1
82,2016,0,0,0,0,0
83,2016,0,0,0,0,0
84,2016,-1,0,-1,0,-1
85,2016,0,0,0,0,0
65,2016,0,0,0,0,0
66,2016,0,0,0,0,0
69,2016,0,0,0,0,0
0,2017,461665,27033,216906,27134,190592
1,2017,11308,-1,6464,-1,3621
7,2017,0,0,0,0,0
10,2017,220940,16628,95409,20598,88305
21,2017,134898,3143,65167,3426,63162
35,2017,0,0,0,0,0
39,2017,2542,0,-1,0,-1
43,2017,91461,6760,48840,-1,33472
81,2017,-1,0,-1,0,0
65,2017,0,0,0,0,0
69,2017,-1,0,-1,0,0
0,2018,370552,15787,164334,16861,173570
1,2018,12026,-1,7448,0,4099
7,2018,-1,0,-1,0,0
10,2018,155195,13880,54218,8172,78925
21,2018,139439,-1,69398,-1,64395
35,2018,0,0,0,0,0
39,2018,1522,0,-1,0,-1
43,2018,61255,-1,31960,3441,24824
81,2018,-1,0,-1,0,321
65,2018,0,0,0,0,0
69,2018,0,0,0,0,0
0,2019,357603,19732,163650,18380,155841
1,2019,8078,0,6093,0,1985
2,2019,-1,0,-1,0,-1
3,2019,-1,0,-1,0,-1
4,2019,0,0,0,0,0
5,2019,3808,0,3615,0,-1
6,2019,-1,0,-1,0,-1
87,2019,-1,0,-1,0,-1
7,2019,-1,0,0,0,-1
8,2019,0,0,0,0,0
88,2019,-1,0,0,0,-1
9,2019,0,0,0,0,0
89,2019,0,0,0,0,0
90,2019,0,0,0,0,0
10,2019,184657,12671,78928,11843,81215
11,2019,10768,-1,5799,-1,4155
12,2019,24147,-1,5612,-1,14893
13,2019,15962,0,3669,3034,9258
14,2019,21795,-1,13903,-1,7114
15,2019,5548,-1,-1,-1,-1
16,2019,21449,-1,-1,0,5650
17,2019,57635,5415,20365,-1,29039
18,2019,1926,0,848,0,-1
19,2019,18325,-1,11122,-1,4142
20,2019,-1,0,0,0,-1
91,2019,6844,-1,2409,0,3787
111,2019,-1,0,-1,0,0
21,2019,108356,-1,47469,-1,55048
22,2019,-1,0,-1,0,-1
72,2019,4030,0,1644,0,2385
93,2019,4815,0,3118,-1,1381
25,2019,22291,-1,6154,-1,12248
26,2019,7143,-1,-1,0,-1
15,2019,-1,0,0,0,-1
94,2019,4516,0,4516,0,0
28,2019,28275,0,8399,0,19876
29,2019,-1,0,0,0,-1
30,2019,0,0,0,0,0
31,2019,12801,0,10340,0,2461
32,2019,-1,0,-1,0,-1
33,2019,4845,0,-1,-1,2417
34,2019,-1,0,-1,0,-1
95,2019,-1,0,0,0,-1
71,2019,3893,0,-1,0,-1
96,2019,-1,0,-1,0,-1
97,2019,0,0,0,0,0
76,2019,2896,-1,-1,-1,-1
98,2019,568,0,-1,0,-1
35,2019,529,0,398,0,131
99,2019,0,0,0,0,0
100,2019,-1,0,-1,0,0
101,2019,0,0,0,0,0
102,2019,0,0,0,0,0
103,2019,0,0,0,0,0
104,2019,261,0,131,0,131
105,2019,0,0,0,0,0
106,2019,0,0,0,0,0
38,2019,0,0,0,0,0
107,2019,0,0,0,0,0
108,2019,0,0,0,0,0
39,2019,2705,0,1593,-1,-1
40,2019,0,0,0,0,0
41,2019,2670,0,1575,-1,-1
42,2019,0,0,0,0,0
80,2019,-1,0,-1,0,-1
43,2019,52679,4222,28996,3320,16141
44,2019,2988,-1,-1,-1,-1
45,2019,4605,-1,3466,0,-1
46,2019,-1,0,-1,0,-1
47,2019,-1,0,0,-1,-1
48,2019,1970,-1,1192,0,-1
49,2019,-1,-1,-1,-1,-1
50,2019,2591,0,1047,-1,1375
51,2019,-1,0,-1,0,-1
52,2019,11066,-1,5536,0,4519
53,2019,11773,-1,6169,-1,3835
73,2019,-1,-1,-1,-1,-1
55,2019,-1,0,-1,0,-1
86,2019,-1,0,-1,0,0
64,2019,0,0,0,0,0
60,2019,4155,-1,2919,-1,881
61,2019,335,0,162,0,173
63,2019,-1,0,-1,0,-1
109,2019,-1,0,-1,0,-1
81,2019,-1,-1,-1,0,-1
82,2019,0,0,0,0,0
83,2019,0,0,0,0,0
84,2019,-1,-1,-1,0,-1
85,2019,0,0,0,0,0
65,2019,0,0,0,0,0
65,2019,0,0,0,0,0
69,2019,0,0,0,0,0
69,2019,0,0,0,0,0
0,2020,382784,15081,176777,19617,171309
1,2020,8078,-1,6093,-1,1985
2,2020,0,-1,0,-1,0
3,2020,0,-1,0,-1,0
4,2020,-1,-1,-1,-1,-1
5,2020,3808,-1,3615,-1,0
6,2020,0,-1,0,-1,0
110,2020,0,-1,0,-1,0
7,2020,0,-1,0,-1,-1
8,2020,-1,-1,-1,-1,-1
88,2020,-1,-1,-1,-1,-1
9,2020,0,-1,0,-1,-1
89,2020,-1,-1,-1,-1,-1
90,2020,-1,-1,-1,-1,-1
10,2020,199847,11321,86380,10337,91809
11,2020,8556,0,0,0,4837
12,2020,24723,-1,0,0,14077
13,2020,16326,0,3541,2105,10340
14,2020,30134,0,15399,0,12570
15,2020,8743,-1,0,0,3603
16,2020,26828,0,18292,-1,6404
17,2020,52568,0,17033,4137,27975
18,2020,2645,-1,1017,-1,0
19,2020,20517,0,12394,0,4166
20,2020,-1,-1,-1,-1,-1
91,2020,8619,-1,0,0,6078
111,2020,0,-1,0,-1,0
21,2020,120161,0,54111,6799,56933
22,2020,0,-1,0,-1,-1
112,2020,4528,-1,2382,-1,2147
93,2020,4919,-1,0,0,1799
25,2020,21395,-1,5237,0,14254
26,2020,11210,0,4266,0,4627
15,2020,0,0,-1,0,0
27,2020,4762,-1,4378,-1,0
28,2020,38872,-1,12699,0,0
29,2020,-1,-1,-1,-1,-1
30,2020,-1,-1,-1,-1,-1
31,2020,5062,-1,2934,0,0
32,2020,0,-1,0,-1,-1
33,2020,4029,-1,2480,-1,1549
34,2020,0,-1,2670,-1,0
71,2020,0,-1,0,-1,0
77,2020,0,-1,0,-1,0
97,2020,0,-1,0,-1,-1
76,2020,2903,0,1676,-1,0
98,2020,1393,-1,550,-1,842
113,2020,3647,-1,0,-1,0
35,2020,553,0,0,0,0
99,2020,-1,-1,-1,-1,-1
100,2020,-1,-1,-1,-1,-1
101,2020,-1,-1,-1,-1,-1
102,2020,0,0,-1,0,0
103,2020,0,-1,0,-1,-1
104,2020,-1,-1,-1,-1,-1
105,2020,-1,-1,-1,-1,-1
106,2020,0,-1,0,-1,-1
38,2020,-1,-1,-1,-1,-1
107,2020,-1,-1,-1,-1,-1
108,2020,0,-1,0,-1,0
39,2020,3457,-1,1938,0,1240
41,2020,-1,-1,-1,-1,-1
40,2020,3421,-1,1920,0,1222
42,2020,-1,-1,-1,-1,-1
80,2020,0,-1,0,-1,0
43,2020,45489,1293,23485,2117,18594
44,2020,3942,-1,0,0,1808
45,2020,3245,-1,1707,-1,0
46,2020,-1,-1,-1,-1,-1
48,2020,3160,-1,2337,0,0
49,2020,0,-1,0,-1,-1
50,2020,2046,-1,1294,-1,752
51,2020,0,-1,0,-1,0
52,2020,9178,0,4066,-1,4145
53,2020,8632,-1,0,0,5215
73,2020,0,0,0,0,0
55,2020,0,-1,0,-1,0
86,2020,0,-1,0,-1,0
64,2020,-1,-1,-1,-1,-1
60,2020,2692,0,1209,-1,1373
61,2020,432,-1,0,-1,338
63,2020,0,-1,0,0,0
109,2020,2480,-1,2130,-1,0
47,2020,0,-1,0,-1,-1
81,2020,0,0,0,-1,0
82,2020,0,-1,0,-1,0
83,2020,-1,-1,-1,-1,-1
84,2020,0,0,0,-1,0
85,2020,-1,-1,-1,-1,-1
65,2020,-1,-1,-1,-1,-1
69,2020,-1,-1,-1,-1,-1
