id,year,poultry_afflicted,poultry_treated,poultry_death_disease,poultry_death_other,poultry_vac_total,total_deaths,
0,2004,7197,-1,-1,-1,-1,0
1,2004,-1,0,-1,-1,0,0
2,2004,-1,0,-1,0,0,0
3,2004,0,0,0,0,0,0
4,2004,0,0,0,0,0,0
5,2004,-1,0,0,-1,0,0
6,2004,0,0,0,0,0,0
7,2004,0,0,0,0,0,0
8,2004,0,0,0,0,0,0
9,2004,0,0,0,0,0,0
10,2004,5066,-1,-1,0,0,0
11,2004,0,0,0,0,0,0
12,2004,0,0,0,0,0,0
13,2004,0,0,0,0,0,0
14,2004,4258,0,-1,0,0,0
15,2004,0,0,0,0,0,0
16,2004,0,0,0,0,0,0
17,2004,-1,0,-1,0,0,0
18,2004,0,0,0,0,0,0
19,2004,0,0,0,0,0,0
20,2004,-1,-1,0,0,0,0
21,2004,0,-1,0,0,0,0
22,2004,0,0,0,0,0,0
72,2004,0,0,0,0,0,0
24,2004,0,0,0,0,0,0
25,2004,0,-1,0,0,0,0
26,2004,0,0,0,0,0,0
15,2004,0,0,0,0,0,0
27,2004,0,0,0,0,0,0
28,2004,0,0,0,0,0,0
29,2004,0,0,0,0,0,0
30,2004,0,0,0,0,0,0
31,2004,0,0,0,0,0,0
32,2004,0,0,0,0,0,0
33,2004,0,0,0,0,0,0
34,2004,0,0,0,0,0,0
35,2004,-1,-1,-1,-1,-1,0
36,2004,-1,0,-1,0,0,0
37,2004,0,0,0,0,0,0
38,2004,-1,-1,-1,-1,-1,0
39,2004,0,0,0,0,0,0
40,2004,0,0,0,0,0,0
41,2004,0,0,0,0,0,0
42,2004,0,0,0,0,0,0
43,2004,0,0,0,0,0,0
44,2004,0,0,0,0,0,0
45,2004,0,0,0,0,0,0
46,2004,0,0,0,0,0,0
47,2004,0,0,0,0,0,0
48,2004,0,0,0,0,0,0
49,2004,0,0,0,0,0,0
50,2004,0,0,0,0,0,0
51,2004,0,0,0,0,0,0
52,2004,0,0,0,0,0,0
53,2004,0,0,0,0,0,0
73,2004,0,0,0,0,0,0
55,2004,0,0,0,0,0,0
56,2004,0,0,0,0,0,0
57,2004,0,0,0,0,0,0
58,2004,0,0,0,0,0,0
59,2004,0,0,0,0,0,0
60,2004,0,0,0,0,0,0
61,2004,0,0,0,0,0,0
63,2004,0,0,0,0,0,0
74,2004,0,0,0,0,0,0
64,2004,0,0,0,0,0,0
65,2004,0,0,0,-1,0,0
66,2004,0,0,0,-1,0,0
67,2004,0,0,0,0,0,0
9,2004,0,0,0,0,0,0
68,2004,0,0,0,0,0,0
69,2004,0,0,0,0,0,0
0,2005,13107263,403606,14801377,11286227,0,26087604
1,2005,1391479,50940,1739735,785065,0,2524800
2,2005,571570,19137,655559,247429,0,902988
3,2005,376485,9690,408563,183571,0,592134
4,2005,68484,-1,174158,106126,0,280284
5,2005,59009,3365,95424,158394,0,253818
6,2005,315931,-1,406030,89545,0,495575
7,2005,15012,-1,18029,8431,0,26460
8,2005,-1,0,-1,0,0,-1
9,2005,15000,-1,18000,8431,0,26431
10,2005,3709457,68507,3616409,3228325,0,6844734
11,2005,1499409,14278,1357166,597334,0,1954499
12,2005,353340,-1,402688,552122,0,954810
13,2005,202955,0,177116,228642,0,405758
14,2005,98813,-1,127715,336151,0,463866
15,2005,429264,-1,430377,337041,0,767418
16,2005,135121,-1,158207,142874,0,301081
17,2005,674203,14751,647887,593798,0,1241686
18,2005,33258,-1,32060,123394,0,155454
19,2005,243289,-1,235960,204008,0,439968
20,2005,39808,-1,47233,112962,0,160194
21,2005,4872884,200413,6294945,4271140,0,10566086
22,2005,624739,40354,953225,589393,0,1542617
72,2005,379459,35071,609974,235954,0,845927
24,2005,383411,0,353993,424060,0,778053
25,2005,589079,-1,667286,497577,0,1164863
26,2005,694823,12728,797094,194265,0,991359
15,2005,281723,15698,374147,90569,0,464716
27,2005,354612,-1,446729,213313,0,660042
28,2005,459144,31555,648792,531055,0,1179846
29,2005,187678,-1,293379,450428,0,743807
30,2005,235353,-1,284645,440979,0,725623
31,2005,211402,-1,257314,247482,0,504796
32,2005,113440,18808,99015,138178,0,237193
33,2005,297744,17892,375227,88601,0,463827
34,2005,60278,-1,134126,129288,0,263415
35,2005,5402,252,6172,13046,0,19218
36,2005,1344,186,1281,1473,0,2753
37,2005,-1,0,-1,-1,0,7037
38,2005,2932,-1,3279,6149,0,9428
39,2005,777189,9278,751582,262446,0,1014028
40,2005,208539,5125,211331,141569,0,352900
41,2005,503921,-1,472504,77909,0,550414
42,2005,64729,-1,67746,42968,0,110714
43,2005,2301126,71754,2337851,2682558,0,5020409
44,2005,127774,-1,133765,133793,0,267559
45,2005,297685,-1,292444,258186,0,550630
46,2005,62349,-1,60319,136079,0,196398
47,2005,221846,-1,200846,289243,0,490089
48,2005,84741,-1,116444,82183,0,198627
49,2005,134941,-1,145818,117383,0,263201
50,2005,114946,-1,151367,129828,0,281195
51,2005,95806,-1,95023,88123,0,183146
52,2005,345358,-1,327744,473943,0,801686
53,2005,157094,-1,163980,239544,0,403524
73,2005,281168,-1,268716,314822,0,583538
55,2005,8562,1380,8785,8585,0,17370
56,2005,18001,0,15712,27737,0,43449
57,2005,15075,-1,14637,7235,0,21872
58,2005,43594,-1,44377,41370,0,85746
59,2005,23482,-1,23111,22551,0,45662
60,2005,48087,-1,37158,54158,0,91316
61,2005,12002,0,10262,23052,0,33315
63,2005,19277,-1,21213,30036,0,51248
74,2005,131233,-1,154615,173734,0,328349
64,2005,58101,-1,51516,30972,0,82488
65,2005,6384,-1,6297,14391,0,20688
66,2005,6384,-1,6297,14391,0,20688
67,2005,14730,1345,15628,4089,0,19716
9,2005,11150,1022,10625,3139,0,13764
68,2005,3580,-1,5003,950,0,5952
69,2005,13600,-1,14729,16735,0,31464
0,2006,14972236,432491,16708276,15800425,0,32508700
1,2006,1535300,47794,1927288,1357238,0,3284526
2,2006,545321,30273,723297,334464,0,1057761
3,2006,376387,-1,426935,390232,0,817167
4,2006,73437,4224,153944,138027,0,291971
5,2006,125913,4432,230990,287809,0,518800
6,2006,414243,-1,392122,206705,0,598827
7,2006,13597,-1,12477,10265,0,22742
8,2006,-1,0,-1,-1,0,-1
9,2006,13466,-1,12461,10009,0,22470
10,2006,4967630,100675,5189684,4568846,0,9758530
11,2006,2120280,-1,2107245,904506,0,3011751
12,2006,522150,-1,586644,781842,0,1368487
13,2006,176814,-1,201881,396631,0,598512
14,2006,184868,-1,220164,432829,0,652993
15,2006,633466,20032,623525,523928,0,1147453
16,2006,153501,-1,217136,204409,0,421544
17,2006,672909,-1,713626,813895,0,1527521
18,2006,52957,-1,56116,174871,0,230987
19,2006,415790,24292,422159,213807,0,635966
20,2006,34896,-1,41188,122128,0,163316
21,2006,5223490,243268,6286273,5395500,0,11681772
22,2006,346015,11033,414729,367266,0,781995
72,2006,139674,27787,233523,173754,0,407277
24,2006,358808,8337,378007,371039,0,749046
25,2006,589264,-1,787372,749595,0,1536967
26,2006,970264,35027,972670,353970,0,1326640
15,2006,350816,19232,327256,72331,0,399587
27,2006,449333,13456,575868,191366,0,767234
28,2006,617401,54117,700346,468868,0,1169215
29,2006,93503,-1,172205,736662,0,908868
30,2006,92827,-1,117507,689977,0,807484
31,2006,99117,-1,112862,214139,0,327001
32,2006,167031,-1,163194,211876,0,375070
33,2006,346883,11812,396100,139281,0,535381
34,2006,99340,-1,115648,167703,0,283351
75,2006,190379,18427,299292,163798,0,463090
76,2006,136413,22420,217844,65248,0,283092
77,2006,176423,-1,301850,258625,0,560475
35,2006,13517,-1,14351,30107,0,44458
36,2006,857,0,1181,2010,0,3191
37,2006,-1,-1,-1,-1,0,8569
38,2006,8468,-1,8797,-1,0,32699
39,2006,720563,7639,715869,369739,0,1085608
40,2006,218382,-1,229146,189725,0,418870
41,2006,381748,-1,368742,95103,0,463844
42,2006,120433,-1,117981,84912,0,202893
43,2006,2467460,30656,2528267,4021721,0,6549987
44,2006,93025,-1,171500,180969,0,352469
45,2006,370230,-1,357738,379644,0,737382
46,2006,66754,-1,73079,152949,0,226028
47,2006,219906,-1,213005,403139,0,616145
48,2006,88037,-1,86086,124456,0,210542
49,2006,146135,-1,129389,395779,0,525168
50,2006,222780,-1,211795,159827,0,371622
51,2006,94957,-1,92351,57925,0,150276
52,2006,299911,0,310079,640591,0,950670
53,2006,189045,-1,203210,289858,0,493069
73,2006,325973,-1,328722,706334,0,1035056
55,2006,14241,892,15852,7499,0,23351
56,2006,17249,0,17197,26348,0,43544
57,2006,10856,-1,10117,9194,0,19310
58,2006,39589,-1,38206,31302,0,69508
59,2006,35097,-1,33044,31800,0,64844
60,2006,48360,-1,41634,53035,0,94669
61,2006,11276,-1,10281,20327,0,30608
63,2006,21604,-1,18524,35129,0,53653
74,2006,97929,-1,102065,262123,0,364188
64,2006,54504,-1,64394,53493,0,117886
65,2006,3374,0,4067,22106,0,26173
66,2006,3374,0,4067,22106,0,26173
67,2006,20280,699,19453,3972,0,23425
9,2006,13664,699,12931,3129,0,16060
68,2006,6616,0,6523,843,0,7365
69,2006,7025,0,10546,20932,0,31478
0,2007,842697,38505,16995317,17467626,0,34462943
1,2007,287303,19081,1856105,1391492,0,3247597
2,2007,-1,-1,602525,378463,0,980988
3,2007,108529,16773,495480,297665,0,793144
4,2007,114329,-1,139179,164409,0,303589
5,2007,-1,0,229233,330959,0,560192
6,2007,0,0,389688,219995,0,609684
7,2007,6842,-1,17311,11942,0,29254
8,2007,-1,0,-1,-1,0,-1
9,2007,6807,-1,17290,11526,0,28816
10,2007,492391,17368,6234434,5567285,0,11801719
11,2007,0,0,2885321,1800600,0,4685921
12,2007,0,0,671736,630372,0,1302108
13,2007,0,0,240502,373197,0,613699
14,2007,0,0,251639,552270,0,803909
15,2007,239311,11966,507523,533475,0,1040998
16,2007,-1,0,222411,219371,0,441782
17,2007,-1,-1,1054680,763713,0,1818393
18,2007,0,0,56567,205064,0,261631
19,2007,-1,-1,265259,313313,0,578571
20,2007,-1,0,75296,157650,0,232946
78,2007,0,0,3500,18260,0,21760
21,2007,-1,-1,5660944,5678098,0,11339042
22,2007,0,0,783040,405961,0,1189000
72,2007,0,0,303658,290463,0,594121
24,2007,0,0,505868,439604,0,945473
25,2007,0,0,404381,585908,0,990289
26,2007,0,0,520925,338108,0,859032
15,2007,-1,-1,145081,68595,0,213677
27,2007,0,0,358279,207062,0,565341
28,2007,-1,0,690321,508461,0,1198782
29,2007,0,0,218991,821992,0,1040983
30,2007,0,0,146018,560247,0,706265
31,2007,0,0,126000,291628,0,417628
32,2007,-1,-1,140463,159687,0,300149
33,2007,0,0,295636,135724,0,431360
34,2007,-1,-1,223580,287203,0,510783
77,2007,0,0,205968,212913,0,418881
75,2007,0,0,325008,256475,0,581482
76,2007,0,0,267727,108068,0,375794
35,2007,-1,-1,9112,18068,0,27180
36,2007,0,0,-1,-1,0,-1
37,2007,-1,-1,0,-1,0,-1
38,2007,-1,0,8504,17602,0,26106
39,2007,17843,-1,962090,477854,0,1439944
40,2007,17418,0,196018,173769,0,369787
41,2007,0,0,637915,250159,0,888074
42,2007,0,0,57928,26727,0,84655
79,2007,-1,-1,23678,9183,0,32860
80,2007,0,0,46550,18017,0,64567
43,2007,-1,-1,2136963,4146337,0,6283300
44,2007,0,0,142136,178936,0,321072
45,2007,0,0,190766,344700,0,535467
0,2003,9239119,179118,0,0,141284,8645703
1,2003,592450,24561,0,0,38563,534612
2,2003,115327,-1,0,0,13661,102980
3,2003,246914,7387,0,0,6701,230255
4,2003,19176,1716,0,0,359,16168
5,2003,63132,7474,0,0,12387,57740
6,2003,147901,7984,0,0,5456,127470
7,2003,24274,-1,0,0,105,22395
8,2003,76,-1,0,0,-1,76
9,2003,24199,-1,0,0,105,22319
10,2003,2467306,36740,0,0,76187,2344458
11,2003,944630,4890,0,0,-1,895606
12,2003,164444,-1,0,0,-1,158491
13,2003,80144,307,0,0,292,71998
14,2003,108927,1866,0,0,59602,101928
15,2003,304481,16743,0,0,11254,292207
16,2003,118195,-1,0,0,1368,116716
17,2003,386530,1658,0,0,-1,374243
18,2003,30887,-1,0,0,-1,26370
19,2003,318219,10531,0,0,3294,296430
20,2003,10849,746,0,0,377,10468
21,2003,3970305,88011,0,0,22392,3721765
22,2003,422837,25608,0,0,1822,362843
23,2003,337432,21835,0,0,310,313336
24,2003,264284,2138,0,0,-1,251174
25,2003,454903,4156,0,0,1900,414092
26,2003,545144,8947,0,0,8972,524011
15,2003,153775,1102,0,0,3251,151256
27,2003,427474,13760,0,0,-1,411052
28,2003,476169,7137,0,0,-1,458124
29,2003,145409,-1,0,0,-1,142534
30,2003,150099,396,0,0,-1,140657
31,2003,107103,-1,0,0,-1,103995
32,2003,108439,2139,0,0,3476,97464
33,2003,211235,189,0,0,887,203970
34,2003,166002,604,0,0,1775,147257
35,2003,11152,-1,0,0,-1,10020
36,2003,568,-1,0,0,-1,515
37,2003,3903,-1,0,0,-1,3333
38,2003,6682,-1,0,0,-1,6172
39,2003,657915,9341,0,0,451,596007
40,2003,137893,3253,0,0,-1,129762
41,2003,478118,4908,0,0,-1,427547
42,2003,41903,1180,0,0,451,38697
43,2003,1473265,17012,0,0,2738,1374891
44,2003,73025,-1,0,0,-1,68392
45,2003,147490,1147,0,0,-1,132517
46,2003,26700,-1,0,0,-1,26162
47,2003,87231,-1,0,0,-1,76102
48,2003,37902,496,0,0,-1,33471
49,2003,102239,4755,0,0,627,89493
50,2003,77811,155,0,0,-1,69991
51,2003,63447,675,0,0,76,60980
52,2003,258029,-1,0,0,754,249843
53,2003,157751,650,0,0,-1,151440
54,2003,204374,3366,0,0,230,189446
55,2003,5711,65,0,0,23,5567
56,2003,3761,127,0,0,-1,3428
57,2003,7898,233,0,0,-1,6613
58,2003,15589,-1,0,0,-1,14485
59,2003,19049,-1,0,0,-1,17534
60,2003,28505,-1,0,0,-1,26817
61,2003,2578,-1,0,0,-1,2225
63,2003,9031,64,0,0,268,8762
63,2003,114860,5278,0,0,759,112276
64,2003,30284,-1,0,0,-1,29346
65,2003,2755,21,0,0,-1,2627
66,2003,2755,21,0,0,-1,2627
67,2003,34241,3432,0,0,514,33734
9,2003,18575,2590,0,0,514,18428
68,2003,15666,842,0,0,-1,15306
69,2003,5455,-1,0,0,334,5195
46,2007,-1,0,76463,258029,0,334493
47,2007,-1,0,205014,715560,0,920574
48,2007,0,0,66507,134226,0,200733
49,2007,0,0,107253,322160,0,429414
50,2007,0,0,224398,153276,0,377674
51,2007,0,0,112351,124700,0,237050
52,2007,-1,-1,261255,662613,0,923868
53,2007,0,0,233936,426725,0,660661
73,2007,0,0,226252,334751,0,561004
55,2007,0,0,12478,21848,0,34327
56,2007,0,0,6317,16129,0,22446
57,2007,0,0,9671,11541,0,21212
58,2007,0,0,33653,19972,0,53625
59,2007,0,0,28534,41691,0,70225
60,2007,-1,0,44449,56823,0,101271
61,2007,0,0,21653,33158,0,54812
63,2007,0,0,9237,44163,0,53400
74,2007,0,0,78340,166165,0,244505
64,2007,0,0,46297,79171,0,125468
81,2007,-1,-1,108264,142379,0,250643
82,2007,-1,0,38128,79361,0,117489
83,2007,-1,-1,-1,-1,0,-1
84,2007,0,0,64589,59618,0,124207
85,2007,1168,55,3001,2520,0,5521
65,2007,0,0,4599,18126,0,22725
66,2007,0,0,4599,18126,0,22725
69,2007,-1,-1,5496,594,0,21541
0,2008,29484,4579,17784039,17259185,0,35043224
1,2008,0,0,1660853,1273019,0,2933872
2,2008,0,0,581970,408653,0,990623
3,2008,0,0,474087,253457,0,727544
4,2008,0,0,146312,114061,0,260373
5,2008,0,0,184122,342268,0,526390
6,2008,0,0,274362,154580,0,428942
7,2008,-1,0,23001,4106,0,27107
8,2008,-1,0,-1,-1,0,-1
9,2008,-1,0,22440,3753,0,26193
10,2008,-1,-1,6354735,4899108,0,11253843
11,2008,0,0,2109381,1199017,0,3308398
12,2008,0,-1,857030,621274,0,1478304
13,2008,0,0,321528,461108,0,782636
14,2008,-1,-1,511098,577463,0,1088562
15,2008,-1,0,806741,533629,0,1340370
16,2008,0,0,156269,195750,0,352018
17,2008,0,0,1194853,769630,0,1964482
18,2008,0,0,50760,124793,0,175553
19,2008,0,0,285279,251650,0,536929
20,2008,0,0,58729,148099,0,206828
78,2008,0,0,3068,16695,0,19763
21,2008,-1,1845,6442441,6661599,0,13104040
22,2008,-1,-1,583097,447798,0,1030895
72,2008,0,0,419774,386013,0,805788
24,2008,0,-1,496900,537112,0,1034013
25,2008,0,0,510502,584731,0,1095232
26,2008,0,0,549611,398150,0,947760
15,2008,0,-1,280996,90610,0,371606
27,2008,0,0,424858,134255,0,559112
28,2008,0,0,805612,401669,0,1207281
29,2008,0,0,319028,1152207,0,1471235
30,2008,-1,0,118199,793488,0,911687
31,2008,0,0,144903,205324,0,350227
32,2008,-1,0,183386,185752,0,369138
33,2008,0,0,395937,176803,0,572740
34,2008,0,0,266688,377189,0,643877
77,2008,0,-1,259767,226155,0,485922
75,2008,0,-1,494614,399475,0,894089
76,2008,-1,0,188568,164868,0,353437
35,2008,-1,0,11406,37846,0,49252
36,2008,0,0,-1,-1,0,-1
37,2008,0,0,-1,-1,0,-1
38,2008,-1,0,10701,34425,0,45125
39,2008,0,0,710207,340501,0,1050708
40,2008,0,0,288739,202683,0,491422
41,2008,0,0,288741,50259,0,339000
42,2008,0,0,52015,49943,0,101958
79,2008,0,0,23809,9730,0,33539
80,2008,0,0,56904,27886,0,84789
43,2008,-1,-1,2504133,3896513,0,6400646
44,2008,-1,0,153705,145410,0,299116
45,2008,0,-1,153894,302240,0,456134
46,2008,0,0,39821,194314,0,234135
47,2008,0,0,162404,413642,0,576046
48,2008,0,0,71671,123139,0,194810
49,2008,0,0,81787,143938,0,225725
50,2008,0,0,258662,180192,0,438854
51,2008,0,0,195949,200752,0,396701
52,2008,-1,0,457058,867449,0,1324507
53,2008,0,0,288338,421144,0,709481
73,2008,0,0,341011,393602,0,734614
55,2008,0,0,8688,19875,0,28563
56,2008,0,0,6537,27818,0,34355
57,2008,0,-1,7254,12738,0,19992
58,2008,0,0,22891,28556,0,51447
59,2008,0,0,36317,50698,0,87015
60,2008,-1,-1,40024,57146,0,97170
61,2008,0,0,16547,24762,0,41309
63,2008,0,0,23911,38486,0,62397
74,2008,-1,-1,96605,206728,0,303332
64,2008,0,0,41060,43883,0,84943
81,2008,-1,0,65970,100381,0,166350
82,2008,-1,0,26483,51813,0,78296
83,2008,0,0,969,-1,0,2344
84,2008,0,0,30728,33549,0,64278
85,2008,0,0,7790,13644,0,21434
65,2008,0,0,4089,28469,0,32558
66,2008,0,0,4089,28469,0,32558
69,2008,0,0,7205,17644,0,24848
0,2009,18497913,896470,18133711,19027740,0,37161451
1,2009,1717362,96282,1586966,1475540,0,3062506
7,2009,14196,-1,12501,-1,0,17314
10,2009,6043257,221009,6317334,5211289,0,13226932
21,2009,6706667,500173,6410168,6816765,0,13226932
35,2009,24551,0,20642,28928,0,49569
39,2009,746491,13801,707210,380515,0,1087725
43,2009,3140865,63801,2974121,4991853,0,7965974
81,2009,93724,942,94652,61636,0,156287
65,2009,3359,0,2999,21649,0,24648
69,2009,7440,-1,7121,34753,0,41873
0,2010,23999966,1303781,23220733,19066223,0,42286955
1,2010,1529602,98903,1444138,1208874,0,2653012
2,2010,544258,30459,508025,344169,0,852194
3,2010,396961,31611,337917,283521,0,621438
4,2010,159722,10695,155019,145873,0,300892
5,2010,139622,-1,177546,325640,0,503186
6,2010,289039,-1,265631,109671,0,375302
7,2010,-1,-1,-1,16375,0,-1
8,2010,0,0,0,0,0,0
9,2010,-1,-1,-1,16375,0,-1
10,2010,8042210,347131,8115898,5594910,0,13710808
11,2010,2192514,9488,2140827,993647,0,3134473
12,2010,1071677,-1,1112082,616584,0,1728665
13,2010,303862,8615,339775,415686,0,755461
14,2010,438643,15192,423447,564845,0,988292
15,2010,1079426,80287,1089947,560470,0,1650416
16,2010,307683,27583,317138,384760,0,701899
17,2010,1843943,93589,1915666,1439770,0,3355436
18,2010,85140,-1,77236,96743,0,173980
19,2010,579995,75542,565132,372380,0,937512
20,2010,133679,-1,129250,137496,0,266747
78,2010,5649,396,5397,12530,0,17927
21,2010,8530804,563586,8080213,6420065,0,14500277
22,2010,1229616,38732,1067005,702171,0,1769176
72,2010,451472,46170,442793,432621,0,875415
24,2010,590975,6361,559676,490472,0,1050148
25,2010,584158,-1,561559,675150,0,1236709
26,2010,894199,105897,852465,369314,0,1221779
15,2010,436199,19986,410213,92614,0,502827
27,2010,530864,23094,495885,199221,0,695106
28,2010,783597,55665,748195,427617,0,1175811
29,2010,557252,-1,495922,663265,0,1159187
30,2010,154969,-1,174753,691615,0,866368
31,2010,153375,10500,154127,313667,0,467795
32,2010,97683,10934,83960,119952,0,203912
33,2010,624028,56376,649837,126794,0,776631
34,2010,238177,2329,265269,296723,0,561992
77,2010,337724,63095,341557,254746,0,596302
75,2010,591819,40349,505702,346726,0,852428
76,2010,274697,34184,271295,217396,0,488691
35,2010,18134,-1,13873,43728,0,57601
36,2010,-1,0,-1,1728,0,2044
37,2010,-1,0,-1,-1,0,-1
38,2010,17581,-1,13263,40404,0,53667
39,2010,884256,43760,775703,425554,0,1201257
40,2010,327261,15144,295531,309452,0,604983
41,2010,443312,-1,379824,53446,0,433271
42,2010,44415,3019,41634,47348,0,88982
79,2010,0,0,0,0,0,0
80,2010,69268,7620,58714,15308,0,74021
43,2010,4774739,246407,4571695,5152799,0,9724494
44,2010,190170,-1,164603,113714,0,278317
45,2010,548397,14954,548827,508059,0,1056886
46,2010,154580,9923,160296,237766,0,398062
47,2010,450489,-1,417668,533869,0,951537
48,2010,177075,15084,149656,157336,0,306992
49,2010,393802,18589,389225,387108,0,776332
50,2010,293839,4446,257211,192916,0,450127
51,2010,132173,-1,132697,176608,0,309305
52,2010,738893,18857,685038,1014053,0,1699091
53,2010,454423,15873,405045,533453,0,938498
73,2010,507350,8885,562824,670024,0,1232849
55,2010,19442,-1,19617,21274,0,40891
56,2010,23679,-1,19157,60753,0,79909
57,2010,16065,-1,14355,5348,0,19703
58,2010,49191,-1,41222,26642,0,67864
59,2010,74128,-1,68856,43816,0,112672
60,2010,116973,-1,110185,149712,0,259896
61,2010,34167,2836,32190,4077,0,36267
63,2010,58677,-1,49458,41719,0,91177
74,2010,232859,-1,237954,183275,0,421229
64,2010,108368,-1,105611,91279,0,196889
81,2010,171154,2485,169521,138379,0,307900
82,2010,57726,-1,57352,39748,0,97100
83,2010,-1,-1,-1,-1,0,-1
84,2010,66303,-1,64864,47474,0,112337
85,2010,25445,-1,25161,18545,0,43706
65,2010,4271,-1,4308,25358,0,29667
66,2010,4271,-1,4308,25358,0,29667
69,2010,10952,0,9123,40181,0,49304
0,2011,29575984,2106963,26433430,20925714,0,47359144
1,2011,2573964,128220,2303914,1698781,0,4002695
2,2011,901492,-1,795020,628126,0,1423145
3,2011,497828,-1,462522,333025,0,795547
4,2011,214239,9722,202806,204075,0,406882
5,2011,427676,14335,401107,314282,0,715389
6,2011,532728,18454,442459,219272,0,661731
7,2011,9951,-1,9965,1578,0,11543
8,2011,0,0,0,-1,0,-1
9,2011,9951,-1,9965,1388,0,11352
10,2011,9985881,453222,8757192,6511407,0,15268599
11,2011,3515615,58485,2954180,1387600,0,4341780
12,2011,792495,-1,717774,745006,0,1462780
13,2011,401008,17515,323660,410986,0,734646
14,2011,470714,-1,453522,734296,0,1187818
15,2011,1385931,-1,1212985,671733,0,1884717
16,2011,546417,26955,517690,347630,0,865320
17,2011,2010267,69981,1813660,1450535,0,3264195
18,2011,101529,-1,83850,206344,0,290195
19,2011,652428,128258,588714,404943,0,993657
20,2011,105158,-1,87504,138912,0,226417
78,2011,4318,414,3653,13422,0,17074
21,2011,11136051,1185044,10218093,7536211,0,17754303
22,2011,1246728,-1,1172620,542698,0,1715318
72,2011,706179,61198,654657,431212,0,1085869
24,2011,692540,53992,646509,516941,0,1163450
25,2011,745726,46616,632552,855621,0,1488173
26,2011,1726809,200277,1530041,353414,0,1883455
15,2011,432376,72001,429674,144374,0,574047
27,2011,638515,40118,670895,235640,0,906535
28,2011,1246816,121629,1184598,678583,0,1863181
29,2011,398413,37568,350582,740003,0,1090585
30,2011,185723,8149,155008,1005193,0,1160200
31,2011,187212,17611,155515,244806,0,400321
32,2011,188041,-1,179992,176004,0,355996
33,2011,868666,151199,817693,241610,0,1059302
34,2011,183044,-1,153003,232949,0,385952
77,2011,647271,74133,567440,438495,0,1005935
75,2011,720482,62752,653673,477627,0,1131300
76,2011,321510,53836,263641,221042,0,484683
35,2011,15433,-1,11375,41201,0,52576
36,2011,176,0,-1,-1,0,-1
37,2011,-1,-1,-1,5801,0,6477
38,2011,15099,-1,10595,31287,0,41881
39,2011,1282401,128597,1045685,398661,0,1444346
40,2011,463391,39428,374508,247646,0,622154
41,2011,548696,49050,423220,54897,0,478117
42,2011,137973,3734,125927,69791,0,195717
80,2011,132341,36385,122030,26328,0,148358
43,2011,4450863,205844,3983906,4605514,0,8589419
44,2011,155240,15332,171750,133938,0,305689
45,2011,341165,-1,304908,334966,0,639874
46,2011,103748,8240,95986,139937,0,235923
47,2011,537914,-1,446543,386419,0,832962
48,2011,82961,6599,74263,68370,0,142634
49,2011,402661,-1,385548,360345,0,745893
50,2011,287006,6160,249153,126248,0,375400
51,2011,213846,-1,200326,163295,0,363620
52,2011,577889,8226,532857,1118871,0,1651728
53,2011,673065,22974,608760,492984,0,1101744
73,2011,410725,12590,330198,670557,0,1000756
55,2011,12207,-1,14161,23826,0,37987
56,2011,28352,-1,27149,44690,0,71839
57,2011,20956,-1,19577,8660,0,28237
58,2011,75424,-1,58006,48052,0,106058
59,2011,63617,-1,57489,37242,0,94731
60,2011,99200,5847,89782,100294,0,190076
61,2011,23514,4287,22255,15926,0,38182
63,2011,62878,5494,60204,48364,0,108569
74,2011,189517,24237,156698,203582,0,360281
64,2011,88977,-1,78292,78947,0,157239
81,2011,102994,1581,87286,79620,0,166906
82,2011,38521,1324,32398,21233,0,53631
83,2011,6597,-1,4858,10195,0,15053
84,2011,44502,0,37531,19707,0,57238
85,2011,13374,-1,12499,28485,0,40984
65,2011,4385,-1,4925,27432,0,32357
66,2011,4385,-1,4925,27432,0,32357
69,2011,14060,1049,11090,25309,0,36399
0,2012,25791507,1866431,23608473,26036717,0,51199876
1,2012,2370998,182499,2176880,2430163,0,4607042
2,2012,928585,83371,841028,746009,0,1587037
3,2012,373073,-1,369886,437790,0,807676
4,2012,206751,27450,189497,322672,0,512169
5,2012,342007,-1,346820,476526,0,823346
6,2012,520581,20989,429649,447165,0,876814
7,2012,16281,0,16318,-1,0,25476
8,2012,-1,0,-1,-1,0,-1
9,2012,13711,0,15050,-1,0,20017
10,2012,10661311,762395,9491808,7213792,0,18260285
11,2012,4023241,61245,3882928,1563244,0,5446172
12,2012,1064975,180613,152899,190489,0,1898073
13,2012,450656,-1,465232,450921,0,916153
14,2012,398766,-1,392230,662005,0,1054235
15,2012,905887,40589,909055,710479,0,1619535
16,2012,528272,84362,525956,502891,0,1028847
17,2012,2130423,259633,2156707,2029975,0,4186683
18,2012,156512,-1,145736,200647,0,346384
19,2012,859759,102455,716672,694055,0,1410726
20,2012,135997,-1,137797,184326,0,322123
78,2012,6822,0,6595,24759,0,31354
21,2012,8207971,630451,7643591,9494038,0,17137629
22,2012,871826,-1,753302,805883,0,1559185
72,2012,414405,81474,386436,478760,0,865197
24,2012,439478,30027,443424,691655,0,1135079
25,2012,543826,-1,500101,1101859,0,1601960
26,2012,806470,44477,758650,307940,0,1066590
15,2012,438613,37976,402641,164250,0,566891
27,2012,666060,65373,652698,363914,0,1016611
28,2012,917964,55832,859223,878064,0,1737287
29,2012,469330,-1,438324,1160240,0,1598564
30,2012,119982,-1,120374,1138500,0,1258874
31,2012,220763,-1,199858,422895,0,622754
32,2012,162242,-1,149993,214088,0,364081
33,2012,694148,51767,644878,198315,0,843193
34,2012,228024,-1,212586,361673,0,574259
77,2012,286363,10086,271175,469669,0,740844
75,2012,729207,74475,671224,457035,0,1128260
76,2012,199269,18887,178702,279299,0,458001
35,2012,12959,-1,11961,50181,0,62141
36,2012,-1,0,-1,4468,0,4882
37,2012,-1,0,-1,-1,0,-1
38,2012,9862,-1,8586,39499,0,48085
39,2012,1032918,85179,979819,484127,0,1463946
40,2012,377701,20344,375845,272485,0,648330
41,2012,504031,41839,462354,136795,0,599149
42,2012,61014,-1,57785,57266,0,115051
80,2012,90172,13809,83835,17580,0,101416
43,2012,3279785,194002,3094715,6175556,0,9270272
44,2012,174730,-1,164511,148811,0,313322
45,2012,294333,56902,264816,540126,0,804943
46,2012,64794,9518,45882,207306,0,253188
47,2012,337905,-1,329835,803565,0,1133399
48,2012,106596,6013,100573,119868,0,220441
49,2012,185026,-1,163394,457930,0,621324
50,2012,226256,-1,204141,181352,0,385492
51,2012,173953,7051,183494,238731,0,422225
52,2012,486273,23894,475246,1536093,0,2011339
53,2012,511377,-1,465061,687431,0,1152492
73,2012,267643,-1,266542,558777,0,825319
55,2012,17735,1597,17139,33571,0,50711
60,2012,46241,1906,46570,89712,0,136283
61,2012,25437,3971,23378,36815,0,60193
63,2012,31000,0,26483,71485,0,97968
74,2012,117957,-1,113025,231168,0,344193
64,2012,44954,-1,44437,81382,0,125819
86,2012,167574,4600,160187,151434,0,14764
81,2012,176585,9812,164754,98127,0,262880
82,2012,103603,6843,97398,39430,0,136828
83,2012,8534,-1,6153,8536,0,14689
84,2012,46349,-1,42978,24972,0,67950
85,2012,-1,0,-1,25189,0,43414
65,2012,7933,-1,7371,31277,0,38648
66,2012,7933,-1,7371,31277,0,38648
69,2012,24767,1467,21257,50300,0,71557
0,2013,29043732,2806824,28355406,27820366,0,56175771
1,2013,3003918,258685,2759686,2883501,0,5643187
2,2013,1422562,99112,1272766,1112912,0,2385678
3,2013,515166,52344,497070,579917,0,1076987
4,2013,314997,21048,288730,375970,0,664700
5,2013,204064,-1,211320,529848,0,741169
6,2013,547130,33682,489799,284854,0,774654
7,2013,22896,1385,21712,-1,0,38109
8,2013,-1,0,-1,-1,0,-1
9,2013,13741,1385,13469,-1,0,22996
10,2013,10614692,875719,10672329,7586051,0,18258380
11,2013,4269207,152708,4182659,2015209,0,6197868
12,2013,792632,126002,923860,636426,0,1560286
13,2013,412871,17049,395470,542748,0,938218
14,2013,400610,-1,404971,560341,0,965312
15,2013,1168231,96389,1201572,891014,0,2092586
16,2013,530047,61824,544058,719300,0,1263358
17,2013,1846498,209941,1830410,1306082,0,3136492
18,2013,138769,-1,130738,118347,0,249085
19,2013,896311,191034,905026,594157,0,1499183
20,2013,151777,-1,146032,178558,0,324590
78,2013,7738,-1,7535,23869,0,31403
21,2013,9822093,1232925,9625824,9832767,0,19458591
22,2013,1094543,219497,1053215,795257,0,1848472
72,2013,359351,45231,336458,449040,0,785498
24,2013,419667,93552,484058,594460,0,1078518
25,2013,589851,15050,567636,1070295,0,1637931
26,2013,1214977,210091,1178195,453527,0,1631722
15,2013,554939,89085,504340,162523,0,666863
27,2013,920723,83269,932558,422575,0,1355133
28,2013,999678,192189,1044283,877017,0,1921300
29,2013,457943,-1,444442,1209212,0,1653654
30,2013,135417,-1,127890,1291619,0,1419509
31,2013,233440,5241,218748,294302,0,513050
32,2013,157894,21686,151784,254781,0,406566
33,2013,886311,78518,838849,222652,0,1061501
34,2013,283995,-1,271775,464888,0,736663
77,2013,479013,16370,488381,463831,0,952211
75,2013,683678,80047,644770,616953,0,1261723
76,2013,350674,55551,338439,189837,0,528276
35,2013,25820,-1,19064,72053,0,91117
36,2013,-1,-1,-1,-1,0,-1
37,2013,-1,0,0,-1,0,-1
38,2013,24104,-1,18043,68168,0,86212
39,2013,1046197,159672,1020345,468234,0,1488579
40,2013,454023,-1,466025,259699,0,725724
41,2013,450094,80117,415014,100655,0,515669
42,2013,63790,-1,63441,88361,0,151802
80,2013,78290,18527,75864,19519,0,95383
43,2013,4287413,274256,4024191,6706107,0,10730298
44,2013,189255,36344,167538,168908,0,336446
45,2013,591121,47842,555253,599786,0,1155039
46,2013,155804,19846,157744,206433,0,364177
47,2013,434028,11741,418356,768161,0,1186518
48,2013,138151,-1,136460,158749,0,295210
49,2013,280935,25562,259928,526368,0,786296
50,2013,505406,-1,444629,490135,0,934764
51,2013,114428,-1,112693,248125,0,360818
52,2013,451745,6851,428871,1546379,0,1975249
53,2013,481194,-1,462533,691373,0,1153905
73,2013,319604,-1,306040,469334,0,775374
55,2013,17330,1022,19155,27970,0,47125
60,2013,67527,-1,70608,117923,0,188531
61,2013,24409,4696,19719,29502,0,49221
63,2013,39262,-1,36453,71323,0,107777
74,2013,214593,32591,179430,305624,0,485054
64,2013,101599,-1,100389,104193,0,204582
86,2013,161022,1955,148392,175821,0,324213
81,2013,186935,1715,180917,157810,0,338727
82,2013,117069,-1,117580,87381,0,204961
83,2013,13195,-1,11061,13847,0,24908
84,2013,51678,1018,47639,38954,0,86593
85,2013,4993,0,4638,17628,0,22265
65,2013,7239,-1,7245,47496,0,54741
66,2013,7239,-1,7245,47496,0,54741
69,2013,26529,-1,24091,49950,0,74042
0,2014,29525910,2804940,27759983,30955107,0,58715090
1,2014,3140714,220264,2811965,3330745,0,6142710
2,2014,1366216,103524,1141738,1556272,0,2698010
3,2014,597861,-1,560933,606527,0,1167460
4,2014,161045,12339,161396,278739,0,440135
5,2014,231712,5570,227494,331985,0,559478
6,2014,783880,46405,720405,557223,0,1277627
7,2014,158738,0,141674,66614,0,208287
8,2014,-1,0,-1,-1,0,-1
9,2014,156424,0,139359,-1,0,194490
10,2014,12096044,879495,11509027,10033204,0,21542231
11,2014,5121737,231639,4794139,2825616,0,7619755
12,2014,1160657,30236,1188434,1329486,0,2517920
13,2014,384378,11797,371323,525626,0,896949
14,2014,667635,74995,662796,670962,0,1333758
15,2014,1320750,135590,1257861,793349,0,2051209
16,2014,429340,69444,429063,605434,0,1034497
17,2014,2051570,152096,1911055,2230197,0,4141253
18,2014,68839,2072,66466,146497,0,212963
19,2014,725536,137237,663785,752959,0,1416745
20,2014,157657,-1,156533,136027,0,292559
78,2014,7947,0,7573,17050,0,24623
21,2014,9380609,1320505,8848854,10561212,0,19410066
22,2014,867251,206966,832399,858077,0,1690475
72,2014,462743,48581,420605,585164,0,1005769
24,2014,389569,74466,366543,624178,0,990721
25,2014,525459,-1,505504,1158862,0,1664366
26,2014,1092355,195542,987018,421687,0,1408705
15,2014,319518,45030,332902,199850,0,532751
27,2014,925045,188307,897909,372881,0,1270789
28,2014,851310,80144,825940,738089,0,1564029
29,2014,513394,-1,503112,1455258,0,1958370
30,2014,404844,38123,378214,1352720,0,1730934
31,2014,191483,30601,175242,344901,0,520142
32,2014,296129,-1,279801,306172,0,585974
33,2014,694131,71419,626359,185551,0,811911
34,2014,335911,-1,325969,586492,0,912461
77,2014,402530,54104,368147,471657,0,839804
75,2014,847248,182311,783135,520187,0,1303322
76,2014,261689,35983,240055,379487,0,619541
35,2014,23513,-1,20538,62781,0,83319
36,2014,-1,0,-1,2429,0,-1
37,2014,-1,0,-1,4198,0,4623
38,2014,22213,-1,19624,56154,0,75778
39,2014,1088981,179192,1034580,773521,0,1808101
40,2014,493905,52729,478288,485668,0,963955
41,2014,470850,114476,437674,176730,0,614404
42,2014,80243,6850,76908,87330,0,164238
80,2014,43983,5136,41709,23794,0,65503
43,2014,3415493,202499,3183326,5898096,0,9081423
44,2014,121142,28718,90450,167623,0,258073
45,2014,308876,29742,300179,270584,0,570763
46,2014,129434,21032,120564,252517,0,373081
47,2014,427909,-1,406899,860135,0,1267034
48,2014,56046,3730,53096,145702,0,198798
49,2014,340423,30190,327392,503925,0,831318
50,2014,347419,14303,308382,391053,0,699434
51,2014,94252,-1,91574,254408,0,345982
52,2014,341861,-1,310302,1144485,0,1454787
53,2014,452801,-1,433896,659508,0,1093404
73,2014,268856,-1,262990,559862,0,822852
55,2014,16570,-1,14072,25616,0,39688
60,2014,33927,1380,32178,76890,0,109068
61,2014,17474,-1,13680,26371,0,40050
63,2014,20973,-1,18748,80970,0,99718
74,2014,194978,10829,177411,279718,0,457129
64,2014,58239,5062,53282,51639,0,104921
86,2014,184311,-1,168232,147090,0,315322
81,2014,181355,1633,170708,132727,0,303435
82,2014,97804,-1,91801,59037,0,150837
83,2014,15987,-1,15627,14492,0,30120
84,2014,51678,1018,47639,38954,0,86593
85,2014,15887,0,15641,20243,0,35884
65,2014,9766,-1,9588,40196,0,49784
66,2014,9766,-1,9588,40196,0,49784
69,2014,30697,-1,29724,56012,0,85736
0,2015,31875527,3868274,30492308,28258968,0,59681274
1,2015,4035096,524698,3706765,2959830,0,6716173
2,2015,1937387,176132,1747459,1285379,0,3032838
3,2015,592903,40692,582959,595620,0,1178580
4,2015,236163,70534,249134,296640,0,562147
5,2015,307219,41237,286944,377062,0,697211
6,2015,961424,196104,840268,405129,0,1245397
7,2015,23807,0,24946,60850,0,85796
8,2015,-1,0,-1,-1,0,-1
9,2015,22436,0,24497,55825,0,80322
10,2015,14002757,1256553,13449105,9380944,0,23092114
11,2015,6086266,393141,5728807,2390821,0,8119628
12,2015,1558144,78457,1519374,1008195,0,2527568
13,2015,528368,-1,512977,396597,0,909574
14,2015,565678,79785,560714,673146,0,1320233
15,2015,914866,134946,918269,909199,0,1827468
16,2015,677947,135286,610958,539570,0,1150528
17,2015,2703331,209148,2645110,2464662,0,5109771
18,2015,80712,6617,78416,131367,0,209783
19,2015,791698,172123,775997,698559,0,1647369
20,2015,90849,-1,94118,154012,0,248130
78,2015,4897,-1,4366,14817,0,22061
21,2015,9141261,1588797,8945957,9764456,0,19146241
22,2015,1259543,362852,1191774,831091,0,2022865
72,2015,549186,80948,534215,401782,0,935997
24,2015,413970,84251,452067,588609,0,1040676
25,2015,506729,24453,532542,1026826,0,1559368
26,2015,1239165,161621,1194324,638949,0,1833273
15,2015,581060,98484,503117,117986,0,621103
27,2015,627469,162767,731371,391064,0,1122435
28,2015,780369,201221,739794,692830,0,1432624
29,2015,275657,29690,250318,1063413,0,1379419
30,2015,257222,-1,263371,1274802,0,1691933
31,2015,155623,35296,151273,241007,0,420130
32,2015,155544,-1,136510,221379,0,379650
33,2015,741140,103958,726477,341823,0,1089662
34,2015,292807,42611,309994,550985,0,860979
77,2015,364688,-1,357501,375772,0,865263
75,2015,658160,96344,614792,727009,0,1355218
76,2015,282932,48793,256516,279129,0,535646
35,2015,21111,-1,17282,74160,0,116792
36,2015,1428,-1,857,4930,0,7059
37,2015,-1,0,-1,-1,0,-1
38,2015,19504,0,16336,67163,0,106880
39,2015,1418884,243742,1325675,643809,0,1969484
40,2015,623261,70205,574493,510057,0,1084550
41,2015,646957,147627,610671,45158,0,655828
42,2015,73649,6203,70854,61038,0,131891
80,2015,75017,19708,69658,27557,0,97215
43,2015,3021594,245175,2814182,5082012,0,8044496
44,2015,-1,31626,169485,144667,0,314152
45,2015,192548,15946,193481,227978,0,421459
46,2015,45082,4247,47102,135491,0,182593
47,2015,333119,16495,349365,486697,0,836062
48,2015,66470,-1,66043,85232,0,164889
49,2015,199230,33303,190418,365455,0,555873
50,2015,332144,44576,288298,227078,0,561759
51,2015,110684,13599,102718,296484,0,399202
52,2015,336714,9934,327890,1245740,0,1573630
53,2015,420961,28784,404305,619491,0,1023796
73,2015,305653,4494,307497,707507,0,1096208
55,2015,12345,-1,10502,26741,0,37243
60,2015,31840,-1,22560,66913,0,89472
61,2015,20038,5372,15830,23214,0,39044
63,2015,18244,-1,12370,45404,0,57774
74,2015,128426,7600,119617,220168,0,339785
64,2015,45329,6686,44396,63228,0,107624
86,2015,150134,8724,142304,94526,0,243932
81,2015,177480,7298,177249,194304,0,371553
82,2015,100115,-1,100593,85533,0,186126
83,2015,29063,-1,29235,65230,0,94465
84,2015,24487,-1,22829,32900,0,55729
85,2015,23815,0,24591,10641,0,35233
65,2015,5692,423,5834,48608,0,58797
66,2015,5692,423,5834,48608,0,58797
69,2015,27844,838,25314,49995,0,79827
0,2016,34252550,4416859,32112842,29987913,0,62100755
1,2016,3518279,303934,3341847,3330134,0,6671981
2,2016,1606644,79831,1518124,1459756,0,2977879
3,2016,690718,53975,684978,721442,0,1406420
4,2016,319492,64724,309814,346765,0,656579
5,2016,304602,-1,289945,428503,0,718448
6,2016,596823,67072,538986,373668,0,912654
7,2016,76530,-1,69630,51599,0,121229
8,2016,0,0,0,0,0,0
9,2016,76530,-1,69630,51599,0,121229
10,2016,14041685,1635077,13325307,10392633,0,23717940
11,2016,5332252,554394,4916754,2930481,0,7847235
12,2016,1338501,53774,1245161,1527484,0,2772645
13,2016,385716,30467,432863,433669,0,866533
14,2016,758601,-1,714684,690589,0,1405273
15,2016,1160275,-1,1133059,810647,0,1943705
16,2016,607717,68040,615728,501490,0,1117218
17,2016,3093346,331395,3023537,2352154,0,5375690
18,2016,124426,8077,123711,142483,0,266194
19,2016,1023682,-1,910609,866301,0,1776910
20,2016,205273,-1,197802,122246,0,320048
78,2016,11895,870,11399,15089,0,26489
21,2016,10956017,1762241,10213579,8745963,0,18959542
22,2016,1285786,193753,1295519,830903,0,2126422
72,2016,504242,59842,464471,611545,0,1076016
24,2016,498538,89658,462927,666068,0,1128994
25,2016,701476,56982,632992,908256,0,1541249
26,2016,1729981,266061,1631117,501629,0,2132746
15,2016,519054,76143,484832,139770,0,624602
27,2016,860157,152808,794520,297378,0,1091897
28,2016,829759,129451,879415,494061,0,1373476
29,2016,363789,43183,328773,988951,0,1317724
30,2016,101549,8470,109584,1100528,0,1210111
31,2016,344305,57301,324820,253190,0,578010
32,2016,118182,-1,105812,73159,0,178971
33,2016,908395,174987,834603,204356,0,1038959
34,2016,358362,-1,312738,393275,0,706012
77,2016,521577,-1,494420,416341,0,910761
75,2016,904219,273373,708803,554399,0,1263202
76,2016,406648,49343,348234,312156,0,660390
35,2016,59472,-1,58636,79079,0,137715
36,2016,-1,-1,-1,2846,0,4724
37,2016,0,0,0,0,0,0
38,2016,57600,-1,56757,76233,0,132990
39,2016,1650719,203619,1516426,960913,0,2477339
40,2016,838971,84831,804126,681238,0,1485364
41,2016,657760,96515,569960,186019,0,755979
42,2016,77225,4939,69993,68508,0,138501
80,2016,76763,17333,72347,25147,0,97494
43,2016,3705908,493168,3356217,6066455,0,9422672
44,2016,151254,33275,136916,206701,0,343617
45,2016,377949,55739,330927,555748,0,886675
46,2016,123753,34686,107826,254269,0,362095
47,2016,695650,61441,661052,584569,0,1245621
48,2016,109631,10590,101681,135741,0,237423
49,2016,112767,18369,111625,435232,0,546856
50,2016,311206,27641,256616,304922,0,561538
51,2016,169105,26658,164376,125860,0,290236
52,2016,398075,-1,381700,1290626,0,1672326
53,2016,417586,68547,360431,525097,0,885528
73,2016,370149,18974,339835,805177,0,1145012
55,2016,21061,7803,16720,17527,0,34248
60,2016,36307,6795,29254,103493,0,132748
61,2016,28459,5460,24488,32293,0,56781
63,2016,16229,1205,16154,106009,0,122164
74,2016,95197,6258,86357,317903,0,404260
64,2016,82844,7021,69923,129888,0,199811
86,2016,188685,36425,160334,135400,0,295734
81,2016,206688,6365,196430,204767,0,401197
82,2016,94198,752,88031,89807,0,177838
83,2016,22468,0,21657,25656,0,47313
84,2016,75625,5613,73013,76811,0,149825
85,2016,14397,0,13728,12493,0,26222
65,2016,8129,-1,7728,100658,0,108386
66,2016,8129,-1,7728,100658,0,108386
69,2016,29122,0,27043,55712,0,82755
0,2017,35587447,5374336,33220235,30788881,0,64009116
1,2017,3911544,415748,3479128,3553704,0,7032832
7,2017,-1,-1,-1,53040,0,195514
10,2017,13450669,2076944,12729578,9148398,0,21877976
21,2017,11268820,1873000,10410041,9436039,0,19846081
35,2017,18733,0,-1,125445,0,144882
39,2017,1718835,344658,1659371,900254,0,2559625
43,2017,4771616,639969,4484525,7295591,0,11780116
81,2017,225314,-1,226265,159536,0,385801
65,2017,29504,-1,29981,65567,0,95548
69,2017,39697,-1,39435,51305,0,90740
0,2018,36478947,5146612,33625665,26590166,0,60215831
1,2018,3984726,551861,3163734,2639013,0,5802747
7,2018,-1,-1,-1,54279,0,95951
10,2018,14375632,1824627,13626684,8834483,0,22461167
21,2018,11578329,1773854,10791484,8484940,0,19276424
35,2018,18733,0,-1,125445,0,144882
39,2018,1557149,350541,1470953,614327,0,2085281
43,2018,4686082,627229,4292781,5621909,0,9914689
81,2018,170100,13033,158716,134683,0,293399
65,2018,32785,-1,28393,36682,0,65075
69,2018,35995,1745,31812,44405,0,76216
0,2019,22875769,4193495,18606521,16100162,0,34706683
1,2019,2284827,328065,1734255,1905074,0,3639329
2,2019,1217702,131760,922241,1109035,0,2031276
3,2019,303268,72527,204053,252698,0,456751
4,2019,248442,-1,182600,116069,0,298669
5,2019,73781,-1,64433,77708,0,142141
6,2019,336464,39956,276108,207670,0,483777
87,2019,105170,16869,84820,141895,0,226716
7,2019,-1,0,-1,-1,0,-1
8,2019,-1,0,0,0,0,0
88,2019,0,0,0,-1,0,-1
9,2019,-1,0,-1,-1,0,-1
89,2019,0,0,0,0,0,0
90,2019,-1,0,-1,-1,0,-1
10,2019,9769043,1843902,8242225,5956201,0,14198426
11,2019,707545,-1,578438,571880,0,1150317
12,2019,657105,76432,542904,632993,0,1175897
13,2019,417787,33697,378276,266870,0,645146
14,2019,436746,30522,384966,472448,0,857414
15,2019,790936,248701,688415,482822,0,1171236
16,2019,513178,231536,443052,284995,0,728047
17,2019,2468404,463045,2138709,1444992,0,3583701
18,2019,93401,8117,76046,183008,0,259054
19,2019,915277,209968,787894,321085,0,1108978
20,2019,84758,-1,89658,36037,0,125695
91,2019,2544083,510757,2026392,1219047,0,3245439
111,2019,139824,13412,107476,40025,0,147501
21,2019,7069580,1281419,5558940,5177602,0,10736542
22,2019,462636,69444,392592,532543,0,925135
72,2019,274277,42890,218010,303265,0,521275
93,2019,288030,50042,193109,282550,0,475659
25,2019,730871,54015,558071,626014,0,1184085
26,2019,965306,253179,752431,399295,0,1151727
15,2019,599679,94507,527014,114821,0,641835
94,2019,305223,-1,228632,140398,0,369029
28,2019,698239,-1,533517,199961,0,733478
29,2019,252831,-1,184191,537331,0,721523
30,2019,365297,9388,311234,796846,0,1108080
31,2019,117030,-1,80853,192316,0,273169
32,2019,30141,-1,21193,10865,0,32059
33,2019,215970,58220,207935,108923,0,316858
34,2019,112954,-1,83659,82759,0,166419
95,2019,59237,-1,53175,80376,0,133551
71,2019,318305,77803,260947,80826,0,341773
96,2019,346983,-1,184358,193202,0,377560
97,2019,630033,199775,525051,297944,0,822994
76,2019,251704,-1,209843,131006,0,340850
98,2019,44835,3511,33125,66359,0,99484
35,2019,55112,-1,46833,66037,0,112869
99,2019,-1,0,-1,-1,0,-1
100,2019,-1,0,-1,-1,0,-1
101,2019,0,0,0,0,0,0
102,2019,0,0,0,0,0,0
103,2019,81,0,0,0,0,0
104,2019,0,0,0,0,0,0
105,2019,0,0,0,0,0,0
106,2019,-1,-1,-1,25731,0,28777
38,2019,46083,0,41431,-1,0,75639
107,2019,0,399,0,0,0,0
108,2019,2476,-1,-1,-1,0,5656
39,2019,633143,120751,535765,189422,0,725186
40,2019,294891,64204,247066,91369,0,338435
41,2019,215707,37586,186579,54508,0,241087
42,2019,83513,-1,68646,37226,0,105872
80,2019,39031,4324,33472,6319,0,39791
43,2019,2880519,606775,2330146,2603483,0,4933629
44,2019,65950,13613,55562,78519,0,134081
45,2019,240844,-1,199438,363388,0,562826
46,2019,81540,-1,68441,94175,0,162617
47,2019,299194,-1,262065,374741,0,636806
48,2019,20173,-1,12817,26865,0,39681
49,2019,127694,-1,90702,132607,0,223309
50,2019,265765,40750,234690,53875,0,288565
51,2019,54069,9497,51935,60501,0,112435
52,2019,503967,-1,346811,675301,0,1022113
53,2019,504721,147228,434503,260292,0,694795
73,2019,283150,20120,243274,158852,0,402126
55,2019,15263,1329,11222,8716,0,19938
86,2019,166246,22243,121993,74253,0,196246
64,2019,64960,11787,58953,45912,0,104865
60,2019,42036,-1,35938,35163,0,71101
61,2019,26083,-1,21414,9600,0,31015
63,2019,18739,5842,13845,24365,0,38210
109,2019,100125,-1,66543,126357,0,192900
81,2019,77718,1172,68838,65951,0,134789
82,2019,9072,-1,7811,15398,0,23208
83,2019,23986,-1,20155,23928,0,44083
84,2019,35006,-1,32544,18693,0,51237
85,2019,9653,-1,8329,7933,0,16261
65,2019,34458,0,28970,48735,0,77705
65,2019,34458,0,28970,48735,0,77705
69,2019,61958,1931,54369,67177,0,121545
69,2019,61958,1931,54369,67177,0,121545
0,2020,24166689,4498602,19533098,1629808,0,39092904
1,2020,2284827,328065,1734255,92980,0,3639329
2,2020,1217702,131760,922241,-1,0,2031276
3,2020,303268,72527,204053,20263,0,456751
4,2020,248442,-1,182600,28416,0,298669
5,2020,73781,-1,64433,12102,0,142141
6,2020,336464,39956,276108,-1,0,483777
110,2020,105170,16869,84820,12667,0,226716
7,2020,40428,5082,25422,480930,0,56322
8,2020,-1,0,-1,174711,0,-1
88,2020,-1,0,-1,49457,0,-1
9,2020,18011,-1,12899,105686,0,30617
89,2020,0,0,0,88634,0,0
90,2020,13595,2108,10452,62443,0,19958
10,2020,9306473,1390053,7843907,260971,0,16062190
11,2020,680289,57842,600631,22186,0,1110081
12,2020,724313,154223,564647,30102,0,1685590
13,2020,448659,91658,329272,14920,0,670509
14,2020,533676,92729,448851,30627,0,1194182
15,2020,655377,238351,474032,56331,0,925952
16,2020,641219,-1,531833,29695,0,927525
17,2020,2387324,200223,2111441,35473,0,4940485
18,2020,202700,23839,172594,8964,0,249937
19,2020,715852,80219,581129,5964,0,1069989
20,2020,127855,-1,102677,-1,0,165944
91,2020,1976648,298420,1758573,22960,0,2840865
111,2020,212562,16875,168226,-1,0,281131
21,2020,8160539,1879215,6278885,324632,0,12359937
22,2020,533364,-1,468361,-1,0,1081480
112,2020,463958,115975,338116,10563,0,615791
93,2020,326959,86340,233021,8938,0,481332
25,2020,1084550,-1,872611,29951,0,1748638
26,2020,834194,253371,730547,54382,0,1033955
15,2020,525742,141804,392027,-1,0,457635
27,2020,348107,38025,253503,11623,0,376830
28,2020,361943,142101,232292,20276,0,511774
29,2020,579945,36567,451367,-1,0,1052961
30,2020,449408,35334,328954,13897,0,1519938
31,2020,134942,-1,88160,4151,0,166754
32,2020,28475,-1,16782,-1,0,38651
33,2020,424133,156792,320062,3651,0,380993
34,2020,378237,-1,279366,-1,0,710125
95,2020,217419,-1,196720,3080,0,339304
71,2020,398956,181160,301084,24154,0,356167
77,2020,439449,86294,337443,-1,0,570397
97,2020,305641,155982,205085,-1,0,442213
76,2020,206468,32267,145460,1697,0,257491
98,2020,64098,5571,53196,5522,0,163358
113,2020,54552,14133,34728,-1,0,54149
35,2020,43704,7476,29908,350601,0,77505
99,2020,-1,-1,-1,6936,0,-1
100,2020,2221,-1,-1,9755,0,4138
101,2020,0,0,0,-1,0,0
102,2020,0,0,0,7734,0,0
103,2020,0,0,0,8757,0,0
104,2020,-1,-1,-1,39390,0,14384
105,2020,-1,-1,0,-1,0,0
106,2020,-1,-1,-1,96273,0,-1
38,2020,-1,-1,-1,101687,0,45385
107,2020,-1,-1,0,70764,0,0
108,2020,-1,-1,-1,4314,0,-1
39,2020,717995,126079,578960,3520,0,826077
41,2020,367931,43550,303858,-1,0,410724
40,2020,214759,56944,177586,-1,0,247857
42,2020,107696,-1,73890,-1,0,133977
80,2020,27608,6030,23625,789,0,33519
43,2020,2918134,720635,2458172,107514,0,4806761
44,2020,187080,76395,158208,17157,0,262071
45,2020,291294,21541,219752,3946,0,587981
46,2020,92571,13803,73559,3238,0,169552
48,2020,41071,-1,30268,-1,0,41930
49,2020,-1,-1,-1,-1,0,589923
50,2020,137794,19351,122157,7879,0,235124
51,2020,78360,12069,74790,4417,0,175770
52,2020,373281,37726,346720,17412,0,843365
53,2020,408460,82299,345912,13488,0,596710
73,2020,208783,13545,181398,9101,0,335128
55,2020,17914,-1,13981,470,0,30053
86,2020,239106,60960,184533,1871,0,216706
64,2020,113805,12090,88899,3148,0,182268
60,2020,22198,-1,17841,-1,0,49685
61,2020,26557,8743,20851,-1,0,35577
63,2020,9316,3586,4858,-1,0,39579
109,2020,277773,73240,213530,18194,0,415339
47,2020,499361,-1,428281,-1,0,966179
81,2020,71748,8246,57999,1047,0,109669
82,2020,24115,-1,19720,0,0,28476
83,2020,6582,-1,3459,-1,0,13753
84,2020,33770,4795,30194,-1,0,59717
85,2020,7281,-1,4626,-1,0,7724
65,2020,38469,-1,27253,-1,0,71874
69,2020,85010,3025,70057,4944,0,117060
