id,year,cattle_afflicted,cattle_treated,cattle_death_disease,cattle_death_other,cattle_vac_total,cattle_vac_anthrax,cattle_vac_blackleg,cattle_vac_pleuro_pneumonia,cattle_vac_hemorrhagic_septicemia,cattle_vac_rinderpest,cattle_vac_other,total_deaths,male_deaths,female_deaths,
0,2003,5592656,2014274,0,0,8694197,0,0,0,0,0,0,2840323,0,0
1,2003,179794,79052,0,0,1271974,0,0,0,0,0,0,77975,0,0
2,2003,47900,27644,0,0,272050,0,0,0,0,0,0,13266,0,0
3,2003,37574,12261,0,0,297170,0,0,0,0,0,0,17313,0,0
4,2003,23028,8936,0,0,217383,0,0,0,0,0,0,11738,0,0
5,2003,38708,19687,0,0,391160,0,0,0,0,0,0,21961,0,0
6,2003,32584,10525,0,0,94211,0,0,0,0,0,0,13697,0,0
7,2003,167063,4147,0,0,11834,0,0,0,0,0,0,126481,0,0
8,2003,70402,1802,0,0,6058,0,0,0,0,0,0,56142,0,0
9,2003,96661,2344,0,0,5775,0,0,0,0,0,0,70339,0,0
10,2003,1050525,351750,0,0,1386735,0,0,0,0,0,0,506836,0,0
11,2003,180495,43570,0,0,145558,0,0,0,0,0,0,60007,0,0
12,2003,112334,27243,0,0,148021,0,0,0,0,0,0,68581,0,0
13,2003,57582,5809,0,0,92731,0,0,0,0,0,0,36575,0,0
14,2003,94829,21958,0,0,357286,0,0,0,0,0,0,51918,0,0
15,2003,74204,15281,0,0,116014,0,0,0,0,0,0,43985,0,0
16,2003,119698,47658,0,0,220301,0,0,0,0,0,0,63811,0,0
17,2003,225209,112873,0,0,130586,0,0,0,0,0,0,84920,0,0
18,2003,33619,8130,0,0,27516,0,0,0,0,0,0,21883,0,0
19,2003,127405,63187,0,0,66283,0,0,0,0,0,0,59967,0,0
20,2003,25150,6042,0,0,82439,0,0,0,0,0,0,15190,0,0
21,2003,2838753,1096963,0,0,4170912,0,0,0,0,0,0,1487756,0,0
22,2003,306683,228729,0,0,429408,0,0,0,0,0,0,110423,0,0
23,2003,297941,171941,0,0,287640,0,0,0,0,0,0,138215,0,0
24,2003,189219,105155,0,0,172871,0,0,0,0,0,0,75216,0,0
25,2003,310705,130813,0,0,270138,0,0,0,0,0,0,161609,0,0
26,2003,306811,68637,0,0,225451,0,0,0,0,0,0,174238,0,0
15,2003,112246,28138,0,0,316298,0,0,0,0,0,0,54878,0,0
27,2003,129813,39074,0,0,414219,0,0,0,0,0,0,68853,0,0
28,2003,381421,83238,0,0,579801,0,0,0,0,0,0,273739,0,0
29,2003,113572,34320,0,0,206591,0,0,0,0,0,0,70708,0,0
30,2003,153596,45402,0,0,120635,0,0,0,0,0,0,95675,0,0
31,2003,256257,68629,0,0,446996,0,0,0,0,0,0,138010,0,0
32,2003,72143,21259,0,0,282191,0,0,0,0,0,0,26664,0,0
33,2003,96755,40415,0,0,166821,0,0,0,0,0,0,38669,0,0
34,2003,111592,31212,0,0,251851,0,0,0,0,0,0,60859,0,0
35,2003,32895,3729,0,0,53599,0,0,0,0,0,0,17213,0,0
36,2003,6217,122,0,0,1431,0,0,0,0,0,0,5062,0,0
37,2003,19045,1380,0,0,6266,0,0,0,0,0,0,9085,0,0
38,2003,7633,2227,0,0,45903,0,0,0,0,0,0,3065,0,0
39,2003,130875,93054,0,0,59989,0,0,0,0,0,0,46824,0,0
40,2003,60077,38335,0,0,30731,0,0,0,0,0,0,21668,0,0
41,2003,55663,45073,0,0,19034,0,0,0,0,0,0,18140,0,0
42,2003,15135,9647,0,0,10224,0,0,0,0,0,0,7015,0,0
43,2003,1170517,379927,0,0,1683191,0,0,0,0,0,0,562667,0,0
44,2003,108209,27084,0,0,182093,0,0,0,0,0,0,71284,0,0
45,2003,89196,10496,0,0,201009,0,0,0,0,0,0,48096,0,0
46,2003,30664,9925,0,0,85286,0,0,0,0,0,0,14874,0,0
47,2003,142985,27604,0,0,232708,0,0,0,0,0,0,60461,0,0
48,2003,10924,3258,0,0,18308,0,0,0,0,0,0,4842,0,0
49,2003,157564,90103,0,0,156711,0,0,0,0,0,0,53828,0,0
50,2003,79349,16871,0,0,55293,0,0,0,0,0,0,38694,0,0
51,2003,9448,3911,0,0,50012,0,0,0,0,0,0,6146,0,0
52,2003,83604,15240,0,0,110362,0,0,0,0,0,0,56035,0,0
53,2003,190211,76294,0,0,215434,0,0,0,0,0,0,84151,0,0
54,2003,59348,14802,0,0,141790,0,0,0,0,0,0,34729,0,0
55,2003,5105,3382,0,0,25176,0,0,0,0,0,0,1593,0,0
56,2003,16243,7340,0,0,12129,0,0,0,0,0,0,6841,0,0
57,2003,13424,9524,0,0,9961,0,0,0,0,0,0,3456,0,0
58,2003,21491,13249,0,0,13690,0,0,0,0,0,0,6179,0,0
59,2003,13963,2743,0,0,7735,0,0,0,0,0,0,6082,0,0
60,2003,66740,28976,0,0,50606,0,0,0,0,0,0,26072,0,0
61,2003,1622,827,0,0,7740,0,0,0,0,0,0,572,0,0
63,2003,16867,7972,0,0,12184,0,0,0,0,0,0,8352,0,0
63,2003,40325,9095,0,0,65525,0,0,0,0,0,0,21199,0,0
64,2003,13235,1233,0,0,29440,0,0,0,0,0,0,9180,0,0
65,2003,6203,2134,0,0,2402,0,0,0,0,0,0,3081,0,0
66,2003,6203,2134,0,0,2402,0,0,0,0,0,0,3081,0,0
67,2003,7554,2255,0,0,37132,0,0,0,0,0,0,4541,0,0
9,2003,5543,1678,0,0,23221,0,0,0,0,0,0,3240,0,0
68,2003,2011,577,0,0,13911,0,0,0,0,0,0,1302,0,0
69,2003,8477,1263,0,0,16428,0,0,0,0,0,0,6950,0,0
0,2004,5015949,1691431,2551492,851380,9203910,0,0,0,0,0,0,0,0,0
1,2004,197778,89304,81484,93394,1202634,0,0,0,0,0,0,0,0,0
2,2004,69558,45214,16920,22251,213547,0,0,0,0,0,0,0,0,0
3,2004,38873,17317,16731,13114,294356,0,0,0,0,0,0,0,0,0
4,2004,13814,3265,8713,8823,200039,0,0,0,0,0,0,0,0,0
5,2004,38679,16785,21327,30877,434310,0,0,0,0,0,0,0,0,0
6,2004,36853,6722,17793,18330,60382,0,0,0,0,0,0,0,0,0
7,2004,104419,2834,75201,21316,3710,0,0,0,0,0,0,0,0,0
8,2004,56190,232,42839,14045,-1,0,0,0,0,0,0,0,0,0
9,2004,48229,2603,32362,7271,2743,0,0,0,0,0,0,0,0,0
10,2004,963985,261574,505907,247303,1508500,0,0,0,0,0,0,0,0,0
11,2004,199988,34374,99003,34181,230019,0,0,0,0,0,0,0,0,0
12,2004,108798,40825,51765,33263,139322,0,0,0,0,0,0,0,0,0
13,2004,50672,4061,27532,30478,101248,0,0,0,0,0,0,0,0,0
14,2004,82463,10777,59496,38181,266603,0,0,0,0,0,0,0,0,0
15,2004,59520,10195,32144,26010,143324,0,0,0,0,0,0,0,0,0
16,2004,124232,21473,66729,29782,282649,0,0,0,0,0,0,0,0,0
17,2004,185759,85054,101471,25991,149319,0,0,0,0,0,0,0,0,0
18,2004,28314,-1,16538,10840,35203,0,0,0,0,0,0,0,0,0
19,2004,81659,36734,29044,10825,102963,0,0,0,0,0,0,0,0,0
20,2004,42579,8101,22186,7750,57850,0,0,0,0,0,0,0,0,0
21,2004,2456360,930084,1278304,323048,4452571,0,0,0,0,0,0,0,0,0
22,2004,309576,224796,101263,14084,321299,0,0,0,0,0,0,0,0,0
72,2004,316070,169591,161700,23906,256636,0,0,0,0,0,0,0,0,0
24,2004,227060,115085,101242,12130,280439,0,0,0,0,0,0,0,0,0
25,2004,342102,-1,189862,22198,322741,0,0,0,0,0,0,0,0,0
26,2004,247950,31822,166094,52792,300371,0,0,0,0,0,0,0,0,0
15,2004,69854,15829,50341,33541,281114,0,0,0,0,0,0,0,0,0
27,2004,104369,22626,61681,12700,317838,0,0,0,0,0,0,0,0,0
28,2004,167003,65358,80972,32282,685784,0,0,0,0,0,0,0,0,0
29,2004,75502,6114,48601,15833,126862,0,0,0,0,0,0,0,0,0
30,2004,93688,21707,51715,17697,89543,0,0,0,0,0,0,0,0,0
31,2004,187247,44829,111630,31395,576587,0,0,0,0,0,0,0,0,0
32,2004,102361,31990,41388,32212,499751,0,0,0,0,0,0,0,0,0
33,2004,82874,31460,31716,6967,177124,0,0,0,0,0,0,0,0,0
34,2004,130705,9527,80098,15312,216480,0,0,0,0,0,0,0,0,0
35,2004,39649,5154,22460,11302,79863,0,0,0,0,0,0,0,0,0
36,2004,4012,108,3327,1818,4608,0,0,0,0,0,0,0,0,0
37,2004,17105,-1,7443,3406,39767,0,0,0,0,0,0,0,0,0
38,2004,18532,3166,11691,6079,35489,0,0,0,0,0,0,0,0,0
39,2004,110727,74513,27179,5285,91217,0,0,0,0,0,0,0,0,0
40,2004,56827,36730,15183,4253,52995,0,0,0,0,0,0,0,0,0
41,2004,41289,30372,6628,561,20126,0,0,0,0,0,0,0,0,0
42,2004,12611,7412,5368,472,18096,0,0,0,0,0,0,0,0,0
43,2004,1130027,324683,552927,147560,1843974,0,0,0,0,0,0,0,0,0
44,2004,73592,28267,38855,17797,233591,0,0,0,0,0,0,0,0,0
45,2004,62848,8203,44981,18726,136150,0,0,0,0,0,0,0,0,0
46,2004,31870,13377,13781,5447,77164,0,0,0,0,0,0,0,0,0
47,2004,149861,42357,41497,13301,327004,0,0,0,0,0,0,0,0,0
48,2004,11644,3005,3739,792,15152,0,0,0,0,0,0,0,0,0
49,2004,154990,70547,50322,9902,187757,0,0,0,0,0,0,0,0,0
50,2004,134206,-1,85575,27661,51964,0,0,0,0,0,0,0,0,0
51,2004,9732,4201,4206,1307,44164,0,0,0,0,0,0,0,0,0
52,2004,76547,17158,55840,3237,125344,0,0,0,0,0,0,0,0,0
53,2004,189706,34018,95177,16264,214671,0,0,0,0,0,0,0,0,0
73,2004,38437,10691,21463,4053,118584,0,0,0,0,0,0,0,0,0
55,2004,4903,2107,2785,590,22504,0,0,0,0,0,0,0,0,0
56,2004,12525,5833,2868,1302,23666,0,0,0,0,0,0,0,0,0
57,2004,9916,6658,2337,1012,18573,0,0,0,0,0,0,0,0,0
58,2004,28673,17692,13736,1030,35049,0,0,0,0,0,0,0,0,0
59,2004,15664,3340,10082,1232,18613,0,0,0,0,0,0,0,0,0
60,2004,53441,18041,23304,5722,64061,0,0,0,0,0,0,0,0,0
61,2004,2347,819,959,566,9392,0,0,0,0,0,0,0,0,0
63,2004,18311,10801,9930,780,20515,0,0,0,0,0,0,0,0,0
74,2004,34582,6811,19819,15330,60582,0,0,0,0,0,0,0,0,0
64,2004,16233,787,11671,1511,39474,0,0,0,0,0,0,0,0,0
65,2004,5508,1655,2462,318,1636,0,0,0,0,0,0,0,0,0
66,2004,5508,1655,2462,318,1636,0,0,0,0,0,0,0,0,0
67,2004,1531,269,984,308,9293,0,0,0,0,0,0,0,0,0
9,2004,1041,143,803,248,5943,0,0,0,0,0,0,0,0,0
68,2004,489,126,180,61,3350,0,0,0,0,0,0,0,0,0
69,2004,5964,1362,4586,1544,10511,0,0,0,0,0,0,0,0,0
0,2005,5949948,2569527,2658947,540415,8525708,3388248,2709277,895865,1228198,0,1400666,3199363,1424616,1774746
1,2005,310140,149935,151580,65960,1036284,391099,234499,231033,179279,0,132791,217540,97861,119679
2,2005,142607,80542,54249,23468,155077,-1,39378,22258,-1,0,61653,77717,34013,43704
3,2005,45796,24314,15803,4941,303962,144502,58912,38094,79031,0,-1,20744,11350,9394
4,2005,14073,8236,10715,6501,187538,118885,80133,-1,82575,0,46975,17216,7731,9485
5,2005,64627,28486,38987,17391,323591,87897,49231,126114,-1,0,11531,56378,26581,29796
6,2005,43037,8357,31826,13660,66116,-1,-1,-1,-1,0,-1,45486,18186,27300
7,2005,56863,9063,46920,6808,22347,5005,-1,10002,-1,0,3951,53728,14396,39333
8,2005,43305,7417,37914,5156,10255,1055,-1,5342,-1,0,3926,43070,10376,32694
9,2005,13557,1645,9005,1653,12092,3950,-1,4659,-1,0,-1,10658,4019,6639
10,2005,1160968,457312,413127,171177,1281436,641906,343190,130764,57196,0,224099,584304,273777,310527
11,2005,209872,66859,81741,32709,224929,156933,-1,-1,-1,0,-1,114450,53100,61349
12,2005,104881,41900,38267,19126,63987,-1,-1,0,-1,0,24418,57393,27535,29858
13,2005,86547,6964,36586,22491,52473,-1,-1,-1,17910,0,-1,59077,27355,31723
14,2005,100161,-1,43667,21377,307174,97050,132389,-1,-1,0,-1,65044,31502,33542
15,2005,72589,14715,31978,16189,84852,46752,-1,9136,-1,0,-1,48167,26394,21773
16,2005,127148,60366,39426,11110,181440,151381,-1,-1,-1,0,-1,50535,21951,28584
17,2005,230228,108955,58506,18464,182820,93946,-1,-1,0,0,77570,76971,37341,39629
18,2005,37065,9157,19959,11315,10156,-1,-1,-1,-1,0,1342,31274,14927,16347
19,2005,151466,85787,39790,8644,119009,-1,-1,55186,-1,0,45340,48434,22061,26373
20,2005,41011,19910,23208,-1,54598,30650,17605,7184,-1,0,-1,32959,11610,21350
21,2005,2787815,1258881,1304189,204578,4270430,1678649,1254749,327287,714760,0,846367,1508767,699107,809661
22,2005,387216,315858,114520,8111,301720,84594,-1,57003,88704,0,71544,122632,64676,57955
72,2005,299949,219202,123030,16210,293356,129826,32511,3351,94469,0,-1,139240,66591,72649
24,2005,260822,135518,101690,8166,163979,65455,-1,0,-1,0,-1,109856,58232,51624
25,2005,327381,95430,167967,16254,244413,91212,-1,-1,88735,0,-1,184221,90451,93771
26,2005,207162,43247,113979,25723,232557,-1,-1,-1,121694,0,-1,139702,65427,74274
15,2005,80654,17432,47705,11121,192526,116700,78339,-1,-1,0,-1,58826,26794,32031
27,2005,121526,49860,60306,14266,370320,244422,191384,40641,81465,0,-1,74572,39815,34757
28,2005,240105,106695,98831,19716,661968,366724,130872,0,14815,0,171870,118547,55458,63089
29,2005,87081,24947,42091,16363,269268,132099,38038,5401,-1,0,66890,58454,26526,31928
30,2005,138613,47784,62971,9606,221037,46733,78672,-1,-1,0,54782,72577,27765,44813
31,2005,256014,69574,158886,27800,426155,106858,124285,-1,-1,0,193042,186686,76326,110360
32,2005,184101,62797,88964,11130,385559,-1,-1,179271,-1,0,110240,100094,37884,62210
33,2005,100493,48900,41119,5128,277666,76116,106141,-1,81522,0,25871,46248,23655,22593
34,2005,96698,21637,82129,-1,229906,-1,173638,-1,-1,0,-1,97113,39507,57606
35,2005,38073,3260,33238,-1,18132,871,422,15093,-1,0,-1,43415,16577,26838
36,2005,3020,642,1629,445,4357,871,365,3112,0,0,-1,2074,619,1455
37,2005,21668,-1,24590,-1,9663,0,0,-1,-1,0,-1,31843,12702,19140
38,2005,13385,1911,7019,2479,-1,0,-1,-1,-1,0,0,9498,3256,6242
39,2005,162936,116648,37454,5405,70544,21644,19241,6908,-1,0,-1,42859,20493,22366
40,2005,95098,60583,20518,3844,47399,16240,16895,-1,-1,0,-1,24362,11411,12951
41,2005,51185,44686,12647,621,17148,-1,-1,2237,-1,0,-1,13267,6509,6758
42,2005,16653,11378,4290,941,5997,-1,-1,-1,-1,0,-1,5230,2573,2657
43,2005,1419629,570647,664782,74089,1801617,642578,846499,172198,248999,0,174834,738871,299114,439758
44,2005,84316,39158,38479,8418,237691,107560,97581,-1,29338,0,-1,46897,14249,32647
45,2005,70634,15833,40872,7380,57786,48086,-1,-1,0,0,-1,48251,17571,30680
46,2005,39948,13015,19969,2820,78752,48224,-1,0,-1,0,7429,22790,12143,10646
47,2005,202463,80978,91680,8135,367704,-1,246045,56067,73193,0,-1,99815,39148,60666
48,2005,14503,3283,6976,-1,-1,7870,-1,0,0,0,-1,7132,3270,3862
49,2005,223915,159385,79839,4249,144478,101376,-1,21818,-1,0,-1,84089,41174,42914
50,2005,106503,16758,67550,4624,67581,-1,-1,-1,-1,0,-1,72174,22101,50073
51,2005,20919,10769,10504,1202,47313,16164,30641,0,13361,0,-1,11706,4336,7371
52,2005,99678,20272,68415,5338,130823,15923,46539,-1,47385,0,-1,73752,32484,41268
53,2005,197372,64074,77303,9656,195536,62088,125771,-1,0,0,-1,86959,35405,51554
73,2005,86171,33421,46069,3562,162064,-1,113466,0,50537,0,-1,49631,22249,27383
55,2005,7850,4802,2640,361,17692,-1,-1,-1,3522,0,5265,3001,1533,1468
56,2005,25552,8814,5309,1598,8718,1042,-1,-1,-1,0,-1,6906,2687,4220
57,2005,15300,9989,3110,482,21458,3895,5382,5207,4565,0,6933,3592,1913,1679
58,2005,40124,17273,14646,606,17493,-1,-1,9502,-1,0,-1,15252,5958,9294
59,2005,17383,7400,4646,340,23872,-1,22834,-1,-1,0,-1,4986,2187,2800
60,2005,76675,36024,36011,4709,40544,10290,15240,-1,-1,0,-1,40720,15134,25586
61,2005,4492,2054,1435,588,12697,10076,10796,0,0,0,-1,2023,895,1128
63,2005,27107,13257,14420,675,20084,4982,7776,2874,4929,0,-1,15095,6695,8400
74,2005,42240,11382,22863,8097,99152,66644,30287,-1,-1,0,-1,30960,13334,17626
64,2005,16484,2702,12047,1094,24076,19630,-1,-1,0,0,-1,13140,4648,8492
65,2005,6618,2328,2301,428,9166,-1,5367,-1,-1,0,-1,2729,985,1744
66,2005,6618,2328,2301,428,9166,-1,5367,-1,-1,0,-1,2729,985,1744
67,2005,1625,140,1035,235,5143,2696,2291,142,1215,0,265,1269,746,524
9,2005,1152,92,728,146,4191,2163,1837,142,1160,0,-1,874,559,315
68,2005,473,-1,306,89,953,-1,454,0,-1,0,-1,396,187,209
69,2005,5279,1315,4321,1558,10608,-1,-1,-1,-1,0,-1,5879,1562,4317
0,2006,5625162,2447480,2365757,875470,10957338,4162767,2999105,1178769,1597367,272186,747145,3241227,1396757,1844470
1,2006,229370,80840,113088,59670,1402074,501700,388801,165557,226257,24646,95113,172758,74337,98421
2,2006,85571,33487,33433,17546,194833,-1,59858,44956,20709,-1,16591,50979,19983,30996
3,2006,43724,16466,16672,8930,327428,168012,80567,19497,51163,-1,-1,25602,12024,13579
4,2006,15371,5918,10572,5764,247433,84917,87104,-1,23090,0,47743,16336,7505,8831
5,2006,40794,19861,31527,15500,539108,173015,136262,94118,106510,-1,-1,47027,20821,26206
6,2006,43909,5108,20885,11929,93273,33999,25009,2406,24785,-1,-1,32814,14005,18810
7,2006,51542,19138,35512,4942,33333,5841,2395,-1,-1,-1,-1,40454,10364,30090
8,2006,15829,2541,12576,2128,7229,-1,-1,3244,-1,0,-1,14703,3615,11088
9,2006,35714,-1,22936,2814,26103,-1,-1,-1,-1,-1,-1,25750,6749,19002
10,2006,1032119,426550,374181,149217,1936811,872036,416320,224741,145582,-1,258221,523398,243990,279407
11,2006,197534,73907,69046,26360,409980,174766,-1,-1,-1,-1,-1,95406,37615,57791
12,2006,112744,52868,44187,11967,163487,75589,-1,13632,0,-1,41155,56154,27129,29025
13,2006,65532,19268,26533,21108,101795,33777,-1,-1,22985,0,34618,47641,26681,20961
14,2006,86508,29761,45043,17375,273008,131896,59665,5586,-1,-1,-1,62417,33057,29361
15,2006,92826,25176,48137,25901,148476,57826,64197,-1,-1,0,-1,74038,38092,35946
16,2006,92134,32219,36161,12834,279026,143644,78462,-1,-1,-1,-1,48995,21204,27791
17,2006,204981,111934,46186,10740,361917,155889,81657,81292,0,0,-1,56926,26398,30527
18,2006,25943,3816,11485,7873,-1,-1,0,-1,-1,0,-1,19358,9123,10235
19,2006,113232,64071,26138,6170,105449,47542,16014,-1,0,0,-1,32309,13836,18473
20,2006,40686,13530,21265,8889,89705,50809,17790,-1,-1,0,-1,30154,10856,19298
21,2006,2817045,1329432,1220291,411830,5694413,2000357,1540599,590326,1058033,182023,323075,1632121,736209,895913
22,2006,249229,181105,80281,13780,316157,-1,-1,-1,84277,-1,107437,94061,41304,52756
72,2006,239397,162708,80637,13298,212868,-1,55472,-1,83026,-1,-1,93934,48706,45228
24,2006,239058,165895,67985,5146,165881,-1,-1,-1,57916,-1,-1,73131,38553,34577
25,2006,315098,103766,131418,13503,322613,-1,-1,-1,184559,-1,-1,144920,73293,71627
26,2006,220106,65794,87165,27040,518394,153381,116622,-1,139550,-1,-1,114205,53138,61066
15,2006,102672,21987,60158,12079,260215,112723,99538,-1,29870,-1,-1,72237,31393,40843
27,2006,93947,43981,52156,8666,388302,245289,95676,-1,-1,-1,-1,60823,29292,31531
28,2006,161234,42014,97151,19082,923861,494765,169004,-1,-1,-1,22240,116233,53600,62633
29,2006,78963,13248,55592,10836,445930,218221,104515,-1,94422,-1,-1,66428,26615,39813
30,2006,119187,40878,55971,12452,199053,64879,70588,-1,-1,-1,-1,68423,27066,41356
31,2006,126141,44331,86253,14164,411864,197744,158832,-1,-1,0,-1,100417,46538,53878
32,2006,201977,50542,77425,212039,338364,-1,-1,201705,60489,-1,7854,289463,114287,175176
33,2006,126595,58442,45486,4873,288356,144562,101191,-1,-1,-1,-1,50359,24249,26110
34,2006,97142,21044,51993,-1,339328,-1,217093,-1,0,0,-1,54350,17264,37086
75,2006,149128,126159,51308,4891,97762,36624,-1,29457,-1,-1,8025,56199,30142,26057
76,2006,136260,107477,47315,7920,64908,7469,-1,4367,25930,-1,-1,55236,28980,26255
77,2006,160913,80060,91997,29706,400555,131690,180534,-1,44701,0,-1,121704,51786,69917
35,2006,58903,-1,27985,169010,32002,-1,-1,-1,228,0,-1,196995,51864,145132
36,2006,3142,297,2083,367,2538,1273,1037,0,228,0,0,2450,970,1480
37,2006,40055,-1,20433,792,-1,0,-1,0,0,0,0,21225,7905,13320
38,2006,15706,-1,5469,167851,29289,-1,-1,-1,0,0,-1,173320,42989,1
39,2006,143107,87806,31981,4519,46851,9016,-1,27368,1567,-1,5924,36501,17304,19197
40,2006,72346,32013,16904,2986,14335,-1,-1,-1,-1,-1,-1,19889,8774,11116
41,2006,50955,43809,9206,1196,17722,-1,-1,15167,-1,0,-1,10402,5486,4916
42,2006,19806,11984,5872,-1,14794,-1,-1,-1,-1,-1,-1,6210,3044,3166
43,2006,1279358,493408,556111,74689,1780697,745921,635415,140413,157906,44068,56974,630800,259333,371467
44,2006,72857,38247,38861,6897,220217,91419,71187,-1,-1,-1,-1,45757,17986,27772
45,2006,62930,11513,32905,5246,68517,-1,-1,-1,0,-1,0,38152,16147,22005
46,2006,30268,8554,15977,3261,80973,52422,20272,-1,-1,-1,0,19238,9020,10218
47,2006,154528,37307,70123,12124,157745,55919,64951,-1,-1,0,-1,82247,32484,49764
48,2006,10206,3050,5751,-1,17683,-1,-1,-1,0,0,-1,6201,1642,4559
49,2006,203302,139942,62258,5057,187453,91786,50324,20859,-1,-1,-1,67314,28743,38572
50,2006,103923,20522,52329,5669,178687,-1,-1,-1,0,0,-1,57997,18665,39333
51,2006,16416,6986,7721,778,45875,20396,13433,-1,-1,0,-1,8499,3816,4684
52,2006,89601,20273,51266,4279,127689,43841,50969,-1,24781,0,-1,55545,25670,29875
53,2006,212997,62563,83037,10983,210295,80992,83204,30559,-1,0,0,94019,35550,58470
73,2006,76550,43781,30357,6885,217872,-1,123496,0,58616,0,-1,37242,16420,20822
55,2006,6448,4178,2265,459,8931,-1,-1,3523,-1,0,1608,2724,1226,1498
56,2006,19561,5373,7027,1106,10831,-1,7950,-1,0,0,-1,8134,3261,4873
57,2006,16187,9784,4612,530,17325,-1,5732,2629,0,-1,7677,5142,2334,2808
58,2006,26854,13115,8526,500,-1,-1,-1,-1,0,0,0,9026,3946,5080
59,2006,21146,12029,6539,796,19374,874,15878,-1,-1,-1,-1,7335,4269,3066
60,2006,85464,35124,39305,2778,43556,30683,2753,-1,-1,-1,0,42083,17899,24184
61,2006,5563,1870,2054,384,11339,5509,5252,280,0,-1,-1,2439,1041,1397
63,2006,20341,10788,11054,998,16228,5425,3075,-1,5741,0,1180,12052,5419,6633
74,2006,30118,6843,14185,4282,81339,59311,-1,0,0,0,-1,18467,9113,9354
64,2006,14095,1565,9962,1225,33341,29216,-1,-1,0,0,0,11186,4684,6502
65,2006,6665,2298,2641,539,-1,-1,-1,-1,-1,0,-1,3180,1381,1798
66,2006,6665,2298,2641,539,-1,-1,-1,-1,-1,0,-1,3180,1381,1798
67,2006,2664,568,1700,359,11760,5273,4761,547,-1,-1,824,2059,998,1061
9,2006,1887,281,1296,312,10615,4636,4253,547,-1,-1,824,1608,724,884
68,2006,777,287,403,-1,1145,-1,-1,0,0,0,0,451,273,178
69,2006,4387,1187,2267,694,17071,7431,3820,0,5632,-1,0,2961,978,1983
0,2007,7084627,3293033,2762813,618604,13910148,4724568,4128191,1574600,1399184,381726,1701879,3381417,1436658,1944759
1,2007,243483,119306,93039,49774,1700878,555437,617858,239270,112162,35239,140913,142813,64461,78352
2,2007,58326,29286,22762,15855,161124,18047,72810,24469,-1,-1,33645,38616,15054,23562
3,2007,63473,32032,19633,6574,335849,136416,166425,8247,-1,-1,-1,26207,14628,11579
4,2007,20095,7861,9907,7368,316705,181410,97524,33906,-1,-1,-1,17275,7775,9500
5,2007,61508,36575,26849,10752,691880,156300,232294,106046,101471,-1,87703,37601,17142,20459
6,2007,40080,13552,13888,9226,195321,63264,48806,-1,-1,0,-1,23114,9862,13252
7,2007,94588,4067,81800,47995,55853,17056,18607,12288,-1,0,-1,129795,34122,95672
8,2007,65202,3308,58062,27496,48758,17056,18558,11502,0,0,-1,85558,19498,66060
9,2007,29386,759,23738,20499,-1,0,-1,-1,-1,0,-1,44237,14624,29612
10,2007,1538745,695428,468044,187362,3237422,1230054,923676,233162,100872,-1,682582,655407,300373,355034
11,2007,401256,121389,104627,38278,302095,154909,-1,-1,-1,-1,-1,142905,55588,87317
12,2007,145860,57323,39580,15655,277550,77791,46996,6557,-1,-1,101038,55236,26090,29146
13,2007,113223,31043,51090,21282,198909,76107,66575,-1,-1,-1,8125,72372,34728,37644
14,2007,139042,75571,52467,18251,421703,-1,247803,10573,0,0,-1,70718,36542,34175
15,2007,116824,46372,53446,23536,240210,55213,127480,-1,-1,-1,-1,76982,44411,32571
16,2007,175303,98506,50081,23029,478680,223725,85108,51832,-1,-1,-1,73110,34533,38577
17,2007,258076,164826,57181,13038,916183,480992,149102,-1,-1,-1,185869,70219,31576,38643
18,2007,36151,11645,12176,11211,12184,-1,-1,-1,-1,-1,-1,23387,9868,13520
19,2007,108743,76111,19013,2982,275760,56044,-1,-1,-1,0,117297,21994,11281,10713
20,2007,42159,12510,27147,19545,112565,19917,79113,-1,-1,0,-1,46692,14876,31815
78,2007,2109,132,1237,555,1581,684,897,0,0,0,0,1792,880,912
21,2007,3440035,1700160,1397784,234915,6194538,1871403,1756571,821610,870424,218352,656177,1632699,696031,936669
22,2007,318518,268808,61724,9196,351456,-1,-1,105003,156924,-1,-1,70921,32319,38602
72,2007,240084,140030,75584,15070,289316,-1,103365,-1,88467,-1,-1,90654,43777,46877
24,2007,263728,155836,85392,9968,187133,-1,58428,7964,38202,-1,11684,95360,44175,51185
25,2007,440210,170921,190646,14901,504546,137477,125583,52089,120840,-1,-1,205546,86588,118958
26,2007,368815,135108,144700,16939,300740,94491,117520,-1,-1,-1,-1,161639,76756,84883
15,2007,136388,31848,84945,18509,260636,85852,153601,-1,-1,-1,-1,103453,39880,63573
27,2007,123878,56205,72753,23795,419060,173340,131595,11713,-1,-1,65798,96548,45820,50729
28,2007,172208,70523,103473,22737,594404,187507,138300,-1,-1,-1,120078,126210,51172,75038
29,2007,122426,26257,68655,20993,615187,294659,201644,-1,92940,0,-1,89648,37130,52518
30,2007,183773,84061,67754,14900,248662,189760,15700,-1,-1,0,-1,82654,31346,51307
31,2007,142884,41787,81417,15111,416975,162343,233680,-1,-1,-1,-1,96528,40569,55959
32,2007,131180,43110,52954,10698,545959,9805,-1,342865,-1,-1,-1,63651,19975,43676
33,2007,140269,83511,58014,7578,311866,88576,150787,-1,35098,-1,-1,65591,29891,35700
34,2007,126617,42983,76226,5319,378510,-1,125629,-1,-1,-1,-1,81544,30441,51103
77,2007,219097,106467,96078,16879,574408,256632,-1,-1,-1,-1,81138,112957,41300,71657
75,2007,142699,126595,37689,6364,75801,-1,10691,-1,-1,-1,27089,44053,22652,21401
76,2007,167262,116109,39783,5958,119878,-1,-1,0,37882,-1,-1,45741,22239,23502
35,2007,62257,4820,25816,3518,34359,-1,-1,-1,0,-1,-1,29335,10355,18980
36,2007,2947,379,845,315,5402,-1,0,-1,0,0,-1,1160,355,806
37,2007,24084,-1,6787,1765,-1,-1,-1,-1,0,0,0,8552,3874,4678
38,2007,-1,3222,-1,1438,-1,-1,-1,-1,0,-1,-1,-1,-1,-1
39,2007,155070,116596,31085,6972,128653,20137,45515,13485,20087,14306,15125,38057,17650,20407
40,2007,67710,40058,12048,5211,82086,4320,41172,9080,666,14055,12792,17259,7264,9995
41,2007,60811,57104,11397,865,30256,12291,-1,2061,15482,0,0,12262,5848,6414
42,2007,6422,4778,1616,-1,4877,-1,-1,-1,1923,0,-1,1997,1305,692
79,2007,10836,7638,1339,135,6228,1662,1968,0,-1,-1,1994,1474,768,706
80,2007,9291,7018,4685,380,5207,-1,1728,1026,1663,0,-1,5065,2465,2600
43,2007,1506422,641292,644372,83243,2531890,1022317,755366,224206,287908,45980,196112,727615,304887,422728
44,2007,118906,49219,64725,10324,287126,102682,137828,-1,-1,-1,-1,75048,25761,49287
45,2007,96713,30683,54269,8804,103413,58628,27291,-1,-1,-1,0,63073,28076,34997
46,2007,38643,14075,20185,2780,176419,105156,32545,-1,-1,0,-1,22965,10622,12343
47,2007,152275,44980,63755,8636,281309,99020,69511,-1,-1,-1,-1,72391,22039,50352
48,2007,16043,3418,4150,-1,18145,-1,-1,-1,-1,-1,-1,4487,2168,2319
49,2007,122211,69213,51902,7186,365509,153515,106087,27496,-1,-1,68589,59088,26573,32516
50,2007,122880,16602,58764,9355,-1,-1,-1,-1,0,0,-1,68119,28340,39780
51,2007,19096,10316,8718,833,44890,30214,-1,-1,-1,0,12783,9551,3815,5736
52,2007,160097,44510,100159,5106,183314,64782,42597,-1,64585,0,-1,105266,46909,58357
53,2007,272897,148699,85418,9854,387650,108740,164074,102522,0,-1,-1,95271,44200,51072
73,2007,87138,48373,30388,5840,181005,65476,-1,2833,74656,-1,-1,36229,16949,19280
55,2007,9378,4103,3526,715,19291,4035,8793,-1,-1,0,5397,4241,1877,2363
56,2007,30679,16188,8098,1087,37064,6727,-1,-1,-1,0,17857,9186,4370,4815
57,2007,15612,8499,2741,1057,30125,783,9748,-1,8087,-1,11164,3799,1883,1915
58,2007,33270,23602,10800,-1,40106,-1,-1,-1,0,-1,-1,11455,4966,6490
59,2007,18467,10869,5104,-1,13974,-1,-1,-1,0,-1,3910,5279,2211,3069
60,2007,95849,51564,30164,4486,50063,30386,17312,-1,0,0,-1,34650,13795,20855
61,2007,9665,-1,2633,271,25327,9388,15879,-1,0,-1,0,2904,1481,1423
63,2007,26157,19000,8827,408,29045,16650,9798,-1,1408,0,-1,9235,3998,5237
74,2007,42969,16699,20257,3143,131168,78789,33977,-1,-1,0,4239,23400,10144,13256
64,2007,17476,3786,9786,2192,36085,29061,-1,-1,0,0,0,11978,4710,7268
81,2007,35341,8155,16630,3813,6703,-1,-1,-1,1855,0,1423,20443,6866,13577
82,2007,11350,5577,4554,-1,-1,-1,-1,-1,0,0,-1,4653,1704,2949
83,2007,12700,-1,7726,-1,0,0,0,0,0,0,0,10837,3609,7228
84,2007,3683,2242,1485,141,2033,-1,-1,0,-1,0,492,1626,474,1152
85,2007,7608,327,2865,462,1778,0,-1,-1,1672,0,-1,3327,1079,2248
65,2007,4376,2032,1888,417,2958,-1,-1,-1,-1,0,-1,2305,787,1517
66,2007,4376,2032,1888,417,2958,-1,-1,-1,-1,0,-1,2305,787,1517
69,2007,4310,1177,2355,594,16894,3125,8709,1700,2675,-1,-1,2949,1126,1824
0,2008,9254149,4051604,4780074,1655966,12717310,5049523,4506192,1782918,1800083,340245,1555234,6436041,2624920,3811121
1,2008,353110,187789,128271,72805,1206817,490809,519186,398622,80581,138262,57973,201076,88020,113056
2,2008,111627,57713,37387,15690,147863,55465,45207,34595,-1,-1,-1,53077,23755,29321
3,2008,75956,51130,19584,9112,393442,123161,216026,99454,-1,91181,-1,28695,12204,16491
4,2008,17494,4579,10025,3987,164601,72613,57963,63396,-1,26693,-1,14012,5708,8303
5,2008,101088,55303,38500,31240,374177,198853,134464,179477,-1,-1,7366,69740,30175,39565
6,2008,46945,19065,22776,12776,126734,40717,65525,-1,-1,0,14822,35552,16177,19375
7,2008,96583,3358,73429,13127,-1,-1,-1,-1,-1,-1,-1,86556,22641,63915
8,2008,53694,1280,37807,8731,-1,0,-1,-1,-1,0,0,46538,12955,33582
9,2008,42889,-1,35622,-1,-1,-1,-1,-1,-1,-1,-1,40018,9686,30332
10,2008,1922260,867733,831051,348786,3122880,1444430,959801,302496,165199,33966,445689,1179837,528742,651095
11,2008,375074,138227,157174,28184,423593,183139,-1,-1,-1,-1,74941,185357,70938,114419
12,2008,162482,74262,36827,16253,316056,153514,110266,-1,-1,0,68723,53080,20794,32286
13,2008,179870,66310,107935,75602,212833,83253,72349,-1,35006,-1,-1,183538,78050,105488
14,2008,330026,102821,221141,124163,552111,226329,226559,-1,-1,-1,-1,345304,170635,174669
15,2008,178420,63725,101750,28302,268674,95903,119768,-1,-1,-1,8636,130053,64980,65073
16,2008,210024,117857,77713,24425,477925,367580,137240,52233,-1,-1,-1,102138,48144,53994
17,2008,275756,181268,59338,13768,496014,185220,183899,-1,0,0,-1,73105,32468,40637
18,2008,39234,10609,17664,12101,59973,17107,-1,-1,-1,0,-1,29765,12791,16974
19,2008,129755,97939,28480,6108,253568,86479,-1,-1,-1,-1,52972,34588,14678,19910
20,2008,39772,14679,21533,19198,60057,44449,7531,-1,-1,-1,-1,40731,14296,26435
78,2008,1848,-1,1496,682,2076,1456,-1,0,0,0,0,2178,967,1211
21,2008,4482815,2084023,2422615,907587,5881032,2010331,2003978,780887,1283476,138038,845285,3330203,1347408,1982795
22,2008,271829,220376,59493,11540,244228,-1,72289,50674,121131,-1,-1,71034,30066,40968
72,2008,316111,206031,118078,18310,357687,51877,75945,24384,128119,-1,68902,136388,64648,71739
24,2008,264088,176717,99510,11678,230370,92271,-1,30494,75986,-1,35889,111188,50593,60595
25,2008,511747,200717,328641,25998,378568,-1,162874,-1,-1,-1,107244,354639,139296,215343
26,2008,471253,199574,263383,89006,520060,-1,41173,-1,69099,-1,280435,352389,152491,199898
15,2008,238657,75408,139130,56342,315242,138769,182760,6709,110725,-1,-1,195471,83911,111561
27,2008,134771,67565,89548,39000,345758,211915,163351,-1,73685,-1,22792,128548,59074,69474
28,2008,270282,71193,193033,117511,546915,213764,230206,-1,-1,-1,-1,310544,132958,177586
29,2008,159517,57207,86616,19133,369835,174819,95242,0,105052,-1,-1,105749,46501,59248
30,2008,301177,118538,160415,-1,267604,125517,131547,-1,110094,-1,23861,233329,77244,156085
31,2008,227872,61874,148926,84063,225253,62557,171918,-1,-1,0,-1,232989,96428,136561
32,2008,255087,73880,140337,-1,716200,201644,149452,-1,-1,-1,10784,306289,108246,198043
33,2008,184968,101117,93337,-1,292516,70348,139133,-1,-1,-1,85434,122612,51193,71419
34,2008,199206,46659,166453,49195,373303,64504,227152,-1,-1,-1,-1,215647,76102,139545
77,2008,328285,111929,242030,106098,400057,326478,-1,-1,-1,0,-1,348128,130590,217537
75,2008,185727,168520,31414,3572,146411,-1,-1,-1,78074,-1,-1,34986,17087,17899
76,2008,162239,126719,62270,8003,151025,-1,38225,-1,49478,-1,-1,70273,30980,39293
35,2008,155282,9652,118481,83249,25899,10328,-1,-1,0,0,-1,201730,66740,134990
36,2008,7469,-1,4965,-1,-1,-1,-1,0,0,0,0,14462,3975,10487
37,2008,108531,-1,81244,57801,-1,-1,-1,-1,0,0,0,139045,48323,90722
38,2008,39283,-1,32273,-1,21149,-1,-1,-1,0,0,-1,48224,14443,33781
39,2008,176518,108007,38145,5144,156384,-1,36887,75074,-1,-1,8431,43289,18934,24355
40,2008,90075,39150,21430,3473,129461,-1,-1,66843,-1,0,-1,24903,9562,15341
41,2008,53089,46787,8634,-1,-1,-1,-1,-1,-1,0,-1,9422,5212,4211
42,2008,9851,5986,3615,597,5437,0,0,-1,-1,0,-1,4212,1755,2456
79,2008,14990,9942,1471,87,10952,4958,2786,-1,3002,-1,2206,1558,805,753
80,2008,8513,6141,2996,199,274,-1,-1,-1,0,0,0,3195,1601,1593
43,2008,2029702,783164,1145659,221449,2280573,1055530,973945,188660,242525,29808,195024,1367109,543111,823997
44,2008,170164,52421,130059,76679,312565,148548,110102,-1,-1,-1,34854,206737,65395,141343
45,2008,105948,27764,73240,13973,157018,81160,54083,-1,-1,-1,-1,87212,31038,56175
46,2008,58936,19163,35271,4034,84237,44742,26975,-1,0,0,-1,39304,18153,21152
47,2008,166537,58745,94011,12326,335374,153633,160528,-1,82654,-1,-1,106337,46831,59506
48,2008,17395,4573,7436,-1,18856,-1,-1,4252,-1,0,-1,8958,3180,5778
49,2008,212341,85230,122808,21908,205379,132911,54462,-1,-1,-1,33542,144716,63308,81408
50,2008,144139,44015,87804,-1,54103,-1,-1,-1,0,0,-1,100837,43033,57805
51,2008,18010,9632,7390,772,49935,24085,-1,0,-1,0,-1,8162,3245,4917
52,2008,212763,41797,151479,5971,168794,41270,83961,-1,49333,0,-1,157450,61951,95500
53,2008,390111,176867,161928,15013,312906,122145,216407,82353,-1,-1,-1,176941,68321,108619
73,2008,101459,59449,40514,-1,183455,64972,68921,9305,34110,-1,-1,45655,20458,25197
55,2008,11438,4338,6203,785,14864,4509,6146,-1,-1,0,-1,6988,2861,4127
56,2008,35784,21726,14252,934,39035,24661,8668,1023,-1,-1,5982,15185,6312,8874
57,2008,18316,8983,7166,844,8856,4134,-1,-1,-1,0,4052,8010,4028,3982
58,2008,37230,23496,12757,405,38295,-1,-1,-1,-1,0,0,13162,4205,8957
59,2008,18884,8636,8195,-1,19163,-1,13999,0,0,0,-1,10533,5261,5272
60,2008,157007,80611,86290,5595,60633,23045,39737,-1,0,0,-1,91884,40491,51393
61,2008,10110,7639,2911,332,20351,18255,16281,0,0,0,-1,3243,1527,1716
63,2008,29572,15258,14559,897,15112,5664,6613,2702,-1,-1,-1,15457,6518,8938
74,2008,70948,25568,44736,29094,148231,81017,46841,-1,-1,0,-1,73830,29718,44112
64,2008,42609,7254,36652,9855,33409,25152,-1,0,0,0,-1,46507,17277,29230
81,2008,23011,4615,13941,2381,9195,1177,-1,6419,-1,0,1140,16322,5978,10344
82,2008,4557,1822,1727,-1,-1,-1,-1,-1,0,0,-1,2137,1040,1097
83,2008,12349,-1,9915,1221,-1,-1,-1,-1,0,0,-1,11136,3774,7362
84,2008,3409,1955,834,122,4035,-1,-1,3729,-1,0,-1,956,360,596
85,2008,2696,-1,1465,-1,-1,-1,-1,0,0,0,-1,2093,804,1289
65,2008,8143,2293,4855,240,6211,5098,-1,-1,-1,-1,-1,5095,1897,3198
66,2008,8143,2293,4855,240,6211,5098,-1,-1,-1,-1,-1,5095,1897,3198
69,2008,6724,971,3626,1199,11512,-1,6514,-1,-1,0,-1,4825,1449,3377
1,2009,474887,231067,239379,102275,1837917,691165,620138,273085,132987,-1,109880,341654,145461,196193
7,2009,129487,2307,113112,9762,-1,-1,-1,-1,0,0,-1,122873,30233,92640
10,2009,1743235,961367,659182,231537,2759444,1113332,753053,295244,79263,-1,418693,890719,410856,479863
21,2009,4098335,2200707,1724756,354487,7225243,2043011,2413475,635405,1553626,95746,483980,2079244,922171,1157073
35,2009,113926,-1,58037,67621,79030,-1,-1,-1,0,0,0,125658,41464,84195
39,2009,183126,116228,52892,5991,180243,11208,89911,10356,66862,0,-1,58882,27621,31261
43,2009,1675940,747844,794199,96140,2656947,817807,1010811,242595,378401,-1,204899,890339,355130,535209
81,2009,22861,8693,10290,1538,13132,6005,555,3306,-1,0,-1,11829,5386,6443
65,2009,4434,1515,1985,325,7475,3085,-1,-1,-1,0,-1,2310,800,1511
69,2009,8498,1634,5334,1135,21005,5286,4493,-1,5325,-1,-1,6470,2006,4464
0,2010,8960286,5105865,3454537,638449,17374674,4937871,5853944,1804092,3031224,0,1747542,4092986,1811526,2281460
1,2010,407002,165422,180538,71528,1898172,651533,647556,336044,155669,0,107370,252067,112764,139303
2,2010,134509,37634,71622,25358,428129,137528,100267,33138,60089,0,97106,96980,43059,53921
3,2010,95892,49159,33188,11336,464523,204999,199508,-1,40085,0,-1,44524,21545,22979
4,2010,23435,10197,8726,4734,273585,93490,112684,39605,-1,0,-1,13459,5789,7671
5,2010,74663,31009,38195,11448,409805,147750,146401,90741,-1,0,-1,49643,22970,26673
6,2010,78504,37422,28808,18652,322130,67765,-1,-1,-1,0,-1,47460,19401,28059
7,2010,81737,15534,48210,7577,10817,-1,-1,-1,0,0,-1,55788,14187,41601
8,2010,46747,-1,26727,4029,9114,-1,-1,-1,0,0,-1,30755,8020,22735
9,2010,34990,8321,21484,-1,-1,-1,-1,0,0,0,-1,25033,6166,18866
10,2010,1710085,899175,641994,181907,2640357,1212105,671137,317952,95133,0,344030,823901,393931,429970
11,2010,262074,110966,135075,36198,270677,153594,-1,-1,-1,0,-1,171273,80979,90295
12,2010,180987,68150,89046,14553,227343,-1,-1,-1,-1,0,-1,103599,44114,59485
13,2010,93695,30570,42447,14052,254903,87151,113482,5768,34132,0,-1,56498,26078,30420
14,2010,159953,73093,67562,25536,278178,158474,101494,-1,-1,0,-1,93097,42159,50938
15,2010,149544,76761,62172,27842,371700,126463,172707,-1,-1,0,20926,90015,50817,39198
16,2010,261441,165580,73250,25167,667501,346596,140008,-1,-1,0,-1,98417,45842,52575
17,2010,326336,227181,88397,14766,320221,147069,-1,-1,0,0,-1,103163,55955,47208
18,2010,40667,7526,29635,9625,56132,38469,-1,-1,0,0,-1,39260,17828,21432
19,2010,201563,133014,36384,10571,104399,-1,62651,-1,-1,0,-1,46956,20324,26631
20,2010,30829,5975,16899,3053,88266,36763,-1,-1,-1,0,-1,19952,9096,10856
78,2010,2997,359,1127,545,1036,410,528,0,0,0,-1,1672,738,934
21,2010,4357670,2675186,1554792,251037,8676085,2047736,3043937,704386,1956794,0,923232,1805829,815425,990404
22,2010,364008,295517,104818,14589,520319,85083,-1,-1,166289,0,132851,119408,50356,69052
72,2010,507704,413311,114670,12590,823955,144559,223120,17652,391429,0,-1,127260,57238,70022
24,2010,372329,299137,128074,7498,399860,108328,98350,17175,146674,0,-1,135571,66816,68755
25,2010,455822,206437,174108,21379,679223,114441,137895,-1,226494,0,157550,195487,90098,105389
26,2010,310130,153247,88504,20152,542675,116520,282330,-1,119124,0,-1,108656,53672,54985
15,2010,161648,72886,67814,14806,277051,110026,117313,-1,-1,0,-1,82620,37918,44702
27,2010,139735,86349,48116,15248,604086,215086,266882,-1,-1,0,60465,63364,34421,28943
28,2010,202951,79293,114701,23295,613888,145802,186979,-1,-1,0,-1,137996,64124,73872
29,2010,208103,65814,122409,17941,569486,166311,223262,-1,135727,0,-1,140350,62287,78062
30,2010,211909,90212,118854,23390,315398,153985,-1,-1,106496,0,-1,142244,61115,81129
31,2010,196197,74336,109099,19614,482158,44402,364351,-1,-1,0,-1,128713,56295,72418
32,2010,141728,74756,41122,4440,424092,-1,-1,281339,-1,0,-1,45562,14684,30878
33,2010,166162,113332,49035,7670,712672,159970,229602,48715,91481,0,182903,56705,26318,30387
34,2010,164983,-1,83786,12299,552235,-1,379412,-1,-1,0,-1,96085,35148,60937
77,2010,286651,193783,76349,-1,750921,267847,356072,-1,109675,0,-1,91209,37440,53769
75,2010,237500,212832,59086,4552,175017,56930,-1,-1,83362,0,-1,63638,33323,30314
76,2010,230111,176422,54247,16715,233050,69538,12069,-1,124770,0,-1,70962,34174,36788
35,2010,36062,8087,21288,14381,118162,-1,-1,89152,-1,0,-1,35669,12929,22741
36,2010,3600,972,2305,-1,4663,-1,2226,-1,-1,0,-1,2599,711,1888
37,2010,10043,-1,4571,-1,-1,-1,-1,-1,0,0,-1,9722,3700,6022
38,2010,22419,4769,14413,8936,87683,-1,-1,79076,-1,0,0,23349,8518,14831
39,2010,299142,232033,135252,7557,248199,32486,39650,69376,82754,0,23933,142809,72268,70541
40,2010,146195,104428,47217,6286,173786,24363,-1,52096,48156,0,-1,53504,27351,26153
41,2010,108929,88676,61979,647,35612,-1,-1,-1,30413,0,0,62626,32258,30367
42,2010,15585,13192,4722,214,9720,2495,-1,-1,-1,0,-1,4936,2806,2131
79,2010,0,0,0,0,0,0,0,0,0,0,0,0,0,0
80,2010,28433,25736,21334,409,29081,5438,7833,11685,2093,0,-1,21743,9853,11890
43,2010,2029892,1100134,848241,91813,3714305,964308,1422168,262763,732109,0,332956,940054,378006,562048
44,2010,128821,59505,65163,13033,741597,144510,281271,-1,221590,0,67976,78196,27022,51174
45,2010,87731,33274,41352,4150,240591,122552,96314,-1,-1,0,-1,45502,18935,26567
46,2010,43446,20459,23681,1868,98197,22028,58872,-1,0,0,-1,25550,13743,11807
47,2010,253418,132844,128203,5156,670860,89742,245067,-1,245532,0,-1,133360,39077,94283
48,2010,24799,11618,10029,-1,24665,-1,-1,-1,-1,0,-1,13895,5635,8260
49,2010,197618,125676,69001,4737,242982,104236,82744,-1,-1,0,-1,73738,31526,42212
50,2010,138797,45910,75205,3254,173152,38378,95930,18033,-1,0,-1,78459,34040,44419
51,2010,21651,11488,11108,763,90682,12554,58330,-1,15542,0,-1,11872,4734,7137
52,2010,181644,69804,93084,7744,190755,50458,76222,-1,45505,0,-1,100828,45457,55372
53,2010,404125,263390,117357,20803,352032,-1,182554,61822,-1,0,-1,138161,53811,84349
73,2010,115659,67443,50921,6104,225380,42473,44362,-1,43998,0,93454,57025,27618,29407
55,2010,15262,10662,4363,418,40088,633,32673,-1,-1,0,-1,4781,1983,2798
56,2010,38575,21620,14410,1956,50423,8426,9653,-1,-1,0,-1,16366,6926,9440
57,2010,17236,10855,4563,313,21375,-1,0,21119,0,0,0,4877,2841,2036
58,2010,44431,22617,15580,-1,45987,-1,26290,-1,-1,0,0,18015,5811,12203
59,2010,17444,5804,7578,716,17714,-1,-1,-1,0,0,3910,8294,4605,3689
60,2010,132677,87844,41946,4961,53819,20568,14555,15426,-1,0,-1,46906,20455,26451
61,2010,10839,7889,4314,539,25254,12691,12140,-1,0,0,-1,4853,2536,2317
63,2010,46635,35259,19029,716,56003,7604,34714,-1,-1,0,-1,19745,8963,10783
74,2010,79277,43118,33715,6789,278148,161029,-1,-1,43608,0,39461,40504,14510,25995
64,2010,29806,13056,17636,1491,74602,39983,13605,-1,0,0,0,19127,7779,11348
81,2010,29862,6829,20004,10988,38460,-1,-1,20863,-1,0,7048,30992,10062,20930
82,2010,4492,3206,1768,141,9491,-1,-1,2875,-1,0,-1,1909,876,1034
83,2010,18772,-1,15501,-1,17722,-1,0,-1,0,0,0,25814,7961,17853
84,2010,4903,2828,1248,106,9105,-1,-1,5589,-1,0,2890,1354,474,880
85,2010,1695,-1,1487,-1,2142,0,-1,-1,0,0,0,1915,751,1164
65,2010,4942,2526,2076,593,20024,4525,4651,0,7120,0,3729,2670,1007,1662
66,2010,4942,2526,2076,593,20024,4525,4651,0,7120,0,3729,2670,1007,1662
69,2010,3890,940,2140,1068,10093,0,9617,0,-1,0,-1,3208,948,2260
0,2011,8978652,5032302,3519690,1530253,18479097,5854098,5991196,1862571,3165970,0,1926909,5049944,2058710,2991234
1,2011,346303,122990,129903,70150,2126141,835576,688353,270767,159317,0,240895,200054,91099,108954
2,2011,120653,51256,36186,25002,525430,224830,142832,-1,-1,0,108068,61188,25228,35960
3,2011,46788,14890,22627,7933,464417,131613,230113,-1,-1,0,-1,30561,14941,15619
4,2011,36802,6253,12269,7952,321661,186520,96424,-1,-1,0,22258,20221,10896,9325
5,2011,51753,20210,28241,7717,501945,158844,150147,150648,49165,0,-1,35958,18699,17259
6,2011,90306,30381,30581,21545,312688,133768,68837,28847,-1,0,62786,52126,21335,30791
7,2011,116760,22889,71068,11495,91397,-1,17025,-1,-1,0,-1,82563,19232,63332
8,2011,83522,7253,56669,7907,11885,0,0,-1,-1,0,-1,64576,14881,49696
9,2011,33239,15636,14399,3588,79512,-1,17025,-1,-1,0,-1,17987,4351,13636
10,2011,1610911,857963,570595,236944,2357716,907272,542553,291453,166941,0,457285,807538,390011,417527
11,2011,282511,125121,125747,39603,357765,186859,-1,-1,-1,0,71782,165350,83005,82345
12,2011,140595,64581,64918,24098,156945,57887,-1,-1,0,0,-1,89015,40596,48419
13,2011,96669,32985,40338,20769,210201,79017,73010,-1,-1,0,-1,61107,30489,30618
14,2011,114770,42433,57770,24331,358605,177647,93123,-1,-1,0,-1,82101,36795,45306
15,2011,126456,49724,57737,37201,331997,-1,187507,-1,42364,0,-1,94937,51831,43107
16,2011,231438,143189,67374,27426,477793,249192,107775,-1,-1,0,-1,94800,46130,48670
17,2011,314615,196759,72237,20351,218644,-1,22258,-1,-1,0,-1,92588,50748,41840
18,2011,57512,28938,16984,8599,47729,-1,-1,-1,-1,0,17167,25583,12303,13280
19,2011,183341,153885,32487,15371,115329,-1,-1,-1,0,0,-1,47859,17017,30842
20,2011,60890,19987,34030,18628,78930,14909,-1,-1,-1,0,52220,52658,20463,32195
78,2011,2114,363,973,568,3779,595,2420,604,0,0,160,1541,635,906
21,2011,4558236,2682126,1783820,812652,9834154,2774193,3317069,834038,2154563,0,931617,2596472,1043264,1553208
22,2011,354399,294027,81113,13680,452973,147402,107664,-1,107267,0,-1,94794,42518,52276
72,2011,373658,268933,72225,10650,546440,55543,70481,-1,346522,0,-1,82875,36611,46264
24,2011,364865,308564,104714,9189,441609,97469,114162,-1,201511,0,-1,113903,53064,60839
25,2011,424907,160757,156423,18843,596008,140181,151975,-1,160649,0,82423,175267,71242,104024
26,2011,304805,176316,92518,32851,443974,193532,124646,-1,84991,0,-1,125369,57959,67410
15,2011,162014,81603,91111,26597,409874,139444,156795,-1,64835,0,27601,117708,51672,66036
27,2011,124731,81309,34391,9237,679780,265091,252333,-1,108638,0,71003,43628,25840,17788
28,2011,291252,127411,138327,44187,773702,206792,370500,26850,39312,0,148043,182513,85510,97004
29,2011,178025,77379,116573,23855,852126,208255,201308,-1,376157,0,-1,140427,57713,82715
30,2011,310577,148049,191812,36068,566435,265901,199775,-1,127427,0,-1,227880,82740,145140
31,2011,228374,90299,137685,44542,742623,188849,347981,-1,-1,0,167585,182227,71902,110325
32,2011,240804,68318,174281,354821,596434,124038,-1,297610,-1,0,-1,529101,155406,373695
33,2011,147389,89960,55877,18666,804829,315385,259242,-1,140347,0,-1,74543,35888,38655
34,2011,258754,-1,88451,132843,667601,50442,470063,96884,-1,0,-1,221294,83587,137706
77,2011,379396,195008,167447,24316,814008,276447,218535,59075,158013,0,145680,191763,83226,108537
75,2011,235774,219054,39132,3804,201278,46932,40614,64044,47611,0,-1,42936,23326,19610
76,2011,178514,140822,41742,8501,244460,-1,98534,-1,77982,0,-1,50243,25060,25183
35,2011,68009,16527,26639,271607,118840,-1,-1,77712,-1,0,-1,298247,75739,222508
36,2011,3253,1180,1656,297,1885,-1,-1,-1,0,0,370,1952,621,1331
37,2011,14859,3668,6603,3548,64480,-1,-1,41585,0,0,-1,10150,4187,5963
38,2011,49897,-1,18381,267763,52476,-1,-1,35260,-1,0,-1,286144,70931,215213
39,2011,264162,222626,53668,8679,238119,35129,23123,30360,95173,0,62403,62348,29321,33027
40,2011,178298,143672,30861,6955,137291,24990,-1,-1,43893,0,39169,37816,16313,21504
41,2011,58596,55921,12912,853,58021,0,-1,-1,41228,0,17265,13766,7778,5988
42,2011,12603,9792,2028,378,8715,-1,-1,-1,-1,0,0,2407,1227,1180
80,2011,14665,13241,7867,493,34092,8869,5305,8260,6761,0,5970,8359,4003,4356
43,2011,1965682,1087378,858688,114083,3584930,1238342,1375603,294440,521705,0,210046,972771,401313,571457
44,2011,161515,108132,66982,18029,461906,176285,184004,-1,26168,0,69943,85011,27845,57166
45,2011,94133,46194,42846,6958,190143,92149,41904,-1,-1,0,-1,49804,22960,26843
46,2011,52981,29061,26519,3365,138118,94205,42610,-1,-1,0,-1,29884,14189,15695
47,2011,247699,115582,124685,16963,744573,149891,274165,50804,268964,0,-1,141647,47489,94158
48,2011,17124,8324,5491,-1,31861,-1,19195,-1,-1,0,-1,5856,2624,3232
49,2011,232371,144454,95817,8989,261528,150580,64639,-1,-1,0,-1,104806,49523,55283
50,2011,195041,65137,100139,-1,181945,61768,32806,-1,-1,0,-1,111761,40553,71208
51,2011,23139,14292,12257,1028,91681,-1,58782,0,-1,0,-1,13285,5005,8280
52,2011,162421,61895,98558,5274,224004,88945,95565,-1,-1,0,-1,103832,48173,55659
53,2011,314129,192264,101415,19436,437931,111218,271868,57278,0,0,-1,120850,50092,70758
73,2011,89415,56151,33238,2758,195535,-1,103551,-1,63376,0,-1,35996,19128,16868
55,2011,12817,9595,3322,839,35378,-1,14599,-1,7348,0,5381,4162,1965,2196
56,2011,42223,34510,11367,2478,88848,-1,35886,-1,-1,0,13822,13846,6583,7262
57,2011,14061,9259,4579,430,30478,4271,6492,864,11069,0,7753,5009,2537,2472
58,2011,33757,22967,11857,-1,23537,16567,4289,2712,0,0,-1,12475,5406,7068
59,2011,23669,6498,14650,1311,34932,-1,12781,-1,0,0,-1,15961,6825,-1
60,2011,123686,100374,31562,5020,64082,35021,16620,6946,-1,0,-1,36582,14924,21659
61,2011,12378,9423,5541,562,28208,12785,12491,-1,1921,0,-1,6103,2421,3683
63,2011,31786,21721,14734,1565,52029,11549,39373,-1,-1,0,-1,16299,7756,8543
74,2011,54870,22952,34227,5259,189187,140875,-1,-1,-1,0,-1,39486,17266,22220
64,2011,26470,8593,18903,1214,79026,56305,15467,-1,-1,0,-1,20117,8048,12069
81,2011,31710,14286,15229,2436,87028,3823,-1,16581,58771,0,7505,17665,5068,12597
82,2011,4379,3518,843,-1,7643,-1,-1,3962,-1,0,-1,1095,537,558
83,2011,19428,7121,11573,1562,65608,3242,-1,-1,55338,0,-1,13135,3672,9464
84,2011,4041,2908,1354,-1,8007,-1,-1,4605,-1,0,-1,1377,262,1115
85,2011,3861,740,1460,598,5770,3823,0,-1,-1,0,-1,2058,597,1461
65,2011,11985,3852,7703,1727,14982,9695,-1,0,-1,0,-1,9430,2800,6630
66,2011,11985,3852,7703,1727,14982,9695,-1,0,-1,0,-1,9430,2800,6630
69,2011,4894,1665,2376,480,25792,25623,-1,-1,0,0,0,2856,863,1993
0,2012,9052653,5191125,2942523,673572,20748062,6255220,6526943,2620525,3407172,0,1935591,3663778,1608326,2055452
1,2012,538229,171436,138621,68475,2689789,1004281,881114,366337,306609,0,131448,207096,88470,118626
2,2012,193904,54138,50202,26508,388721,74949,134150,98919,-1,0,-1,76711,30574,46137
3,2012,77601,26365,17491,6194,544936,260238,186467,-1,57531,0,-1,23685,8921,14764
4,2012,47676,18476,11075,3766,544631,204777,217756,94867,-1,0,-1,14841,7669,7172
5,2012,110290,43637,23119,12533,849853,232740,286043,116763,161291,0,53017,35652,18910,16742
6,2012,108758,28820,36734,19473,361648,231577,56698,40124,-1,0,-1,56207,22396,33811
7,2012,108153,4938,61654,15137,-1,-1,-1,-1,0,0,-1,76791,17890,58901
8,2012,76080,1957,47870,11761,4190,0,0,4034,0,0,-1,59631,12905,46725
9,2012,32074,2980,13784,3376,-1,-1,-1,-1,0,0,-1,17160,4985,12175
10,2012,2102520,1180111,542233,200533,2771395,994337,702082,324509,245619,0,503600,790449,376514,413935
11,2012,401336,98883,167395,38888,254345,114729,-1,-1,-1,0,80072,206283,103617,102667
12,2012,182640,104806,13331,5308,177489,-1,-1,67187,-1,0,49898,66323,34420,31903
13,2012,98181,40478,30486,21621,183640,43870,77510,30347,-1,0,-1,52107,24255,27852
14,2012,131899,58452,63060,20406,544442,119329,210847,-1,97089,0,116326,83465,36057,47408
15,2012,169875,71082,49812,29391,263676,37945,124432,-1,-1,0,28582,79203,42323,36880
16,2012,284936,205887,64195,37359,614985,337068,-1,-1,-1,0,99701,101554,45810,55745
17,2012,430496,340037,74029,23000,330387,140395,-1,-1,-1,0,30298,97028,43562,53466
18,2012,63535,17663,14361,5200,42519,25474,-1,-1,-1,0,-1,19561,8616,10945
19,2012,290343,226930,35677,9485,289678,91460,82747,-1,-1,0,79237,45162,21264,23899
20,2012,46937,15693,28440,8915,69755,-1,-1,-1,-1,0,-1,37355,15465,21890
78,2012,2340,199,1447,959,-1,0,-1,-1,0,0,0,2406,1124,1282
21,2012,4095276,2579830,1378917,244671,10628648,2895328,3432077,1134286,2270915,0,894678,1623588,716671,906917
22,2012,362456,314253,65607,11587,534918,155538,84539,-1,163523,0,62247,77194,34619,42575
72,2012,327139,264490,57934,12692,466800,103814,109578,55301,188109,0,-1,70627,30151,40476
24,2012,369982,300698,104586,9572,408994,109837,-1,-1,209014,0,48167,114158,55601,58557
25,2012,450130,157601,198079,25817,474715,88974,192316,-1,160421,0,-1,223896,102096,121800
26,2012,345211,214585,100630,26535,562379,128927,217702,-1,141563,0,22960,127166,58727,68438
15,2012,182981,119485,71479,15580,850194,211070,259016,143784,152584,0,82377,87058,44461,42598
27,2012,129717,84245,48940,9961,743201,299875,248357,-1,153325,0,-1,58901,27072,31829
28,2012,224074,109917,96539,27084,971708,359769,313881,-1,120754,0,-1,123623,57189,66434
29,2012,174635,80714,81325,12653,692166,137895,228955,-1,228435,0,76083,93978,42669,51310
30,2012,170124,79009,90238,10213,436331,231465,58054,5340,68771,0,72700,100451,33749,66702
31,2012,209725,90398,110941,18399,593262,-1,363798,-1,-1,0,92227,129339,53798,75541
32,2012,121863,53146,43418,-1,681388,-1,-1,400003,-1,0,160603,58562,16597,41964
33,2012,152612,93490,51180,12304,585483,181510,284993,-1,-1,0,-1,63484,33876,29609
34,2012,109637,40415,57370,3776,741951,190741,434871,-1,70349,0,-1,61145,21938,39207
77,2012,216187,118511,116314,17306,1375438,464202,483393,60972,280729,0,86142,133620,55524,78096
75,2012,290368,270479,32946,5431,237344,51443,37477,85117,33321,0,-1,38377,18656,19721
76,2012,258435,188394,51392,10617,272377,79719,57229,-1,119660,0,-1,62009,29948,32060
35,2012,39268,11662,21975,-1,39542,-1,-1,11951,-1,0,-1,50968,15625,35343
36,2012,5224,1999,3206,734,6829,-1,0,-1,-1,0,-1,3940,1199,2741
37,2012,20605,5153,9898,-1,23193,0,-1,-1,0,0,-1,13236,5620,7616
38,2012,13439,-1,8871,-1,9520,0,-1,9425,0,0,0,-1,-1,-1
39,2012,265838,220931,42153,8370,328984,36778,64159,58911,93137,0,75998,50523,24244,26278
40,2012,177671,135982,27008,6636,220584,-1,52953,29543,60557,0,65628,33644,14855,18788
41,2012,65633,64657,7739,941,84445,20893,-1,24934,26156,0,-1,8680,5976,2704
42,2012,10710,9490,1997,610,7617,0,-1,-1,3985,0,-1,2607,940,1667
80,2012,11825,10801,5409,183,16337,-1,5259,2543,-1,0,2113,5592,2473,3119
43,2012,1843812,1008047,728552,95214,4232448,1305271,1432225,702826,477332,0,314793,823766,354006,469760
44,2012,131579,81079,61668,24261,457751,190779,148465,45777,-1,0,-1,85929,31782,54148
45,2012,130011,58022,70498,8167,237147,131169,92872,-1,-1,0,-1,78666,32504,46162
46,2012,58383,29803,32111,3142,132936,75533,28219,-1,-1,0,0,35253,17289,17964
47,2012,226632,106272,80012,5057,742436,145024,331177,92767,172834,0,-1,85069,37154,47915
48,2012,9884,4764,4977,-1,32814,-1,17122,-1,-1,0,-1,5354,-1,3394
49,2012,172508,96894,63339,7604,411926,136266,149656,-1,73801,0,-1,70944,30322,40622
50,2012,179217,99809,68879,4582,498254,66298,42931,-1,-1,0,80419,73461,28910,44551
51,2012,23919,16576,9094,518,73002,2156,43876,0,26970,0,0,9612,3512,6100
52,2012,167192,64899,95005,5507,244909,86499,108922,-1,37675,0,0,100511,47870,52641
53,2012,329482,184988,99684,20278,530262,139303,192427,103434,-1,0,-1,119961,51316,68645
73,2012,100888,60724,46415,2489,175947,14996,89076,-1,42280,0,-1,48904,23360,25544
55,2012,14205,10804,4210,371,36027,-1,30848,-1,-1,0,0,4582,2089,2492
60,2012,84376,68161,23885,3191,88025,50636,29121,-1,-1,0,-1,27076,12443,14633
61,2012,16944,13807,4269,355,42782,19477,16886,-1,5555,0,-1,4624,2019,2606
63,2012,31010,21709,9717,884,32589,10292,11633,-1,-1,0,-1,10601,4588,6014
74,2012,49922,30404,24301,5507,192776,121049,38708,-1,-1,0,-1,29808,11639,18169
64,2012,21643,10599,12379,886,81266,50280,18104,-1,-1,0,0,13265,5440,7825
86,2012,96019,48732,18108,2038,221599,58420,42182,49373,-1,0,53991,20146,9809,10337
81,2012,47052,9261,21845,11100,17129,-1,-1,-1,7233,0,-1,32946,11891,21054
82,2012,11788,4930,2608,-1,-1,-1,-1,-1,0,0,-1,3896,-1,1512
83,2012,29454,-1,16743,9467,0,0,0,0,0,0,0,26209,8557,17652
84,2012,4697,3778,1425,-1,7841,-1,-1,0,7233,0,0,1502,558,944
85,2012,1113,-1,1069,-1,0,0,0,0,0,0,0,-1,393,-1
65,2012,5495,2004,3003,521,4881,2832,0,0,-1,0,-1,3524,1522,2002
66,2012,5495,2004,3003,521,4881,2832,0,0,-1,0,-1,3524,1522,2002
69,2012,7011,2906,3569,557,18033,9598,2563,-1,4997,0,-1,4126,1491,2635
0,2013,8371123,5293986,2648601,832732,22898179,6966111,7603230,2356326,3736697,0,2235815,3481333,1421480,2059852
1,2013,394465,154132,150392,-1,2751622,969081,896863,618544,169690,0,97445,344673,103568,241105
2,2013,170005,48861,63966,44564,647326,190530,194824,185099,62900,0,-1,108529,42649,65881
3,2013,62347,34671,20505,9073,595479,224684,259988,104765,5823,0,-1,29578,13785,15793
4,2013,40349,20057,13380,4672,457561,206895,136260,62737,-1,0,-1,18052,8099,9953
5,2013,55695,25835,26480,-1,624926,193919,188201,199436,-1,0,27340,-1,20217,-1
6,2013,66069,24708,26061,17468,426331,153052,117590,66505,-1,0,54257,43529,18817,24712
7,2013,123873,9871,100184,34652,-1,-1,0,-1,0,0,-1,134836,30815,104021
8,2013,77928,5094,66463,22949,-1,0,0,-1,0,0,0,89412,19496,69916
9,2013,45945,-1,33722,11703,-1,-1,0,0,0,0,-1,45424,11319,34105
10,2013,1915598,1161345,547084,209422,3955685,1474340,1148062,226628,343273,0,763383,756506,344661,411845
11,2013,440542,241159,146197,40107,725480,294908,142285,-1,-1,0,-1,186304,81369,104935
12,2013,182461,100100,52808,21617,263322,185188,15240,-1,0,0,-1,74426,34306,40120
13,2013,88409,41336,33578,32606,274838,81702,132137,-1,38920,0,-1,66184,32368,33816
14,2013,180798,87827,82478,18280,554500,152408,257316,-1,73175,0,-1,100758,44918,55840
15,2013,129393,68776,49062,26823,305547,53765,148445,-1,-1,0,47101,75885,38986,36899
16,2013,207753,131322,37219,24876,677402,401657,-1,-1,-1,0,94693,62094,25407,36687
17,2013,367533,272112,74928,18882,473396,194580,130029,0,0,0,148787,93809,47990,45819
18,2013,37560,14693,13447,6040,59883,26529,-1,-1,-1,0,-1,19488,7661,11827
19,2013,238911,190014,31806,12042,464235,50318,168084,-1,-1,0,186389,43848,17658,26190
20,2013,39482,13119,23231,7585,152534,30998,56895,-1,34942,0,-1,30816,13176,17640
78,2013,2756,-1,2330,564,4549,2288,2261,0,0,0,0,2894,821,2073
21,2013,3741727,2616882,1093457,223851,11313556,3255524,3848248,863396,2481139,0,865250,1317307,574884,742423
22,2013,346648,295927,65330,8088,600551,110247,153547,81012,233924,0,-1,73418,34927,38492
72,2013,365092,307859,65648,6658,471051,62373,129040,78029,173405,0,-1,72306,32065,40242
24,2013,360266,294908,98170,8638,632942,122881,68194,-1,355427,0,81835,106808,50550,56258
25,2013,411043,186583,151880,22247,562483,152146,171273,-1,150810,0,-1,174127,75957,98170
26,2013,340282,211978,90941,33562,557277,207078,215251,-1,95022,0,-1,124503,47602,76901
15,2013,148696,90988,66580,25003,643070,188650,260414,-1,106678,0,-1,91583,42929,48654
27,2013,96532,68037,32952,11908,1196607,422848,406792,110890,253785,0,-1,44861,23270,21590
28,2013,148944,89190,66693,20440,1022305,355301,302310,-1,212420,0,65890,87133,40373,46760
29,2013,118860,66218,48418,10903,720405,231388,255632,-1,184822,0,-1,59321,21344,37977
30,2013,135533,85267,44796,8379,406718,66625,139365,-1,159926,0,-1,53175,28968,24207
31,2013,165902,78965,76784,11331,802971,269010,401795,-1,-1,0,-1,88115,37496,50620
32,2013,116943,69863,39521,9331,536436,-1,-1,220858,-1,0,213198,48853,17028,31825
33,2013,128815,89079,41208,9673,719000,291278,281979,-1,67021,0,74262,50881,25380,25501
34,2013,98219,31900,50564,4701,546810,-1,436924,-1,-1,0,-1,55264,19346,35918
77,2013,246676,178854,65415,19941,1172774,550747,428831,-1,70556,0,121955,85356,28440,56916
75,2013,322727,307005,47081,7022,402358,103270,54067,83737,135132,0,-1,54103,27988,26115
76,2013,190547,164261,41475,6025,319800,-1,99251,-1,154471,0,-1,47500,21222,26278
35,2013,34710,11092,13042,4229,54521,2106,-1,22725,2708,0,22418,17271,6715,10557
36,2013,2099,862,1265,295,4248,-1,-1,-1,-1,0,-1,1560,508,1051
37,2013,19171,5740,7073,1277,17722,0,0,-1,-1,0,-1,8349,3939,4410
38,2013,13439,-1,4704,-1,32551,-1,-1,20019,-1,0,-1,7362,2267,5095
39,2013,215411,170933,46995,11221,236586,30139,37871,60254,79358,0,28965,58216,27671,30545
40,2013,131688,94534,27095,8246,165790,-1,-1,33143,56945,0,27111,35341,14534,20807
41,2013,59819,56134,14833,-1,49895,-1,0,18812,-1,0,-1,16409,9996,6412
42,2013,14831,12200,1733,1103,13295,-1,-1,6487,5754,0,-1,2836,1154,1682
80,2013,9074,8065,3333,297,7607,1187,1626,-1,2922,0,-1,3631,1986,1644
43,2013,1878433,1145956,663050,140903,4533948,1221853,1654910,550474,652913,0,453798,803952,315974,487978
44,2013,110456,77510,45564,11769,456549,153336,116120,-1,-1,0,-1,57333,19308,38025
45,2013,97309,45208,48393,10544,263133,129575,95420,-1,-1,0,-1,58937,22294,36642
46,2013,40081,22309,17313,3024,144289,76274,61467,-1,-1,0,0,20337,9415,10923
47,2013,230323,130947,62323,6070,881639,139593,328717,-1,268220,0,101546,68394,27166,41228
48,2013,9307,5697,3197,-1,-1,-1,10805,-1,-1,0,-1,3815,937,2878
49,2013,153719,98650,46550,5248,226309,90687,93483,-1,-1,0,-1,51799,22696,29103
50,2013,389070,252168,155218,-1,678748,103139,217948,-1,-1,0,-1,225400,84240,141160
51,2013,26094,18721,8543,-1,112037,-1,47833,-1,30750,0,25399,8781,3504,5277
52,2013,172865,77935,82777,5315,333592,69835,146639,-1,95966,0,-1,88092,37961,50131
53,2013,270638,166791,76556,12831,554850,148338,272762,83008,0,0,-1,89387,32393,56994
73,2013,76798,54968,26794,1268,156781,31201,64235,-1,30564,0,18081,28062,13481,14581
55,2013,12706,10298,2650,679,33183,0,29489,0,3608,0,-1,3329,1452,1877
60,2013,76230,58259,18513,3818,84297,27912,42845,-1,-1,0,-1,22332,9218,13114
61,2013,14984,10987,4427,595,36721,15803,16058,2975,-1,0,-1,5023,1861,3162
63,2013,28210,13451,15140,1077,39517,7419,17984,-1,-1,0,-1,16217,6501,9716
74,2013,47422,29274,21770,4668,212725,127553,45720,-1,-1,0,-1,26438,10276,16162
64,2013,17550,7783,10678,883,69193,62754,-1,0,0,0,0,11561,4815,6746
86,2013,104670,64999,16644,2073,204495,-1,-1,28681,-1,0,104392,18717,8455,10261
81,2013,54736,18894,27980,12867,4421,1242,-1,-1,-1,0,0,40848,14508,26340
82,2013,15620,11786,4048,-1,-1,0,0,-1,0,0,0,5084,3416,1667
83,2013,32572,2561,21591,11568,-1,0,0,-1,0,0,0,33159,10451,22708
84,2013,5736,4362,1666,123,1643,1242,0,0,-1,0,0,1789,480,1309
85,2013,808,-1,676,-1,-1,0,-1,0,0,0,0,817,160,657
65,2013,7260,2344,4350,572,17005,5818,5655,-1,-1,0,4192,4923,1788,3135
66,2013,7260,2344,4350,572,17005,5818,5655,-1,-1,0,4192,4923,1788,3135
69,2013,4910,2537,2067,733,21178,5740,6110,3026,6272,0,-1,2800,897,1902
0,2014,8748948,5807307,2525197,706150,30598305,10009138,9957019,2613921,4599678,0,3418549,3231346,1333136,1898211
1,2014,449286,270924,119525,64430,3573180,1140937,1387372,439120,374169,0,231583,183955,83578,100377
2,2014,203805,124232,45476,26195,964018,330097,345308,112061,-1,0,-1,71670,28538,43132
3,2014,44812,23790,20550,8820,777868,291596,276698,68851,87947,0,-1,29370,14299,15070
4,2014,12921,6271,8714,5357,586773,215968,255233,49533,65270,0,-1,14071,5225,8846
5,2014,108639,86814,25726,7497,601668,116922,305040,119572,57067,0,-1,33222,19054,14169
6,2014,79108,29817,19059,16562,642852,186353,205093,89103,119369,0,-1,35621,16462,19159
7,2014,216038,23401,148710,56275,-1,-1,-1,-1,-1,0,-1,204986,41396,163590
8,2014,110803,10330,84176,27062,-1,-1,-1,-1,0,0,-1,111237,22524,88713
9,2014,105235,-1,64535,29213,-1,0,-1,-1,-1,0,-1,93748,18872,74876
10,2014,2000599,1304045,443469,203223,5709338,1983372,1677219,382860,357934,0,1307953,646692,294547,352145
11,2014,397458,212534,107613,47535,926530,427235,230029,27783,-1,0,163916,155148,63377,91771
12,2014,231675,164980,51876,20984,622737,247306,156072,-1,-1,0,161883,72860,32420,40440
13,2014,81663,48425,33269,24493,388515,137714,163525,-1,-1,0,56690,57762,23669,34093
14,2014,150528,74720,60843,23477,552036,63865,345378,-1,57823,0,-1,84321,41979,42342
15,2014,136829,84280,40510,26650,331723,71951,190823,-1,-1,0,12380,67160,38456,28705
16,2014,285521,189436,52857,19502,1041527,488978,212708,133321,-1,0,145458,72360,32256,40104
17,2014,420132,328400,46578,18986,1048374,390187,207110,-1,-1,0,314369,65564,32534,33030
18,2014,52875,31582,16536,9388,122871,53818,40719,-1,-1,0,20988,25924,11079,14845
19,2014,212048,152523,18482,6599,579234,-1,93696,-1,-1,0,356851,25080,11469,13611
20,2014,30314,16764,14100,5294,95478,9871,37159,-1,-1,0,24948,19394,6950,12444
78,2014,1556,401,805,315,314,-1,0,306,0,0,0,1120,357,762
21,2014,3992237,2873252,1092903,254716,15171460,4934083,4859337,847211,3084288,0,1446541,1347619,569633,777986
22,2014,407662,350649,52843,7696,872759,191036,204815,133572,257189,0,-1,60539,27591,32948
72,2014,375365,305126,49160,10425,864676,200880,215848,-1,297729,0,96961,59586,26524,33061
24,2014,328552,279695,72596,11689,566868,181577,77982,-1,245915,0,59392,84284,38052,46233
25,2014,415624,226482,150638,14853,939410,556277,186865,-1,183715,0,-1,165492,71081,94411
26,2014,424809,309101,100648,22017,1061310,270396,436029,-1,153869,0,166357,122664,55702,66962
15,2014,154447,109756,56045,18466,1466732,424400,520716,-1,206100,0,206965,74511,35120,39391
27,2014,124799,98201,38036,6168,1122304,452619,347128,72844,202194,0,-1,44204,20803,23400
28,2014,250678,158189,117124,80758,1211130,619168,432826,-1,87112,0,-1,197882,79103,118779
29,2014,91861,55837,36000,9484,826368,258554,230694,-1,261654,0,-1,45484,17452,28033
30,2014,137755,66086,51189,5746,488133,162979,165435,40717,104585,0,-1,56935,21532,35403
31,2014,162770,110313,61385,14912,1064274,282844,703069,-1,-1,0,-1,76297,29686,46610
32,2014,156084,81015,61539,8165,523020,119964,-1,153669,-1,0,232567,69704,24815,44889
33,2014,141593,108089,37407,6945,736868,289971,305367,-1,74992,0,50704,44351,21751,22601
34,2014,117450,48051,65046,5572,666400,-1,329536,-1,175089,0,0,70618,27812,42806
77,2014,248673,162581,86428,19917,1952152,757065,539674,-1,417824,0,224794,106344,38556,67789
75,2014,267481,253047,28777,4474,338466,68416,83986,65330,82296,0,38439,33251,17843,15408
76,2014,186632,151034,28041,7430,470591,53797,71858,-1,260477,0,79721,35471,16211,19261
35,2014,42790,12523,15962,-1,49435,-1,-1,-1,-1,0,-1,34088,12376,21712
36,2014,2005,-1,-1,-1,-1,-1,-1,0,0,0,0,-1,-1,-1
37,2014,18561,-1,5484,785,-1,0,0,-1,0,0,0,6269,-1,4048
38,2014,22224,5246,9291,-1,47484,-1,-1,-1,-1,0,-1,-1,-1,-1
39,2014,252105,215036,41423,9927,403921,28853,72074,68847,79390,0,154756,51349,24958,26392
40,2014,161663,129200,28546,8201,293847,-1,69987,-1,53486,0,119540,36747,17626,19121
41,2014,64171,62366,9514,963,87464,0,-1,31624,-1,0,33193,10477,5573,4904
42,2014,20875,18374,2121,340,15874,4076,-1,-1,3224,0,-1,2461,924,1537
80,2014,5397,5096,1242,-1,6737,965,-1,5022,-1,0,0,1665,835,830
43,2014,1728722,1089406,623510,90320,5582651,1872037,1926597,858511,667168,0,258337,713829,288320,425509
44,2014,95245,56739,45516,8076,628167,362924,164529,28027,-1,0,-1,53592,19834,33759
45,2014,62086,35697,33002,8578,255022,171683,59092,-1,-1,0,-1,41579,18997,22582
46,2014,41939,26845,18818,5344,194573,95539,95713,-1,-1,0,0,24162,9913,14249
47,2014,172417,88656,62477,8163,980988,118605,245480,-1,415621,0,122480,70640,26886,43754
48,2014,11453,6726,3200,-1,35435,-1,16561,-1,-1,0,-1,3451,-1,1926
49,2014,185214,144508,48515,3648,257216,128846,77141,27714,-1,0,22025,52164,21367,30797
50,2014,268783,150687,120108,-1,1024596,347089,262584,-1,-1,0,-1,141962,57031,84931
51,2014,15829,12554,4742,560,49261,-1,46793,0,-1,0,-1,5302,2401,2901
52,2014,139282,61678,82315,2909,234308,51465,109758,-1,72409,0,0,85224,37790,47434
53,2014,327136,203744,96377,13093,697495,215958,374776,-1,-1,0,-1,109470,39854,69616
73,2014,83775,61149,26425,2800,214468,41379,107721,-1,-1,0,-1,29225,12672,16554
55,2014,11847,8536,1763,684,41536,-1,32229,0,-1,0,0,2448,1196,1252
60,2014,70781,60247,16194,1626,145170,60132,79734,-1,-1,0,0,17820,7133,10687
61,2014,14422,12510,3178,419,30083,12258,16497,1167,0,0,-1,3597,1830,1767
63,2014,34691,25365,11066,1103,49102,-1,46774,-1,-1,0,0,12168,5915,6253
74,2014,46532,30511,21450,7756,286331,119621,57861,49621,-1,0,-1,29207,11163,18044
64,2014,25562,-1,6822,969,122645,86785,16946,-1,-1,0,-1,7791,3478,4313
86,2014,121730,83774,21541,2485,336255,35779,116408,106497,-1,0,46786,24026,9335,14691
81,2014,55704,12431,35090,8530,27325,1242,-1,-1,-1,0,-1,43621,16297,27324
82,2014,19233,7312,11699,405,20864,0,-1,-1,-1,0,-1,12105,6072,6033
83,2014,28579,460,20588,7850,-1,0,0,0,-1,0,-1,28438,9288,19150
84,2014,5736,4362,1666,123,1643,1242,0,0,-1,0,0,1789,480,1309
85,2014,2156,-1,-1,-1,-1,0,0,-1,0,0,-1,-1,-1,832
65,2014,6967,3857,2790,250,32602,11222,9896,0,7490,0,-1,3040,1165,1876
66,2014,6967,3857,2790,250,32602,11222,9896,0,7490,0,-1,3040,1165,1876
69,2014,4500,2432,1816,351,25367,8941,9833,-1,6256,0,0,2167,866,1301
0,2015,9128646,6179178,2872567,982233,31288453,-1,-1,3098248,4694157,0,3019695,3925952,1519213,2406738
1,2015,395442,178011,130271,81809,3713766,1272859,1264698,663186,292837,0,220186,213803,93031,120772
2,2015,186393,77082,52000,41474,1049484,360010,270438,275186,89650,0,-1,93474,40862,52612
3,2015,57393,24743,23956,5299,852449,322675,360770,58002,68595,0,-1,29254,13705,15550
4,2015,18070,8892,9627,5637,396114,153429,171871,50697,-1,0,0,15722,5343,10379
5,2015,57607,35901,16265,9037,679883,208652,204678,153097,-1,0,-1,26568,12142,14426
6,2015,75980,31392,28424,20362,735837,228094,256940,126205,87064,0,37534,48785,20979,27807
7,2015,458844,36374,348638,336195,51488,-1,-1,24486,0,0,-1,684833,143081,541752
8,2015,138599,9494,105032,129687,37160,0,-1,-1,0,0,-1,234718,53338,181380
9,2015,320245,26880,243607,206509,14328,-1,-1,-1,0,0,-1,450115,89743,360372
10,2015,1988466,1384560,496036,196950,6218157,2439979,1958965,441624,514799,0,862790,705484,312089,393395
11,2015,401066,206720,127073,45465,903425,465674,196005,-1,-1,0,-1,172538,71215,101323
12,2015,238653,150522,44714,30084,529844,200682,105379,48678,-1,0,174306,74798,31737,43061
13,2015,92229,57692,29030,12325,486130,137208,209262,33638,-1,0,65614,41355,20144,21211
14,2015,152592,87939,56374,17821,925682,321993,378319,-1,-1,0,131357,79389,30826,48562
15,2015,123542,73435,40413,26358,573617,129347,264220,-1,41777,0,87407,66770,31174,35597
16,2015,245677,188321,63696,16699,988405,366990,410085,152390,-1,0,-1,80395,39584,40811
17,2015,406212,356134,49569,15992,869281,418286,165569,-1,-1,0,-1,65560,38549,27012
18,2015,46234,24104,20750,11823,240002,116148,58987,0,28333,0,36533,32573,14845,17728
19,2015,242166,219702,42963,15980,504795,219183,-1,-1,-1,0,132781,65850,24831,41019
20,2015,37524,19418,19572,3641,191124,64432,71366,-1,29705,0,-1,23213,7816,15397
78,2015,2571,574,1882,763,5853,-1,3939,0,0,0,1876,3043,1369,1674
21,2015,4290915,3206223,1269161,240097,14997765,4707759,4656088,1142798,3053386,0,1437733,1550443,647796,902647
22,2015,460883,431288,58272,4831,1011135,249494,261177,152258,287943,0,60262,63104,26056,37048
72,2015,360899,326160,95102,4356,790308,166537,201432,136997,266243,0,-1,99458,38888,60569
24,2015,364346,314330,85571,-1,731335,266281,133126,-1,225843,0,93174,121241,44649,76592
25,2015,386991,232103,109163,19452,865202,322927,112669,-1,128092,0,291227,128615,59943,68672
26,2015,405032,315309,99146,25939,1227525,408582,496661,-1,247261,0,-1,125085,56690,68396
15,2015,182502,120258,70984,13090,1494109,466740,526734,145234,241373,0,114028,84074,41605,42470
27,2015,158937,125202,39194,14132,935489,389956,242709,-1,139384,0,94959,53326,25149,28177
28,2015,249256,152420,121567,31841,1660699,672808,494900,97992,272340,0,122659,153408,71194,82214
29,2015,121453,62410,65415,10224,896189,261418,193015,54040,338566,0,49150,79421,29881,49541
30,2015,190067,115625,86364,12151,710474,253700,291166,-1,106872,0,-1,101158,31438,69721
31,2015,200692,130275,83843,10241,812501,209994,473783,-1,-1,0,-1,100764,44203,56561
32,2015,106798,47476,46794,11022,521101,32713,-1,245907,152097,0,50254,61332,21427,39904
33,2015,193610,143175,58468,8876,809842,235255,267903,-1,56836,0,235931,68691,31801,36890
34,2015,179592,122459,70793,5320,724198,177570,369360,47902,108107,0,-1,76114,27884,48229
77,2015,251389,155846,104720,21820,898905,384467,279265,47886,162819,0,-1,149316,54626,94690
75,2015,311902,277757,39041,5144,404073,116984,105785,60718,73391,0,47196,44628,22710,21918
76,2015,166566,134130,34721,5988,504679,92333,166275,-1,175944,0,-1,40708,19652,21056
35,2015,35499,10162,17754,7096,59766,-1,-1,19229,-1,0,14135,32082,10882,21199
36,2015,3017,721,1793,1476,6124,2667,-1,0,-1,0,-1,3988,1213,2776
37,2015,17894,7697,7620,3335,25385,-1,-1,-1,-1,0,-1,14493,5262,9231
38,2015,14588,1744,8341,2284,28256,0,-1,-1,-1,0,-1,13600,4408,9193
39,2015,331581,273550,56528,13297,401638,49034,99630,125634,89768,0,-1,69825,31418,38407
40,2015,230622,175745,38007,12395,274565,-1,82680,74999,50882,0,-1,50402,21526,28877
41,2015,78622,77235,13596,-1,87573,-1,-1,46100,27876,0,-1,14255,7683,6572
42,2015,15535,14075,3391,-1,25155,9026,6741,2204,6792,0,-1,3623,1362,2261
80,2015,6802,6495,1533,-1,14344,5430,1680,2330,4218,0,-1,1545,848,697
43,2015,1561242,1063001,508751,99743,5771517,1952681,2002396,673850,717824,0,424766,616398,260445,355953
44,2015,118738,71768,56840,15914,658793,224400,189745,81114,-1,0,65009,72755,26845,45910
45,2015,104516,71297,46761,26906,504755,182165,192115,-1,-1,0,-1,73667,28644,45023
46,2015,46173,24774,26730,6503,197284,120227,59359,-1,-1,0,-1,33234,15419,17815
47,2015,140004,94586,53128,4954,1043504,266667,295316,-1,301453,0,-1,58082,19335,38747
48,2015,-1,-1,1268,-1,42895,-1,-1,-1,-1,0,0,1545,-1,1186
49,2015,145817,113257,45004,-1,380002,171652,142347,32251,-1,0,-1,53710,27229,26480
50,2015,137854,79571,45266,7703,660623,223419,194144,-1,-1,0,-1,57736,22836,34900
51,2015,20075,12493,7480,1133,119088,-1,76457,-1,-1,0,-1,8613,3166,5447
52,2015,126859,81741,43418,2263,367350,77585,96359,-1,144358,0,46546,45681,22876,22805
53,2015,319321,235392,69620,7773,752497,172641,386489,103050,-1,0,-1,77392,35832,41561
73,2015,79762,63176,24508,3172,230940,51502,105701,-1,43929,0,28110,29895,15615,14279
55,2015,11574,8546,2811,334,85054,32319,34157,-1,9155,0,9267,3145,1816,1329
60,2015,77752,66118,19263,1311,134598,86963,27923,-1,-1,0,-1,20574,8869,11705
61,2015,13178,11311,3675,-1,45497,22012,21046,-1,-1,0,-1,4267,1671,2596
63,2015,24352,19546,7544,259,57202,25700,25235,-1,-1,0,-1,7803,3895,3908
74,2015,46784,22004,21981,8133,210742,151369,-1,-1,0,0,-1,30113,10967,19147
64,2015,19874,13219,9594,1295,85279,65917,-1,-1,0,0,-1,10889,3948,6941
86,2015,120919,68106,23861,2643,195414,63466,77948,34965,-1,0,-1,27298,11124,16174
81,2015,48670,16319,38136,5674,12793,-1,-1,-1,0,0,-1,43810,17148,26662
82,2015,16904,12714,13599,-1,9771,-1,0,-1,0,0,-1,14107,7947,-1
83,2015,25445,612,21493,4737,-1,-1,0,0,0,0,-1,26229,7918,18311
84,2015,3502,2759,1051,-1,-1,0,-1,0,0,0,0,1209,397,812
85,2015,2819,-1,1993,-1,-1,0,0,-1,0,0,0,2265,886,1379
65,2015,10605,6845,3762,634,23844,11665,7942,0,-1,0,-1,4748,1882,2866
66,2015,10605,6845,3762,634,23844,11665,7942,0,-1,0,-1,4748,1882,2866
69,2015,7382,4133,3531,738,37719,20524,6883,-1,8073,0,-1,4525,1440,3085
0,2016,9656287,6569918,2855658,930554,35048631,-1,-1,3665966,5421624,0,3242527,3786213,1576038,2210175
1,2016,405817,143152,173675,103566,4534973,1386984,1745897,797202,346927,0,257964,277241,124434,152807
2,2016,153751,39786,77004,51104,1255685,272027,497247,372452,-1,0,-1,128109,57797,70312
3,2016,58435,27562,18298,8802,927253,396554,357518,50975,73449,0,-1,27100,13434,13666
4,2016,29210,8183,11697,4391,612402,195073,317719,68070,-1,0,-1,16088,7603,8485
5,2016,68372,37465,19217,12870,879921,285593,278990,171277,69791,0,74270,32087,16676,15411
6,2016,96050,30158,47458,26399,859712,237736,294422,134428,138483,0,54643,73857,28924,44933
7,2016,325327,42642,263956,235559,99869,0,0,89894,-1,0,-1,499515,114287,385228
8,2016,162952,24497,122329,84610,68826,0,0,64773,0,0,-1,206939,53386,153553
9,2016,162375,18145,141627,150949,31043,0,0,-1,-1,0,0,292576,60901,231675
10,2016,2138514,1532127,436076,196044,6433547,2354565,2487495,501653,273833,0,816001,632119,305997,326122
11,2016,394630,246920,123288,60042,995564,282789,514925,-1,-1,0,-1,183330,85588,97742
12,2016,235555,173439,36585,27967,582641,318932,164405,-1,-1,0,82731,64552,27217,37335
13,2016,90047,50438,29716,16312,426424,151888,211025,-1,-1,0,-1,46029,21606,24423
14,2016,160253,91040,53969,18106,814535,289413,439778,-1,-1,0,42508,72075,37033,35041
15,2016,160948,96940,43496,17965,658224,186689,392982,-1,-1,0,-1,61461,36677,24783
16,2016,332852,269515,35856,17671,1322432,451052,420896,181443,-1,0,-1,53527,21970,31557
17,2016,427232,360409,50867,15448,660332,345460,-1,-1,-1,0,120974,66315,37573,28742
18,2016,48998,23044,24219,12484,280497,142931,91759,-1,17179,0,25499,36704,16445,20259
19,2016,246700,196694,23044,6390,518149,146354,-1,-1,0,0,244197,29434,14474,14959
20,2016,38057,21450,14011,2912,168424,38419,47472,-1,35412,0,44483,16923,6624,10299
78,2016,3243,2239,1025,746,6326,636,5690,0,0,0,0,1771,789,982
21,2016,4358251,3113692,1230300,206854,14349340,4017966,4524763,1281350,3180922,0,1344339,1437154,641635,795519
22,2016,449804,416965,65517,9516,1056878,288376,260722,168493,294166,0,-1,75033,34047,40986
72,2016,332821,265563,58018,9444,824119,205185,244080,76961,273256,0,-1,67462,30101,37361
24,2016,404404,338316,95629,13072,838989,215203,202453,-1,284291,0,121185,108701,52611,56090
25,2016,488587,215690,149421,8943,799730,145654,253809,-1,320351,0,-1,158364,74148,84217
26,2016,382493,256579,70825,18534,711187,226209,251526,-1,91038,0,132963,89359,40704,48655
15,2016,183103,142602,42557,14371,1184300,237440,385920,151800,295317,0,113823,56929,26140,30789
27,2016,146067,109844,47416,9205,1261584,405110,406870,160860,269280,0,19464,56621,27954,28668
28,2016,220640,121666,97593,24682,1051409,389037,387047,79443,85782,0,110099,122275,56491,65784
29,2016,181831,123982,72278,16306,1058870,255162,295690,-1,376678,0,75816,88584,33396,55188
30,2016,154782,99862,76363,13402,565472,178419,155204,-1,157766,0,-1,89765,35357,54408
31,2016,200755,123073,93494,9181,923868,94097,588597,-1,130976,0,53095,102675,42750,59924
32,2016,77555,41363,37249,-1,345937,-1,-1,121590,-1,0,-1,54320,21280,33040
33,2016,140392,112820,38966,5374,609944,179119,141805,-1,-1,0,211219,44339,20633,23706
34,2016,160082,85109,71233,6309,593763,-1,242483,-1,-1,0,-1,77542,26865,50676
77,2016,301671,180526,141867,20923,1464716,712802,298053,61935,234602,0,-1,162790,76277,86513
75,2016,364460,351310,38281,3678,697297,175467,161186,140387,191976,0,-1,41959,24971,16988
76,2016,168804,128422,33594,6840,361277,50590,213131,0,97556,0,0,40434,17907,22527
35,2016,56603,22756,27686,37672,60765,-1,-1,28397,-1,0,-1,65358,21762,43596
36,2016,2586,773,1334,1188,4479,-1,-1,-1,-1,0,-1,2521,517,2005
37,2016,26137,8409,13333,26419,26805,-1,-1,-1,-1,0,-1,39751,13245,26506
38,2016,27879,-1,13020,10066,-1,0,-1,-1,0,0,-1,23086,8001,15085
39,2016,351812,300708,59749,18896,648015,108711,97565,211309,208282,0,-1,78645,36694,41951
40,2016,234410,188439,42996,16875,459410,74859,-1,153320,156304,0,-1,59871,28480,31391
41,2016,86010,84755,10114,-1,122010,-1,24505,40060,29042,0,-1,10739,4735,6004
42,2016,23752,20249,3451,1329,52886,3845,-1,16544,20297,0,0,4780,1978,2802
80,2016,7640,7265,3188,-1,13709,4450,4063,1385,2639,0,1172,3255,1501,1754
43,2016,1935950,1381596,619620,94054,8752749,3188450,2708811,732767,1387253,0,735468,713674,304238,409436
44,2016,127672,103062,42733,13947,854969,330047,271992,-1,49517,0,139397,56681,20061,36620
45,2016,190218,140102,60284,14836,577733,310326,152216,-1,-1,0,58844,75120,30966,44154
46,2016,60851,39746,23990,6087,331786,127063,130611,-1,36851,0,24733,30078,15309,14769
47,2016,134574,89583,42580,6893,1063280,379203,229514,136269,277917,0,-1,49473,23078,26395
48,2016,12482,9476,4486,-1,44002,5419,30685,-1,-1,0,-1,4622,2459,2163
49,2016,158138,118714,49037,5272,443956,212508,78523,36071,73474,0,-1,54309,26640,27670
50,2016,304769,-1,132752,8351,-1,-1,-1,95891,-1,0,-1,141102,57175,83927
51,2016,22112,17383,5564,-1,91805,-1,44077,-1,-1,0,33447,5876,2015,3861
52,2016,133566,90690,56001,3881,685045,91851,251352,-1,210645,0,118733,59881,25339,34542
53,2016,319784,249996,71004,11829,1090859,403349,403609,149251,60970,0,-1,82832,32021,50812
73,2016,89853,73662,24040,3720,322071,58131,150218,55771,46303,0,11648,27760,13160,14600
55,2016,14995,13387,2564,192,95784,20495,50846,0,8479,0,15964,2756,1312,1444
60,2016,82392,65103,21049,1592,176448,86874,54742,-1,19897,0,-1,22641,9180,13461
61,2016,13705,11790,2669,493,71759,25727,30947,-1,13018,0,-1,3162,1408,1754
63,2016,40941,34318,13136,918,67962,-1,33390,-1,-1,0,-1,14054,6406,7648
74,2016,86748,64272,32098,9614,433465,217471,69963,-1,-1,0,93979,41712,20811,20901
64,2016,26869,17067,14439,3422,125708,102015,-1,0,-1,0,-1,17861,7153,10708
86,2016,116280,83637,21194,2559,309746,66833,145191,73175,-1,0,24210,23752,9744,14008
81,2016,60626,21207,32681,35751,121961,-1,-1,23217,2694,0,51669,68432,22441,45990
82,2016,14735,9573,5751,-1,11072,-1,0,-1,-1,0,-1,5872,3875,1997
83,2016,36546,5831,22689,35123,96191,-1,0,-1,0,0,-1,57812,17356,40456
84,2016,6990,5467,2394,-1,13276,-1,-1,-1,1894,0,7619,2573,588,1985
85,2016,2355,-1,1847,-1,-1,0,0,-1,-1,0,0,2175,622,1553
65,2016,11405,7119,4863,457,25147,9320,8269,-1,7525,0,0,5319,1791,3529
66,2016,11405,7119,4863,457,25147,9320,8269,-1,7525,0,0,5319,1791,3529
69,2016,11983,4920,7052,1704,22266,6996,8094,-1,5312,0,-1,8756,2759,5997
0,2017,-1,7936366,3176731,1478072,38739149,-1,-1,4297028,6159435,0,3465355,4654803,1924023,2730780
1,2017,486227,254415,119489,93890,5481294,1958729,1499212,983340,791172,0,248841,213379,102599,110780
7,2017,201787,37446,109722,81127,112370,0,-1,-1,0,0,-1,190849,49335,141514
10,2017,2400948,1739938,406147,194472,6930546,2181600,2705418,607111,612775,0,823643,600619,267990,332628
21,2017,5095360,3885467,1390438,366601,16467378,5016604,4209692,1870124,3809535,0,1561423,1757039,723121,1033919
35,2017,65814,23702,33313,47179,44986,-1,0,-1,0,0,-1,80492,26187,54304
39,2017,344067,296670,59766,19778,600456,108937,129586,120653,141192,0,100088,79544,32985,46559
43,2017,2504581,1672330,1022409,658082,9002137,3666230,3256623,601396,796407,0,681482,1680491,703801,976690
81,2017,58220,19864,26791,15260,35901,-1,-1,-1,5665,0,9096,42050,14379,27671
65,2017,10697,5320,4503,1037,53727,19472,21042,0,-1,0,-1,5540,2050,3490
69,2017,5552,1214,4154,-1,10353,-1,-1,-1,1801,0,-1,4800,1575,3225
0,2018,-1,7393611,3250603,1017144,31550052,-1,9638403,3364511,5260478,0,3261736,4267746,1645014,2622732
1,2018,580519,259370,161077,89002,4352594,1340602,1247963,857525,582420,0,324084,250079,102983,147095
7,2018,432397,20277,363585,174191,29278,-1,-1,13402,-1,0,0,537776,122940,414836
10,2018,2810752,1901192,629366,214629,7213565,2887745,2207322,564261,843775,0,710462,843995,366272,477723
21,2018,4700797,3406135,1262482,358948,12594800,3377383,3921871,1022095,3038720,0,1234731,1621429,661748,959681
35,2018,65814,23702,33313,47179,44986,-1,0,-1,0,0,-1,80492,26187,54304
39,2018,322500,309803,44360,8479,490001,67688,72086,136534,135453,0,-1,52839,19977,32861
43,2018,2151063,1453060,722980,115898,6804928,2342930,2182722,735183,643094,0,900999,838878,331703,507175
81,2018,39518,11049,26816,8186,10584,-1,2032,-1,3406,0,2723,35002,10511,24491
65,2018,7401,4095,3119,-1,-1,-1,-1,-1,-1,0,0,3268,1356,1912
69,2018,7236,4927,3506,483,4866,-1,-1,0,3753,0,-1,3989,1335,2654
0,2019,7640369,4780950,2252269,857041,20859354,8634752,6362902,3120851,3443527,0,3300738,3109310,1341343,1767968
1,2019,228723,92590,65036,46043,2367229,1063662,560268,585128,382478,0,516194,111079,56736,54343
2,2019,96546,28007,26045,16709,891966,391225,119505,264542,-1,0,224948,42754,22792,19962
3,2019,33724,18870,8322,2999,465624,200115,101027,-1,102894,0,111586,11320,7999,3321
4,2019,11818,3913,7235,-1,252225,143038,122172,41148,38230,0,43020,13106,4353,8753
5,2019,11146,4790,4796,4123,137362,90583,33091,31388,21683,0,24755,8918,4612,4306
6,2019,55754,22899,15443,9365,394329,114074,103801,148006,-1,0,-1,24808,11078,13730
87,2019,19736,14111,3196,6976,225722,124626,80672,61923,-1,0,71881,10173,5901,4271
7,2019,340041,-1,223692,83590,19080,-1,-1,-1,-1,0,-1,307282,103775,203507
8,2019,154594,-1,99275,38647,-1,0,0,0,0,0,-1,137922,38727,99195
88,2019,-1,-1,9132,-1,-1,-1,0,-1,-1,0,0,11811,5356,6454
9,2019,116734,0,81805,23403,-1,0,-1,-1,0,0,0,105209,38198,67010
89,2019,9822,-1,7513,2039,-1,0,0,0,-1,0,-1,9552,2675,6877
90,2019,41615,-1,25967,16822,-1,0,0,-1,0,0,-1,42789,18819,23971
10,2019,1588383,1063119,306186,177342,4931523,2353475,1573393,423705,427572,0,937939,483529,246479,237049
11,2019,77987,33882,23304,14832,185015,94552,83167,18454,-1,0,22721,38136,21638,16498
12,2019,183904,132413,17366,17471,390663,239637,-1,11315,-1,0,135841,34837,17598,17239
13,2019,86329,54819,15635,15070,264800,194788,64148,20707,68626,0,-1,30705,17603,13102
14,2019,108436,74624,21488,13453,516595,198895,262005,24358,187925,0,-1,34941,20196,14744
15,2019,123915,87993,21911,12315,665519,277293,254197,26806,-1,0,106574,34226,19754,14472
16,2019,179556,145760,29584,20473,797405,370611,190227,113041,-1,0,213879,50057,32126,17931
17,2019,248485,199347,42656,14798,921353,381924,329141,-1,-1,0,194958,57454,30170,27284
18,2019,38973,25898,6826,11655,120155,90358,43624,-1,0,0,5638,18481,7830,10651
19,2019,249880,145441,-1,19391,407631,175655,107152,87799,-1,0,-1,83032,37724,45307
20,2019,15028,3646,8977,-1,-1,-1,-1,-1,-1,0,-1,11675,5622,6053
91,2019,245084,144288,45030,31441,553273,301031,168336,-1,-1,0,-1,76472,30511,45961
111,2019,30807,15009,9770,3744,79649,-1,-1,2031,-1,0,48837,13514,5706,7808
21,2019,3465849,2474655,828294,346669,8157123,2818959,2462026,1162109,1903840,0,1197811,1174964,528458,646505
22,2019,376738,328198,49980,8625,595309,221413,92218,140141,238988,0,-1,58605,27523,31082
72,2019,350550,264124,57117,4852,315409,92768,62993,86616,90934,0,-1,61969,30267,31702
93,2019,230651,169553,69684,6700,350967,116655,27178,-1,175043,0,55104,76384,38040,38344
25,2019,340549,183503,72546,22369,816569,298507,245636,-1,193416,0,106480,94915,41407,53508
26,2019,285641,184373,47606,26371,659508,296003,278619,-1,120386,0,-1,73977,36811,37165
15,2019,134522,77859,39680,16415,441558,118542,260494,-1,41320,0,77055,56096,26099,29996
94,2019,54744,39721,17194,9071,409616,176399,149324,-1,95566,0,114927,26265,13725,12541
28,2019,182229,117503,67947,43508,533097,178219,159100,-1,198334,0,-1,111455,52964,58492
29,2019,74545,42398,35085,8329,441308,181339,161295,81010,69729,0,60822,43413,16412,27002
30,2019,107977,68461,40167,19438,278969,83292,-1,-1,54570,0,99561,59605,24162,35443
31,2019,144457,60192,64888,27074,476642,186187,209302,-1,-1,0,-1,91963,39049,52914
32,2019,67205,40582,24338,-1,202335,-1,-1,179259,-1,0,-1,41264,15526,25738
33,2019,102285,75602,32895,23773,415077,203229,153594,-1,110725,0,78758,56668,29656,27012
34,2019,111972,-1,-1,-1,451057,-1,-1,-1,-1,0,-1,-1,-1,28004
95,2019,32711,17471,-1,-1,60123,-1,-1,-1,-1,0,-1,6148,-1,4515
71,2019,84523,45741,27789,17246,368832,80013,229599,-1,-1,0,-1,45035,20468,24568
96,2019,131533,98446,45521,-1,584332,182797,150377,42131,-1,0,123317,115671,45913,69758
97,2019,401320,385595,44638,8731,379682,-1,-1,189072,-1,0,-1,53369,25242,28128
76,2019,181208,148378,40384,7427,232105,-1,-1,-1,73887,0,-1,47811,25695,22117
98,2019,70491,47876,11967,3628,144630,45641,-1,10650,47162,0,-1,15594,7117,8478
35,2019,489602,125093,271113,57342,78360,-1,0,-1,22625,0,-1,328456,100275,228180
99,2019,6860,0,-1,-1,0,0,0,0,0,0,0,-1,-1,-1
100,2019,13531,-1,2906,-1,0,0,0,0,0,0,0,3763,620,3142
101,2019,0,1574,0,-1,0,0,0,0,0,0,0,-1,-1,0
102,2019,13469,0,3427,596,2473,0,0,2473,0,0,2473,4023,1599,2424
103,2019,1564,222,0,0,4278,0,0,0,0,0,0,0,0,0
104,2019,14830,0,3973,27630,521,0,0,0,444,0,669,31603,10120,21483
105,2019,0,30326,0,256,0,0,0,0,0,0,0,256,128,128
106,2019,157691,79083,104192,-1,-1,0,0,-1,-1,0,-1,113067,37919,75148
38,2019,254068,254,136627,8862,-1,-1,0,-1,0,0,-1,145489,41069,104420
107,2019,456,13354,152,101,0,0,0,0,0,0,0,254,152,101
108,2019,27132,125093,14108,6731,-1,-1,0,-1,-1,0,-1,20839,5852,14987
39,2019,220872,194479,44083,20955,382938,112615,-1,209750,102035,0,24934,65038,30536,34502
40,2019,40710,38025,6712,1390,55106,-1,-1,37311,-1,0,-1,8102,3534,4568
41,2019,146485,128515,22926,14001,285973,91413,-1,158200,97238,0,-1,36926,18653,18273
42,2019,28807,23343,12953,-1,34613,-1,-1,-1,0,0,-1,18448,7624,10824
80,2019,4871,4596,1492,-1,7246,572,-1,4641,1835,0,-1,1563,726,837
43,2019,1258695,814582,480459,116365,4899570,2278362,1705690,717359,592694,0,571324,596824,258211,338613
44,2019,51312,41932,17879,13331,469876,223734,250722,48392,-1,0,48180,31209,10510,20700
45,2019,74977,54365,28543,15049,355145,199473,117879,33850,-1,0,27837,43592,20710,22882
46,2019,36531,22869,16411,5977,191029,117556,42525,-1,-1,0,41123,22388,11243,11146
47,2019,58562,28544,26532,-1,876156,188980,299496,74094,273061,0,-1,30036,16611,13424
48,2019,6797,3798,3655,-1,38054,12556,-1,-1,-1,0,-1,4457,-1,-1
49,2019,72108,48893,39129,9020,366444,202771,49911,41339,-1,0,-1,48149,20706,27443
50,2019,219642,70967,-1,6823,271676,217770,73800,-1,-1,0,-1,-1,38953,-1
51,2019,15138,9842,5245,946,52965,7153,34330,-1,-1,0,-1,6192,2411,3780
52,2019,128145,64285,57338,-1,389228,219539,120973,4653,-1,0,-1,85156,38008,47149
53,2019,327894,-1,97867,15791,916824,402347,422746,-1,-1,0,136341,113658,46101,67557
73,2019,48074,31441,25013,1391,169937,96944,46936,-1,-1,0,-1,26405,11614,14791
55,2019,5796,4504,2621,350,47287,12588,36704,-1,2127,0,-1,2971,2209,762
86,2019,60225,38820,20710,1866,204737,36360,85663,-1,-1,0,-1,22576,9031,13545
64,2019,19921,13654,9938,4158,104680,95117,-1,-1,-1,0,19784,14097,5425,8672
60,2019,65718,54335,18586,1890,134809,49422,49340,10278,-1,0,-1,20476,9457,11019
61,2019,13352,11344,3006,466,32702,11387,20722,-1,-1,0,-1,3472,1981,1491
63,2019,22853,18003,7065,-1,54667,12656,-1,-1,23796,0,-1,9123,4646,4477
109,2019,31650,16687,11205,5124,223353,172006,-1,2043,0,0,32160,16329,7535,8794
81,2019,36932,-1,28264,6920,-1,-1,-1,-1,0,0,-1,35184,14304,20880
82,2019,-1,-1,-1,-1,-1,-1,-1,-1,0,0,-1,-1,-1,-1
83,2019,33341,-1,26594,-1,-1,0,0,0,0,0,-1,32687,13127,19560
84,2019,1205,941,-1,-1,710,-1,-1,0,0,0,-1,422,-1,262
85,2019,1833,0,1304,460,0,0,0,0,0,0,0,1765,794,970
65,2019,6178,2504,2796,728,9653,-1,-1,-1,-1,0,2689,3524,1339,2185
65,2019,6178,2504,2796,728,9653,-1,-1,-1,-1,0,2689,3524,1339,2185
69,2019,5094,2630,2344,1086,7978,-1,-1,-1,-1,0,-1,3430,1228,2202
69,2019,5094,2630,2344,1086,7978,-1,-1,-1,-1,0,-1,3430,1228,2202
0,2020,8612555,5689214,2417485,1015766,23289865,9347969,8119788,3448277,5004499,0,0,3433251,1534467,1898783
1,2020,228723,92590,65036,46043,2367229,1063662,560268,585128,382478,0,0,111079,56736,54343
2,2020,96546,28007,26045,16709,891966,391225,119505,264542,-1,0,0,42754,22792,19962
3,2020,33724,18870,8322,2999,465624,200115,101027,-1,102894,0,0,11320,7999,3321
4,2020,11818,3913,7235,-1,252225,143038,122172,41148,38230,0,0,13106,4353,8753
5,2020,11146,4790,4796,4123,137362,90583,33091,31388,21683,0,0,8918,4612,4306
6,2020,55754,22899,15443,9365,394329,114074,103801,148006,-1,0,0,24808,11078,13730
110,2020,19736,14111,3196,6976,225722,124626,80672,61923,-1,0,0,10173,5901,4271
7,2020,394864,27511,257126,161702,-1,-1,-1,0,0,0,0,418828,152945,265883
8,2020,139114,-1,107288,64010,-1,-1,-1,0,0,0,0,171298,55590,115708
88,2020,11801,-1,9549,4806,0,0,0,0,0,0,0,14355,4637,9718
9,2020,152835,-1,77948,37784,0,0,0,0,0,0,0,115732,54102,61630
89,2020,37820,-1,31748,32287,0,0,0,0,0,0,0,64035,19428,44607
90,2020,53293,0,30593,22815,0,0,0,0,0,0,0,53408,19188,34219
10,2020,1668888,1219307,346427,189351,5602262,2192261,2215793,677476,651314,0,0,535778,253900,281878
11,2020,44892,14709,14764,21371,147443,79394,-1,-1,-1,0,0,36135,16678,19457
12,2020,228748,150498,38184,21947,545234,161585,128098,-1,74174,0,0,60131,28595,31536
13,2020,94114,58158,29745,17006,403314,191868,185438,83057,96659,0,0,46752,21547,25204
14,2020,138688,87069,36997,24537,714751,173272,434051,59282,128022,0,0,61535,30444,31091
15,2020,107564,80382,28408,20684,722397,270011,427916,65151,-1,0,0,49092,29273,19819
16,2020,275030,234588,38224,17538,940757,397493,250871,-1,133569,0,0,55762,27443,28319
17,2020,303138,257032,59167,18532,739332,320561,268698,-1,-1,0,0,77699,37013,40686
18,2020,25559,20647,6592,9967,144381,98253,54026,14281,-1,0,0,16559,6775,9783
19,2020,193410,165542,23755,8084,492477,142237,136482,-1,-1,0,0,31838,13525,18313
20,2020,26559,-1,11968,3167,70912,-1,-1,-1,-1,0,0,15135,6513,8622
91,2020,192127,126621,41785,22021,642917,316003,223556,42136,-1,0,0,63806,26714,37092
111,2020,39057,12013,16837,4497,38348,14331,-1,-1,-1,0,0,21334,9379,11955
21,2020,3750294,2919338,829195,251511,9549111,3213414,3208985,1329685,3296922,0,0,1080706,517762,562944
22,2020,464173,441729,67957,-1,573604,-1,-1,398592,276586,0,0,70997,36901,34096
112,2020,355293,272261,47482,7769,244047,115954,68725,-1,64877,0,0,55251,29647,25604
93,2020,256762,222530,68132,8756,370429,121272,90068,14457,246103,0,0,76888,36027,40861
25,2020,493491,342090,139238,19004,767520,301965,90784,45800,289315,0,0,158242,76781,81461
26,2020,317857,209301,66341,22667,776067,126533,207142,-1,255743,0,0,89008,36716,52292
15,2020,133515,108486,39770,11955,648846,206081,317265,76239,62515,0,0,51725,26452,25274
27,2020,59958,52629,19647,3524,584381,238320,189817,-1,240766,0,0,23171,11460,11710
28,2020,139637,111080,20543,35577,585552,111207,291103,-1,186012,0,0,56121,32200,23921
29,2020,93983,66971,18987,-1,578261,209347,212394,71276,141445,0,0,21994,6497,15497
30,2020,149100,107980,62114,7491,412942,220965,-1,-1,117910,0,0,69605,25304,44301
31,2020,93440,47109,33823,10767,345498,118938,183151,33523,-1,0,0,44591,22707,21884
32,2020,60593,48049,13443,-1,220919,-1,-1,182392,82756,0,0,34159,13091,21068
33,2020,54646,35587,16509,7136,450197,199423,244839,-1,160261,0,0,23644,12969,10675
34,2020,113901,56251,49640,14570,580827,65511,-1,-1,196925,0,0,64210,33932,30278
95,2020,61621,47187,18781,4842,48484,21686,-1,-1,-1,0,0,23623,10816,12807
71,2020,95266,76880,27568,16606,476393,214209,235776,-1,128369,0,0,44174,18854,25320
77,2020,122236,91282,29527,26190,830502,327226,277776,67185,-1,0,0,55717,26815,28902
97,2020,415397,409734,37714,-1,396360,133343,-1,-1,169619,0,0,44297,-1,19545
76,2020,157501,91951,25487,10822,291788,-1,22218,-1,234105,0,0,36308,19977,16331
98,2020,77155,63861,15950,3678,222087,67362,51970,-1,113085,0,0,19628,9380,10248
113,2020,34768,16390,10543,6811,144407,74220,-1,-1,-1,0,0,17354,6485,10869
35,2020,810980,142727,366942,238769,115301,8232,-1,42603,-1,0,0,605710,255440,350270
99,2020,-1,-1,-1,-1,-1,-1,0,-1,0,0,0,-1,1041,-1
100,2020,28991,-1,2601,3717,24609,0,0,21174,-1,0,0,6318,2257,4062
101,2020,-1,-1,-1,-1,-1,-1,0,-1,0,0,0,-1,-1,-1
102,2020,22264,0,15125,8833,0,0,0,0,0,0,0,23958,7265,16693
103,2020,21106,-1,7872,-1,-1,0,0,0,0,0,0,8020,2750,5270
104,2020,136813,-1,75391,71245,-1,0,-1,0,-1,0,0,146636,62193,84443
105,2020,61259,-1,6083,-1,-1,-1,-1,0,-1,0,0,15226,-1,8355
106,2020,224292,17152,124594,31025,-1,0,0,-1,0,0,0,155618,66779,88839
38,2020,219169,81422,91744,-1,-1,0,-1,-1,-1,0,0,158250,62906,95344
107,2020,59519,3372,29921,44010,-1,-1,-1,0,0,0,0,73931,36948,36984
108,2020,23285,11493,9495,3512,-1,-1,-1,2088,-1,0,0,13007,5659,7348
39,2020,271771,241865,35537,12429,267312,-1,156989,102561,-1,0,0,47966,20824,27141
41,2020,41451,39714,8105,-1,51474,-1,-1,26456,-1,0,0,8782,3446,5335
40,2020,204002,184419,19591,10517,195920,-1,151807,-1,-1,0,0,30108,13059,17048
42,2020,21804,-1,6718,-1,12123,-1,-1,-1,-1,0,0,7570,3443,-1
80,2020,4514,4020,1122,-1,7795,1697,-1,4953,972,0,0,1506,875,631
43,2020,1311082,945878,452270,100092,4511737,2540526,1697748,474063,407463,0,0,552362,244407,307955
44,2020,118181,103362,46056,12490,623706,305476,228130,-1,105876,0,0,58546,27033,31513
45,2020,123898,76012,42406,11775,416062,309262,93660,-1,-1,0,0,54180,25601,28579
46,2020,36130,23923,15543,6158,244978,134038,58123,-1,-1,0,0,21701,10315,11386
48,2020,-1,-1,2776,-1,67853,28072,32775,-1,-1,0,0,3165,-1,-1
49,2020,139218,117040,26190,9866,433154,218832,84290,31648,-1,0,0,36056,15765,20290
50,2020,174021,65908,67240,12241,234637,171117,80893,98172,49300,0,0,79481,31571,47910
51,2020,15628,9705,-1,-1,63232,-1,-1,-1,0,0,0,-1,-1,4926
52,2020,127571,78768,51653,10768,427634,234016,238683,11312,-1,0,0,62421,29017,33404
53,2020,245901,208075,92346,12958,739854,451203,437228,149589,-1,0,0,105305,45207,60097
73,2020,62750,54076,25317,-1,268503,107034,99417,-1,33766,0,0,28025,12302,15722
55,2020,-1,-1,-1,291,57106,-1,-1,-1,4923,0,0,-1,-1,-1
86,2020,51472,36852,16655,-1,232820,97305,124523,59589,-1,0,0,18997,-1,9455
64,2020,26802,18945,11366,2005,146508,124983,14597,18681,26612,0,0,13371,4672,8698
60,2020,67340,55237,16284,1105,160961,92582,34026,11437,-1,0,0,17389,8989,8401
61,2020,16951,14666,4081,413,33041,19353,23100,-1,-1,0,0,4494,1827,2668
63,2020,24691,19175,8399,933,75885,42009,35112,1871,-1,0,0,9332,5375,3957
109,2020,39230,26095,13626,12144,285800,149794,56182,-1,-1,0,0,25770,8926,16844
47,2020,133231,78594,43862,-1,826084,271209,256127,231500,205815,0,0,49134,21410,27725
81,2020,27265,14681,13918,-1,22546,3093,-1,-1,-1,0,0,21860,7264,14596
82,2020,985,706,-1,-1,-1,-1,0,-1,0,0,0,-1,-1,-1
83,2020,21467,12213,11334,-1,-1,-1,-1,-1,0,0,0,18438,6179,12259
84,2020,2897,1337,1256,-1,4058,-1,-1,0,-1,0,0,1448,345,1102
85,2020,1916,-1,1155,269,-1,0,0,0,0,0,0,1424,522,901
65,2020,9285,4483,3283,1229,18057,6751,2557,-1,-1,0,0,4512,2282,2230
69,2020,6172,2240,3888,1427,-1,-1,0,-1,-1,0,0,5315,1497,3818
0,2009,8454729,4311038,3659167,870811,14796122,4709580,4893469,1506774,2244017,208733,1233549,4529978,1941127,2588851
